text,true_emotion,pred_emotion,confidence,correct,error_type
"I’m really sorry about your situation :( Although I love the names Sapphira, Cirilla, and Scarlett!",sadness,sadness,0.846429169178009,True,correct
It's wonderful because it's awful. At not with.,joy,joy,0.911437451839447,True,correct
"Kings fan here, good luck to you guys! Will be an interesting game to watch!",joy,joy,0.9841004610061646,True,correct
"I didn't know that, thank you for teaching me something today!",joy,joy,0.9842256307601929,True,correct
They got bored from haunting earth for thousands of years and ultimately moved on to the afterlife.,neutral,neutral,0.3799980878829956,True,correct
Thank you for asking questions and recognizing that there may be things that you don’t know or understand about police tactics. Seriously. Thank you.,joy,joy,0.9785600304603577,True,correct
You’re welcome,joy,joy,0.9766194224357605,True,correct
100%! Congrats on your job too!,joy,joy,0.9893688559532166,True,correct
I’m sorry to hear that friend :(. It’s for the best most likely if she didn’t accept you for who you are,sadness,sadness,0.9779387712478638,True,correct
"Girlfriend weak as well, that jump was pathetic.",sadness,sadness,0.9265651702880859,True,correct
[NAME] has towed the line of the Dark Side. He wouldn't cross it by doing something like this.,anger,neutral,0.8411093354225159,False,anger → neutral
Lol! But I love your last name though. XD,joy,joy,0.9602143168449402,True,correct
Translation }}} I wish I could afford it.,joy,joy,0.9325058460235596,True,correct
"It's great that you're a recovering addict, that's cool. Have you ever tried DMT?",joy,joy,0.4978371560573578,True,correct
I've also heard that intriguing but also kinda scary,fear,fear,0.9859593510627747,True,correct
I never wanted to punch osap harder after seeing that However not too hardly I cant afford them taking everything away,anger,sadness,0.43925055861473083,False,anger → sadness
The thought of shooting anything at asylum seekers is appalling.,fear,anger,0.9031157493591309,False,fear → anger
"if the pain doesn't go away after 4 hours or so, it's broke.",sadness,sadness,0.6378640532493591,True,correct
Triggered:: Welp guess it's time for me to re-up lol,joy,joy,0.9310219883918762,True,correct
I'm autistic and I'd appreciate if you remove that comment. Thanks.,joy,joy,0.9864184260368347,True,correct
"I know you're joking, but there are people here either stupid or desperate enough to believe and perpetuate such idiocy.",joy,joy,0.49616575241088867,True,correct
May regret asking but foid ?,sadness,sadness,0.7336525917053223,True,correct
"After he left the bus, the two harpies sat next to each other and discussed why they were unable to find a decent man.",neutral,neutral,0.7891322374343872,True,correct
"Well, there's cubs and otters too.",neutral,neutral,0.9338683485984802,True,correct
"Watch Vegan Gains’ video on that, he had it when he was like 13, highly doubt he was juicing then",fear,fear,0.6876323223114014,True,correct
"Again, overall, not just for me.",neutral,neutral,0.8059510588645935,True,correct
This guy is a little turd but I love him so dearly. I'll pass on your kisses :),joy,love,0.9904133677482605,False,joy → love
"Possibly, but not if it actually succedes",neutral,fear,0.7632319927215576,False,neutral → fear
Same here but it seems like that will make it more rewarding to actually build a base with gardens and stuff.,neutral,joy,0.889596164226532,False,neutral → joy
What's your source for that? Just curious (and yes I know it sounds like a tired contrarian statement).,surprise,surprise,0.9796085953712463,True,correct
NJ has zero of their own picks from the 2010 draft still in the org,neutral,neutral,0.9261456727981567,True,correct
What's that like? Like what's the thought process? I dunno. I know what's a weird question..i just can't imagine,neutral,surprise,0.4915868937969208,False,neutral → surprise
Imagine having to pretend you didn't edit your link. The inferiority is dripping off you.,neutral,neutral,0.38350388407707214,True,correct
I'm going to hold out hope for something minor even though it looked really bad. Just going to wait for the official news.,joy,joy,0.6011823415756226,True,correct
"i mean, yeah tbh.",joy,joy,0.6503396034240723,True,correct
"""We need more content."" ""OK. here's some ballerina shoes.""",neutral,neutral,0.6731569170951843,True,correct
"I totally thought the same thing! I was like, oh honey nooooo!",neutral,joy,0.7621493339538574,False,neutral → joy
Hey that's a thought! Maybe we need [NAME] to be the celebrity vaccine endorsement!,neutral,joy,0.6854747533798218,False,neutral → joy
I like to bring up the fact that all of these pyramid schemes have corporate offices that have the exact same structure they are railing against.,neutral,neutral,0.5259364247322083,True,correct
in what universe? lol the mr. blue sky cover is one of the best on the album imo.,joy,joy,0.8473454117774963,True,correct
You didn't watch it to the end.,anger,neutral,0.850482702255249,False,anger → neutral
please dont bring a woman in as a sex toy for you both. hire a sex worker instead,joy,anger,0.7062303423881531,False,joy → anger
I think the fan base is mostly past that at this point. Almost everyone has MASSIVE problems with some of the decisions Nintendo makes.,neutral,anger,0.4337163269519806,False,neutral → anger
so wont back up your words? thats how i thought this would go.justifies *everything* I HAVE SAID.,neutral,surprise,0.40197229385375977,False,neutral → surprise
A surprise turn of events! I'm so glad you heard such great things about yourself!,joy,joy,0.7099241018295288,True,correct
"Despite having lived here for 10 years, i've never been to portillos, and given this, it's somewhat unlikely i start going now...",neutral,sadness,0.6633901596069336,False,neutral → sadness
You sure? They seem so much brighter on screen lol,joy,joy,0.972413182258606,True,correct
This is honestly the cherry on top of the cake with this story. That's absolutely hilarious!,joy,joy,0.9859467148780823,True,correct
You take that back right now! [NAME] does not deserve this.,neutral,anger,0.8883863687515259,False,neutral → anger
OP is just a kid. Let's just move on.,joy,neutral,0.5901150703430176,False,joy → neutral
"They started seeling alcohol a while ago, when she called her mafia friend to get help for the speakeasy.",neutral,neutral,0.8661724925041199,True,correct
Get back on your meds mate..You aren't funny at all...,anger,anger,0.9112037420272827,True,correct
"""But Aunt [NAME], I don't *want* to send Grandma back to Italy!""",anger,anger,0.618259608745575,True,correct
Even the royals aren't immune to it.,neutral,neutral,0.7763777375221252,True,correct
"I thought it said “now my biggest fear is the thing living inside my casket” like, *weet doo feek?!*",fear,fear,0.9886000752449036,True,correct
It's real and it plays SO OFTEN I CAN'T STAND IT!!,neutral,anger,0.35653984546661377,False,neutral → anger
Yea... I'll have to pass on the carpool with a username like that,joy,neutral,0.6760227680206299,False,joy → neutral
HUGE difference e b/t “seniors housing” and “nursing home.” HUGE DIFFERENCE.,neutral,neutral,0.5945596694946289,True,correct
I'm sorry that's what you read because it isn't what I said.,sadness,sadness,0.9886894822120667,True,correct
Thank you for articulating this for me. It's just like that.,joy,joy,0.9906744360923767,True,correct
"I didn't know this was a ""reveal"" he'd been talking about for awhile.",neutral,surprise,0.2981887459754944,False,neutral → surprise
Loving everyone so far. This is going to be a great season.,love,joy,0.7442716360092163,False,love → joy
If you have any other links handy I'd love to see them.,love,love,0.9010030031204224,True,correct
And some of us wish to die first so we don't have to deal with the loneliness.,neutral,neutral,0.35464996099472046,True,correct
Thanks will check them out!,joy,joy,0.9886711835861206,True,correct
I’m so sorry 🤪,sadness,sadness,0.9870941042900085,True,correct
"Help, help, I'm being repressed!",fear,sadness,0.9106208086013794,False,fear → sadness
I know people around here may mock me from my optimism but what if we get actual desings for the crusaders in Heroes?,fear,surprise,0.7998051643371582,False,fear → surprise
Crap. I need more Excedrin. STAT.,sadness,anger,0.8450760245323181,False,sadness → anger
Borrowed time is stupid,anger,anger,0.9481645226478577,True,correct
My only issue with private schooling is it discourages those with children in private schools from wanting money to go towards public education.,anger,anger,0.9585709571838379,True,correct
Boomers ruined the world,neutral,sadness,0.7753614783287048,False,neutral → sadness
It’s Woosh with 4 o’s r/woooosh (The most popular one),neutral,neutral,0.4649464190006256,True,correct
Lol looks delicious,joy,joy,0.9853116273880005,True,correct
"You gotta work on you dude!! If you're not confident you're not ready, get yourself straight And all will fall into place.",joy,joy,0.7817105650901794,True,correct
Man I hate double standards. I love the show but change the word ‘white’ to ‘black’ and it’s suddenly not funny anymore,anger,anger,0.7908112406730652,True,correct
Some great advice right here!!!!!! I forgot about this,joy,joy,0.9868943691253662,True,correct
death of fear is certain.,fear,fear,0.9808980822563171,True,correct
"I agree. His parents were very supportive then. When they did a cast change, they decided to make his parents jerks!",joy,joy,0.9487707614898682,True,correct
Eff your video - love Canada 🇨🇦 Stupid geolock,anger,anger,0.8127145767211914,True,correct
New Haven has tons of locations that have strong cyber punk-y vibes at night!,joy,neutral,0.552308976650238,False,joy → neutral
"If he was stuttering the words ""I sell to others and we need to do your time on.",joy,neutral,0.6854906678199768,False,joy → neutral
Thanks for the good news!,joy,joy,0.9921398758888245,True,correct
What you mean you weren’t looking forward to that scene? ;),surprise,surprise,0.8286527991294861,True,correct
If there is no goal on this powerplay it will be difficult not to be hopeless,anger,sadness,0.5874804258346558,False,anger → sadness
I'm not sure I have heard of this. Really interesting.,fear,joy,0.7503676414489746,False,fear → joy
Not at all. I'm not going to argue with someone who doesn't understand what a strawman is.,anger,anger,0.9077796936035156,True,correct
I feel you mate,neutral,love,0.9454554915428162,False,neutral → love
Fucking love [NAME]. [NAME] best couple don't @ me,joy,love,0.9784227013587952,False,joy → love
Thank you! I call on Monday to find out when I have court,joy,joy,0.975335955619812,True,correct
>happily live in any hole they find. What's my love life got to do with this,surprise,love,0.46271273493766785,False,surprise → love
Not really cringey. Its not really embarrassing for you i think people might just feel bad upon reading it.,anger,sadness,0.8167465925216675,False,anger → sadness
Papa Johns in my area basically gives away their pizza. I can smell the desperation in the store,neutral,sadness,0.6055573225021362,False,neutral → sadness
I had to write in the Swangas. Seems far better than the choices given.,joy,joy,0.8534204959869385,True,correct
I thought this allegation was squashed when it came out. I was surprised to see it still making headlines. Poor guy.,surprise,surprise,0.9795562028884888,True,correct
BOOM BOOM BOOM (not Bitton related),neutral,neutral,0.7772539258003235,True,correct
Because of this bad situation some people are afraid of becoming youtubers because of this,fear,fear,0.9906601309776306,True,correct
That’s how you know they’re happy.,joy,joy,0.7631195187568665,True,correct
Incoming 20m a year contract [NAME] !!!,neutral,neutral,0.9048690795898438,True,correct
"I’m so proud of you for taking care of you and your babies, mama! We love you and stay strong.",joy,joy,0.586310625076294,True,correct
Wouldn't wipe my arse with it.,anger,anger,0.9001832604408264,True,correct
Not sure how anyone whos been paying attention could,fear,fear,0.9805590510368347,True,correct
😂😂😂😂😂😂😂😂😂😂😂😂😂 you got the wrong [NAME] —,neutral,anger,0.6192117929458618,False,neutral → anger
Lovely places to buy from but very hard to get a good price as a seller because of their high rents (and bargaining expertise!),sadness,love,0.957347571849823,False,sadness → love
That's too many pills,anger,neutral,0.5352639555931091,False,anger → neutral
it is actually called a mechanical bull,joy,neutral,0.8417572975158691,False,joy → neutral
No point in getting rid of Keemun for another Keemun.,anger,neutral,0.6394326686859131,False,anger → neutral
"Based on what I've seen, all the INFJ girls seem to be blue-haired damaged moonquacks that got abandoned by daddy.",anger,neutral,0.7754174470901489,False,anger → neutral
Talk about an oldddd school shit coin.,anger,anger,0.9183912873268127,True,correct
You could still pay them... Just saying.,neutral,neutral,0.8042612671852112,True,correct
I'm on board the Saints hype train. [NAME] is an amazing QB.,joy,joy,0.9857640862464905,True,correct
TFW a sorceror cuts you root and stem and you hear someone's voice in flames as your junk burns.,neutral,neutral,0.6461394429206848,True,correct
All the ladies can stay at my place.,joy,neutral,0.806177020072937,False,joy → neutral
"My girl has slowly been getting more and more into different [NAME] music, but she will always make it a point to play this track. I love it",joy,love,0.9886752367019653,False,joy → love
"No no she was ""[NAME]""",neutral,anger,0.6192135214805603,False,neutral → anger
You have a nice bro.,joy,joy,0.9738398790359497,True,correct
[NAME] ruled out due to injury. [NAME] starts. [NAME] to bench. Doubtful of a win now.,neutral,fear,0.8792973160743713,False,neutral → fear
"I would hope the guy is genuine and honest, but in my circumstances, there's not much closure.",joy,joy,0.5367910861968994,True,correct
"Hi, [NAME]! I thought I would stop by and wish you a wonderful and prosperous year! Have a good one! -HappyFriendlyBot",joy,joy,0.9822219014167786,True,correct
Ghost them. It’ll drive them crazy and give you the satisfaction,neutral,neutral,0.3630501627922058,True,correct
"Wow, an [NAME] sighting",surprise,surprise,0.8820041418075562,True,correct
get the packages sent to your work or a relatives or trusted friends home nearby ???? parcel locker ??,neutral,neutral,0.5886554718017578,True,correct
i love how the caption implies that the only unrealistic thing/ the only thing that gives away the photoshop is the sleeve lol,joy,joy,0.6532459855079651,True,correct
I agree with the concealer part for the cut crease but that's it.,joy,joy,0.9820755124092102,True,correct
Ha. Do you have evidence of his cheating? Send it to his family and don’t say another word.,surprise,neutral,0.4338778257369995,False,surprise → neutral
When I die Im gonna ask satan for a job in hell whipping all these cunts,joy,anger,0.9617462754249573,False,joy → anger
[NAME] stopped napping at 18 months. We’ve been implementing quiet time since. It’s wondrous.,joy,joy,0.7366610765457153,True,correct
I don’t think that would be an issue with [NAME]. He doesn’t seem like work ethic is his problem,joy,anger,0.8016067147254944,False,joy → anger
> one of the better diss tracks out there Lol okay,joy,joy,0.9777144193649292,True,correct
"It depends on who you ask. i didnt downvote you, im answering now",anger,neutral,0.37974998354911804,False,anger → neutral
Do you have the link to that ? I would love to hear the story from him,surprise,surprise,0.722791850566864,True,correct
What happened to one of your star players?? i saw the headline 'freak injury' or someting like that.. but i was too scared to see someting gruesome..,neutral,fear,0.9902689456939697,False,neutral → fear
"Or finishing in 91 minutes and sitting there for another half hour, bursting for a piss",anger,anger,0.4766830801963806,True,correct
I've found that carrying 21 chromosome's is the sweet spot,joy,joy,0.5288565754890442,True,correct
"Hope gallery for sure, had [NAME] do mine and a good friend back in 2015. Not sure if he’s still there, however.",joy,fear,0.7481755614280701,False,joy → fear
men who drink almond milk regularly have more ejaculate fluid and experience multiple orgasms.,neutral,neutral,0.7107146978378296,True,correct
"Wow that’s scary, she’s so young and healthy. I hate that.",fear,fear,0.9304202198982239,True,correct
The worst bbq in Texas Edit: Some of you are getting seriously r/wooooshed It's their slogan.,anger,anger,0.935509204864502,True,correct
How dare you! Don’t you know seatbelts cause autism!,anger,anger,0.9646884799003601,True,correct
I just need a quiet place to hide.,neutral,joy,0.49918824434280396,False,neutral → joy
i think people are just getting more and more fed up with playing against him,neutral,anger,0.9083605408668518,False,neutral → anger
Only bet on games you like. Sometimes go a couple days without action. Betting just for the sake of staking something is never smart.,anger,neutral,0.4665570855140686,False,anger → neutral
Life Hack Attack has become Attack Everyone's Life and Hack. I love it.,love,love,0.9913623929023743,True,correct
"Ok, fair enough. From your original post, it wasn't really clear that you looked at sources other than YouTube.",fear,joy,0.642368733882904,False,fear → joy
"Exactly, but I guess I've gotten used to people forgetting the club exists haha",joy,joy,0.9666282534599304,True,correct
This sounds an awful lot like khorne......,anger,anger,0.7297307848930359,True,correct
I’m glad you had a great time here! Wishing you safe travels!,joy,joy,0.9922143816947937,True,correct
"Did they really have overhead projectors in the late 00s/early 10s? If so, how underfunded was your school?",neutral,surprise,0.8848121166229248,False,neutral → surprise
"Just rumors online, it most likely won't happen",joy,anger,0.6425939798355103,False,joy → anger
"Don't say ""no comment"". Say ""I would like to talk with an attorney before talking with you.""",neutral,neutral,0.7888731360435486,True,correct
What? A [NAME] supporter purposefully misrepresenting the facts? You don't say.,neutral,surprise,0.6123805642127991,False,neutral → surprise
My dog is less uglier than this.,neutral,anger,0.6617159843444824,False,neutral → anger
Must be why I'm alive. That sucks.,anger,anger,0.938139796257019,True,correct
I was teased for being a virgin when I was a 6th grader- in 2005,sadness,neutral,0.41541174054145813,False,sadness → neutral
"I love that quote, thank you",joy,joy,0.9294122457504272,True,correct
[NAME] $120 million grift allegations in bombshell Forbes report - Business Insider,neutral,neutral,0.9059843420982361,True,correct
Works for me. The video is called : The great porn experiment | [NAME] | TEDxGlasgow,neutral,joy,0.6795256733894348,False,neutral → joy
Oh boy 🤣🤣,neutral,surprise,0.519195556640625,False,neutral → surprise
Unfortunately for us it’s not too early. But if you want way too early 2020 draft discussion I’m really high on [NAME] from Wisconsin,neutral,sadness,0.7536439895629883,False,neutral → sadness
helpful quad helped him to his feet!,neutral,joy,0.8280623555183411,False,neutral → joy
Me too buddy,neutral,neutral,0.8720362186431885,True,correct
You also can’t prove it happened so logically this doesn’t exist and is a paradox that never happened therefore pi = 3.14159,anger,neutral,0.5630211234092712,False,anger → neutral
"So she spat in the face of [NAME], nature and you by violating your health.",neutral,anger,0.8300098180770874,False,neutral → anger
I have a bad feeling I’m gonna regret not tuning into this,sadness,sadness,0.9889376163482666,True,correct
How was the problem resolved??? Having the same issue????,neutral,surprise,0.6813350319862366,False,neutral → surprise
"Damnit Morty! D'you see wha-rrrgh-t you've done!? We're fucked Morty, the squirrels - they're recruiting dolphins now Morty.",anger,anger,0.9565198421478271,True,correct
Does that work for the WSJ? I haven’t read an article from there in a year.,surprise,surprise,0.9178593158721924,True,correct
I can't watch Isco rotting on the bench and LV playing instead.,neutral,anger,0.4153269827365875,False,neutral → anger
Fuck you.,anger,anger,0.9808684587478638,True,correct
"$15 a month for a music service is more than Netflix. Thank u, next!",joy,joy,0.9869222044944763,True,correct
The goodnight sir cracks me up every time,neutral,joy,0.9618980288505554,False,neutral → joy
Well what would make us special? He's vouching for his friend.,surprise,surprise,0.7524341344833374,True,correct
"The original is funnier... or at least it's funny, to begin with.",joy,joy,0.9737410545349121,True,correct
Wow what a disappointing game. Wish we would have showed up,sadness,sadness,0.9524453282356262,True,correct
Point proven. Thanks,joy,joy,0.9870609045028687,True,correct
"That’s normal for girls, lol.",joy,joy,0.9791288375854492,True,correct
"Wife just had our baby, and this story freaked me out. I can't imagine going through something like that.",surprise,anger,0.895389974117279,False,surprise → anger
Just be honest with this person. Sorry I didn’t read the whole thing I don’t have time rn :(,joy,sadness,0.9751786589622498,False,joy → sadness
Proud of you.,joy,joy,0.9881226420402527,True,correct
I pulled over at a Walmart on my way home from work to chat with all you beautiful faggots while I listen to the speech.,neutral,joy,0.8180038332939148,False,neutral → joy
"No, what’s sad is saying the same message like it’s news. He’s a copy paste machine. No original thought.",sadness,sadness,0.9743192195892334,True,correct
"Yeah, even though I give it to him that it was confusing that they designed Crysis 1 for PCs that wouldn't come out for like 5 years.",fear,fear,0.9753887057304382,True,correct
"And [NAME], would again like to apologize for any misunderstanding.",sadness,sadness,0.9691823720932007,True,correct
He has a girlfriend. Unfortunately she is not thick. He needs to take a page out of [NAME] book.,neutral,sadness,0.6119577288627625,False,neutral → sadness
My dad also told me the car went underwater the first time we went to the Eastern Shore and I completely forgot about it until I read this comment.,joy,joy,0.5435974597930908,True,correct
"I hid there just about everytime. Was often the person complaining about, ""stop dying"", and, ""hide BEFORE he hits 4 meat"".",neutral,neutral,0.6276455521583557,True,correct
"I didn't know that, thanks for the clarification.",joy,joy,0.9615142345428467,True,correct
That's a weird way of spelling Disenchanted,surprise,anger,0.9059076309204102,False,surprise → anger
He was so close to me x,neutral,neutral,0.4018911123275757,True,correct
Hey! Your mom sucks.,anger,anger,0.9515561461448669,True,correct
"Didn't know that sub, thanks!",joy,joy,0.9587389230728149,True,correct
"Yea, very rude. Avoid anything with a strong smell like fish and popcorn, curry is just as strong.",anger,anger,0.961353063583374,True,correct
I got a lot of withholding to throw me into anxiety.,fear,fear,0.9903777837753296,True,correct
"Nah, he's much smarter than I am about soccer.",joy,joy,0.4719105362892151,True,correct
"My friend and I have been having good fun queuing Mei/Winston, trololo, and 2 bottles of whisky.",joy,joy,0.9155827760696411,True,correct
Praying for me family.,joy,joy,0.82554030418396,True,correct
[NAME]. Gave up in October and haven’t looked back. I can’t believe how easy I’ve found it.,surprise,surprise,0.9116261601448059,True,correct
Call it whatever you want. I’m just clearing a meaning that many atheists aren’t aware of or don’t consider.,neutral,neutral,0.7280054688453674,True,correct
Hhhhhaaarrryyy [NAME]!,neutral,joy,0.6977804899215698,False,neutral → joy
Gotta keep losing to make sure 5th is our worst case scenario,anger,sadness,0.6647850871086121,False,anger → sadness
Not shocked by the subs [NAME] is active in...,joy,neutral,0.445211261510849,False,joy → neutral
Who needs sciences. It's most fake news they peddle in anyways...,neutral,anger,0.8915694952011108,False,neutral → anger
[NAME] can’t space and [NAME] is getting worse defensively,anger,sadness,0.6124759912490845,False,anger → sadness
Hes a daywalker!,neutral,neutral,0.9188352227210999,True,correct
Remindme! 243 days,neutral,neutral,0.9332666993141174,True,correct
that's why r/theredpill is such a thing. you arnt the first. you're showing a few nice guy warming signs bud.,neutral,neutral,0.5211993455886841,True,correct
"Students: North and South Dakota have finally settled their differences and become one big D, for Dakota.”",neutral,neutral,0.7544955015182495,True,correct
That's the purpose of the experiment.,joy,joy,0.5840590596199036,True,correct
"I am generally a happy person. If you like to pay millions of dollars to semi-literates to represent your government, it's up to you!",joy,joy,0.971885621547699,True,correct
"That's what I'd hope for! Retool the D day 1, if we could find a gem at QB day 2.",joy,joy,0.8889083862304688,True,correct
"Yes, oops",neutral,sadness,0.9746860265731812,False,neutral → sadness
"Tl, dr - Take the abuse. Squirming only gets them off more.",fear,anger,0.6105292439460754,False,fear → anger
You're probably joking but [NAME] has been pretty insightful regarding the yellow vests in France. I was impressed.,joy,joy,0.9815078377723694,True,correct
Thanks! Do you think I should talk to her or drop it for now?,joy,fear,0.46471428871154785,False,joy → fear
FLY EAGLES FLY!!!,neutral,neutral,0.8387867212295532,True,correct
Ride in trunk,neutral,neutral,0.9253207445144653,True,correct
I love koln,love,love,0.9940690994262695,True,correct
That’s cool. I had a few baby teeth dipped in gold and made into charms for a bracelet. Gorgeous work.,joy,joy,0.9878032803535461,True,correct
"Thank you, that is interesting!",joy,joy,0.9875149726867676,True,correct
I only eat cronuts cuz I'm sophisticated!,joy,neutral,0.6774812936782837,False,joy → neutral
That was an incredibly dumb thing to do. [NAME] is an idiot for trusting her.,anger,anger,0.9444903135299683,True,correct
"Fascism doesn't even exist in America. [NAME], these kids are so sheltered.",joy,neutral,0.6074531078338623,False,joy → neutral
This viral video of her gets posted every once in a while too: Her legs are ridiculously strong.,neutral,joy,0.9053088426589966,False,neutral → joy
"[NAME]... I'm sorry. This is just wrong. I, can't.",anger,sadness,0.982455313205719,False,anger → sadness
"Better ye, make some Pho and use lots of sriracha. Things will definitely get heated.",neutral,joy,0.6330422759056091,False,neutral → joy
"She also takes it off to shower, work out, wash dishes, etc.",neutral,neutral,0.9333124756813049,True,correct
"Hate to be that guy, but that's not DDR, that's Pump It Up, the Korean DDR rip-off.",anger,anger,0.8094094395637512,True,correct
"It turns out he works for [NAME], so maybe your instinctive distrust might not have been the worst first reaction.",neutral,neutral,0.5102860927581787,True,correct
"""You aren't important, just impertinent."" That's a third degree burn",anger,anger,0.6117013692855835,True,correct
"The paradox is not working, then also collecting entitlements is still theft.",neutral,anger,0.48001766204833984,False,neutral → anger
"Yes, he did.",joy,joy,0.8095861077308655,True,correct
>if your car is so great why do you have to fill it with petrol all the time This is how stupid you sound,anger,anger,0.9516372084617615,True,correct
I dunno. Backhanded compliments in girl world are like professional sports.,neutral,neutral,0.46237415075302124,True,correct
Not sad enough fo here the skeleton is dead so he can't comit sucide,neutral,sadness,0.9801183938980103,False,neutral → sadness
"Well done dude! Seriously :) But keep it up, don't lose this momentum.",joy,joy,0.980545163154602,True,correct
who tf is the middle guy? [NAME] is supposed to have sunglasses and a clown car like in FE6,neutral,fear,0.35292142629623413,False,neutral → fear
*holy shit* I'm pretty sure the panther thought the same thing,neutral,joy,0.567247748374939,False,neutral → joy
"Wait, you don't believe he's infallible? Give an important instance where he has been wrong to prove that please.",neutral,surprise,0.3704802393913269,False,neutral → surprise
"Also, allow athletes to come and train during the year, but grant a blackout period before the Olympics or something,",neutral,neutral,0.8522492051124573,True,correct
One does not simply Steal kidneys on my watch,neutral,neutral,0.6180964708328247,True,correct
We need another goal to show for it. Come on boys.,neutral,neutral,0.49650347232818604,True,correct
*10 minutes of awkward roleplay*,sadness,sadness,0.9329782724380493,True,correct
"I love you, brother.",love,love,0.9927707314491272,True,correct
"Oh because all fruiting plants were bred by humans, ok TIL",neutral,neutral,0.7648178935050964,True,correct
It's on here daily. Karma whores eh?,anger,surprise,0.6383447051048279,False,anger → surprise
It’s a problem because that box of apparent bone fragments could literally have been found anywhere.,neutral,sadness,0.43834516406059265,False,neutral → sadness
Pretty shit tbh with you,anger,anger,0.9571576118469238,True,correct
thats amazing!! Congrats!,joy,joy,0.9910116195678711,True,correct
CAPTAIN!! ye-yeah? LOOK!!!,neutral,surprise,0.6627746820449829,False,neutral → surprise
I did twist my ankle trying to play that on DDR.,sadness,sadness,0.7017576694488525,True,correct
I genuinely think that would be an iconic shot if it was in a famous horror film. The way the legs just keep on coming is terrifying.,fear,fear,0.9877370595932007,True,correct
Not journalists...media activists.,neutral,neutral,0.5387716889381409,True,correct
"I’m only denying what’s not true, and [NAME] being my name isn’t true.",sadness,anger,0.8304612636566162,False,sadness → anger
"i know there were talks about it, but its doubtful :(",fear,fear,0.9521706104278564,True,correct
As a Kentucky fan I’ve watched [NAME] all year and he is legit. Just wish there were a scenario that GB could pick him up.,neutral,joy,0.911540687084198,False,neutral → joy
The sad part about this is that these memes are more Gen Z if anything...,sadness,sadness,0.9906903505325317,True,correct
> it will not make her look like an idiot It would be hard to make her look any more like an idiot than she already does.,anger,anger,0.840271532535553,True,correct
This happens to me a lot. I'll also sing the same phrase over and over.,neutral,neutral,0.5240484476089478,True,correct
In my experience its always [NAME]' Mine,neutral,neutral,0.8188980221748352,True,correct
“You have no clue what fascism is” Goes on to promote literal genocide tactics. You’re despicable,anger,anger,0.9502301216125488,True,correct
Clearly not well enough,anger,sadness,0.8951093554496765,False,anger → sadness
"If everybody put down their camera to help, what would you be doing right now?",surprise,surprise,0.8522272109985352,True,correct
From [NAME]: I T ' S S P E L L E D O U I J A Goodbye,neutral,neutral,0.8749991655349731,True,correct
Yikes that's cringe,fear,fear,0.9312229156494141,True,correct
No I wish. They don't come to Texas very often.,joy,joy,0.8754783868789673,True,correct
im aware. im trying to figure out how the heck you found it in what i said. even after given context to the situation.,joy,surprise,0.454595148563385,False,joy → surprise
Ouch. That hurt the ego. And that’s not easy to do.,sadness,sadness,0.9784935116767883,True,correct
"Yeah, without the music that scene would have been much worse.",anger,sadness,0.5400819778442383,False,anger → sadness
Interesting. I thought so too. I’m just thankful I have another parish I can easily drive to for mass. Thanks again,joy,joy,0.9889091849327087,True,correct
Honestly I agree. We should shun vegetarians regardless of the [NAME] thing. /s,joy,joy,0.9629474878311157,True,correct
Thank you! I ended up assigning a dbq and paired students up,joy,joy,0.9907543659210205,True,correct
Combination of lapses in defense and the continuing saga of the Sabres' god awful PP.,anger,anger,0.7293879985809326,True,correct
"I'm sorry you fell for the carnie, bro.",sadness,sadness,0.9803952574729919,True,correct
Lol dont mess with [NAME]!,joy,joy,0.9346280097961426,True,correct
I've always wanted one of those but like worry it'll make a huge mess in my washer,joy,fear,0.8495948314666748,False,joy → fear
[NAME] YOU SLIME,neutral,neutral,0.490953654050827,True,correct
You don't have to watch it if you don't want to. Nobody is holding a gun to your head.,neutral,anger,0.7065476179122925,False,neutral → anger
I ate my mommy and daddy,neutral,neutral,0.7367603778839111,True,correct
"I’m a fan of them in the wild, weasels are interesting. Not as pets, nope.",joy,joy,0.6405364274978638,True,correct
This is scary and so very sad. Eleven??? A baby! I was still building forts. I weep for this child.,fear,fear,0.9188953042030334,True,correct
The hell? That’s like one-in-a-million chance! Only thing that’d make it crazier is if we’re in the same city lol,joy,joy,0.8395317792892456,True,correct
"Holy no punctuation, [NAME]!",neutral,surprise,0.9114034175872803,False,neutral → surprise
"MeToo is about sharing personal stories of sexual assault. Reframing it as accusation based, and as furthering a kidnap, is fucking disgusting.",anger,anger,0.9742001891136169,True,correct
"If [NAME] is being considered for all defense, [NAME] needs more love too",joy,love,0.8658163547515869,False,joy → love
Yeah cuz it's not like eggs ever roll over or anything. /s,neutral,neutral,0.574644148349762,True,correct
I have a really nice tempurpedic one and about 6 king sized fluffy ones that I use to just fall asleep hugging,joy,joy,0.640045702457428,True,correct
It's actually remarkable how universally disliked [NAME] is as a commentator in the community but he still commentates at practically every big melee tournament,joy,surprise,0.5397149324417114,False,joy → surprise
Today is the only day I really hate my job as a dog walker,anger,anger,0.8434431552886963,True,correct
That jawn looks lactose free. Get that cheese mixed in that jawn.,neutral,neutral,0.8029109239578247,True,correct
"For games starting at 7, the bus was leaving the hotel around 4:30, I think.",neutral,neutral,0.7877469062805176,True,correct
What was he “healing” you from?,surprise,surprise,0.8600424528121948,True,correct
"Now I'm wondering if [NAME] drinks, and if he's ever been inebriated during one of his deals.",surprise,surprise,0.9809845685958862,True,correct
wh is that undertale,neutral,surprise,0.5640745759010315,False,neutral → surprise
And oops AND a yikes. Maybe even as much as an OOF. Definitely a wow from me,joy,surprise,0.7634899020195007,False,joy → surprise
This has already been posted on this subreddit but thanks.,joy,joy,0.9824202060699463,True,correct
I'm confused. Where did I propose anything? I'm just describing how things currently work and what to consider...,fear,fear,0.991370677947998,True,correct
They NEVER guard against that!,neutral,neutral,0.7959083914756775,True,correct
"Let it go, look to the future, do not live in the past",joy,neutral,0.6300255656242371,False,joy → neutral
">it promotes the idea that an individual's vote doesnt matter An individual's vote doesn't matter, though. That's just fact.",neutral,neutral,0.6220408082008362,True,correct
"They're off thinking about ways they can avoid topics and deflect more, since they seem so good at that lately.",neutral,neutral,0.6627985835075378,True,correct
"So she knows of 3 languages, Wonder what they are?",surprise,surprise,0.9811428189277649,True,correct
"Well i know this much is true, there’s unspoken truth amoung us men, we secretly love hairy vaj. No? Just me?",fear,surprise,0.3915262520313263,False,fear → surprise
just when you think it can't get worse...,neutral,anger,0.42940109968185425,False,neutral → anger
[NAME] will never do anything to help you. You must stand up for yourself.,neutral,joy,0.4750630259513855,False,neutral → joy
It’s endless the amount of white papers written in the last 3/4 years. Not one has been any good or any use,sadness,anger,0.5141171813011169,False,sadness → anger
I just see two inflated peacocks with a dumb and disgusting look in their face. But unfortunately I am not the gender evaluating them.,neutral,anger,0.8002136945724487,False,neutral → anger
Oh [NAME] it's happening again!,surprise,surprise,0.8792654275894165,True,correct
209 comments and we don’t get to read any? All that good pasta advice going to waste. Shame.,surprise,sadness,0.8307304978370667,False,surprise → sadness
I'm going Saints and Chiefs. Although I think the Chiefs-Pats game could go either way,joy,neutral,0.6032525300979614,False,joy → neutral
So clearly you have vast knowledge of linear algebra and can fact check the entire paper Nd disprove it?,surprise,surprise,0.6563740968704224,True,correct
I **LOVE** that the players are finally getting into the game. People feel invested! I like that!,love,love,0.9701305031776428,True,correct
[NAME] was actually asked whether he’s peaked by a Philly sportswriter last season. His response was pretty interesting:,neutral,surprise,0.7133494019508362,False,neutral → surprise
"Verisimilitude, which here means, utter bs meant to help justify terrible favouritism.",neutral,anger,0.5093892812728882,False,neutral → anger
"When religious freedom is limited, then you don't have religious freedom. Secularism is a religion, and trumps other religions in secular lands.",neutral,neutral,0.5061520338058472,True,correct
"Despite all the [NAME] hate in/on /Melbourne, here is a beautiful Indian song for you all",joy,joy,0.8735653758049011,True,correct
"What is beautiful about this planet? Nature is cold, harsh and full of suffering and pain. There is nothing beautiful at all about it.",anger,surprise,0.8163037896156311,False,anger → surprise
Our father will protect us <3,joy,joy,0.6208568811416626,True,correct
Everyone knows the good [NAME] are the dirty little devil's,neutral,anger,0.7776976823806763,False,neutral → anger
“For the holidays” you’ve been in America ages Im guessin..,neutral,neutral,0.8084594011306763,True,correct
Looks like he has a history of being an awful human:,anger,anger,0.8572251200675964,True,correct
Thank you for this. This sub isn’t a rating or selfie sub. There’s literally no poly content on this post.,joy,joy,0.9368237853050232,True,correct
I think teams will still cut the cross-seam that made [NAME] and [NAME] so deadly last year. This is awesome nonetheless.,joy,joy,0.9651655554771423,True,correct
I mean they still managed to say [NAME].,neutral,neutral,0.8269677758216858,True,correct
Less than 75 years ago my grandparents had swastikas burned on their front lawn in South Carolina after fleeing from Germany.,neutral,neutral,0.6733205914497375,True,correct
"Seeing how I was as a teen and how most teens are, nope! Dont want to deal with that.",anger,anger,0.9081538319587708,True,correct
I think the real reason is good press and booze,joy,joy,0.5759297609329224,True,correct
It’s a joke.,joy,joy,0.8784844875335693,True,correct
No! They’re still on the sidewalk right there! With literally absolutely no way around them!,anger,anger,0.854914128780365,True,correct
Time flies when you're a semiprofessional quotemaker. I wonder what he's up to these days.,surprise,surprise,0.9803987145423889,True,correct
thank you !,joy,joy,0.9908547401428223,True,correct
I live here! Apparently I need to be keeping my eyes open.,neutral,joy,0.5916504859924316,False,neutral → joy
I much prefer when the CB is given a taste of their own medicine. Far more satisfying than being polite. This one is great!,joy,joy,0.9867762923240662,True,correct
Shes awful and its all about her. Try again. And when the show has awful ratings thatll be confirmed.,anger,anger,0.949109673500061,True,correct
Claw since AW and logged a fuck ton of hours and no discomfort,neutral,anger,0.7997239232063293,False,neutral → anger
Bit like Dundee United trying to not concede 5 against Ayr United.,neutral,neutral,0.8641064763069153,True,correct
Not yet! But I waiting for a miracle any year now!!,joy,surprise,0.8219901323318481,False,joy → surprise
"And then you're stuck on that medication for life, sounds like a scary trade-off.",fear,fear,0.9826529026031494,True,correct
"I'd love to collab with some reddit folks on NFL Draft prospect scouting, rankings and mock drafts if anyone is interested.",joy,love,0.9462950825691223,False,joy → love
Well I heard advice everyone to listen to this episode it was extremely interesting.,joy,joy,0.8796241879463196,True,correct
"I downloaded this album yesterday, and love it!",joy,love,0.9903844594955444,False,joy → love
Thank you; I tried.,joy,joy,0.9918183088302612,True,correct
Me either. But I sometimes fantasize about it.,joy,joy,0.5360565185546875,True,correct
"Ahh, so the exact same place he was last time. wonderful lol",joy,joy,0.98795485496521,True,correct
Please explain “Hoover/ed”. Not familiar with the term. Thank you-,joy,joy,0.9331486821174622,True,correct
"Probably, I knew this lawn chair was a bad idea.",anger,anger,0.5996497869491577,True,correct
Get ready for one of those tail butt plug things,neutral,neutral,0.7688109874725342,True,correct
He’s going to the Bengals at 11 and I hate it so much,anger,anger,0.9734494090080261,True,correct
100 chapters of relationship + 50 of build up after [NAME] left [NAME]. Damn you Sasuga T.T,neutral,anger,0.9208305478096008,False,neutral → anger
Have you tried having wealthy parents?,neutral,surprise,0.9530496597290039,False,neutral → surprise
Before all of the BS lol,joy,joy,0.9262582659721375,True,correct
Make fun of them all you want; fact is they won during the regular season when we couldn't.,joy,joy,0.6777418851852417,True,correct
"At that point [NAME] was no longer a virgin! No seriously, ask [NAME]!",neutral,anger,0.5778939723968506,False,neutral → anger
I'm so doing this!,joy,joy,0.7645089626312256,True,correct
"Losing my identity, wondering have I gone insane...",sadness,surprise,0.7012006640434265,False,sadness → surprise
Sounds good.,joy,joy,0.9669636487960815,True,correct
[NAME].,neutral,neutral,0.9580643177032471,True,correct
Because in some cases parents are basically having their own children kidnapped and held against their will and forced into these programs. This is child abuse.,anger,anger,0.7356799840927124,True,correct
Excitement for new regulation and taxation in the ancap reddit?!?,fear,surprise,0.5823306441307068,False,fear → surprise
I've picked scabs bigger than most aborted fetuses get. I don't see the police knocking on my door for committing assault against a human being.,neutral,neutral,0.5135895609855652,True,correct
Ours came today too :). We got 22 hbu?,neutral,surprise,0.605859637260437,False,neutral → surprise
If this thread turns into a shitshow like the last it will also be locked. Fair warning...,joy,anger,0.4967072606086731,False,joy → anger
Welcome home!,joy,joy,0.9401782751083374,True,correct
"[NAME], [NAME] is starting a marriage with infidelity and drunk proposals. I hope a happy and long married life for him.",joy,joy,0.9026510715484619,True,correct
It's kinda odd that people are downvoting you without providing well-sourced counter-arguments to the points you're making.,anger,anger,0.8728575706481934,True,correct
"I wish this was real but for girls, so I don't have to taste the bitter of being rejected because ""You are not my kind"".",joy,joy,0.803109347820282,True,correct
Welcome to the freedom and democracy circus that is 'mercuh! 👍,joy,joy,0.9053471684455872,True,correct
[NAME] from HR is drinking again guys..,neutral,neutral,0.9031811952590942,True,correct
"Rematch against UVA, eh? First one to 40 wins!",surprise,surprise,0.7996158003807068,True,correct
Yeah. Basically Sky Germany and Sky Sports aren't reliable at all,anger,anger,0.8044638633728027,True,correct
The UN said the election was a sham. The man is causing death destruction and starvation. Your morals are completely and utterly fucked.,sadness,anger,0.9438236355781555,False,sadness → anger
You should take the time and go to the doctor.,joy,joy,0.6900238394737244,True,correct
This just reminded me to continue designing that bloody website.,anger,anger,0.9186166524887085,True,correct
Now it's 7,neutral,neutral,0.9021218419075012,True,correct
When [NAME] pisses off his daughter and wife. Daughter: “You’re not my Daddy anymore” [NAME]: “You’re not my Daddy anymore either”,anger,anger,0.7770287394523621,True,correct
lol why don't you read about the Iceland one and get back to me.,joy,joy,0.9611487984657288,True,correct
"I have no faith, but the theodicy problem has multiple answers, I’m not too concerned with it.",neutral,anger,0.3337271213531494,False,neutral → anger
Holy shit that’s nothing,surprise,surprise,0.5665451884269714,True,correct
Kind of strange when one country was nuked and the other wasn't.,neutral,surprise,0.8686763644218445,False,neutral → surprise
Oh god another injury,sadness,sadness,0.8381597399711609,True,correct
(*ﾉωﾉ) O-okay senpai OWO *Nuzzles* Frick off I write whatever I want!,neutral,neutral,0.8506314754486084,True,correct
Thank you for sharing this. I found my house in 1938. Very fascinating stuff :),joy,joy,0.976554274559021,True,correct
"Narrator: ""They did not""",anger,neutral,0.8114491701126099,False,anger → neutral
Loook all around youuuu. All throughout Nature is evidence of a creator and his love ❤️for us,neutral,love,0.9661254286766052,False,neutral → love
"Yes, you selfish prick.",anger,anger,0.928409218788147,True,correct
[NAME] so cool,joy,joy,0.9746681451797485,True,correct
I always fall for this joke on here..,joy,joy,0.8366088271141052,True,correct
"[NAME]?! Is that [NAME]? I know ""meegwetch"" means thank you lol",joy,surprise,0.44559967517852783,False,joy → surprise
it's hurting my heart :( why did you leave me,sadness,sadness,0.9879222512245178,True,correct
"Other than a lame attempt of being insulting, what part of anything you said has anything to do with what I said?",anger,anger,0.48728910088539124,True,correct
Not alone my friend,neutral,neutral,0.9311685562133789,True,correct
You need to recheck your science. A simple Google search will yield research articles showing a biological and genetic basis for being LGBT. Happy reading!,joy,joy,0.9352075457572937,True,correct
[NAME] fucking practice and watch some tutorials before fucking up a $100 bottle of French champagne,anger,anger,0.9449623227119446,True,correct
While that is cute-try to do critical thinking while u are reading. Prove your god exsists-let him smite me. That mighty smiter.,neutral,anger,0.6044415831565857,False,neutral → anger
"yep, you don't hate Mondays, you hate capitalism.",neutral,anger,0.8858158588409424,False,neutral → anger
Wowowowow!!!! I’ve been campaigning for [NAME] too!,joy,surprise,0.8583772778511047,False,joy → surprise
But they didn't because it's fake.,anger,anger,0.7938953042030334,True,correct
Happy cake day to him,joy,joy,0.9331080913543701,True,correct
This counts as a problem if you have that many in one day or something,neutral,neutral,0.7409616112709045,True,correct
To me it’s sounds like he is trying to find fault in her to make himself feel better about leaving her.,neutral,neutral,0.4433291554450989,True,correct
Yes. Ignore and move on,joy,neutral,0.3406231999397278,False,joy → neutral
"Happy? Not really, but glad we can come to a conclusion to my offhand semi in jest reply.",surprise,surprise,0.41511982679367065,True,correct
This doesn't belong on the competitive sub; it doesn't have anything to do with the competitive aspect of the game.,joy,anger,0.8832089304924011,False,joy → anger
"Naaah, that is and always will be [NAME], especially since her redesign in MKX. perfect waifu.",joy,joy,0.5089555382728577,True,correct
Lmfao lonzo? That guy is not nba talent. World is gonna spank that ass,anger,anger,0.9534380435943604,True,correct
"I actually did talk to him. You can see his response to me, I linked to it in a comment. He called me a land whale.",joy,neutral,0.7989498972892761,False,joy → neutral
I though [NAME] was the offensive guru? Why would he get an established guy who has an offense?,neutral,fear,0.6580751538276672,False,neutral → fear
This sub doesn’t like the pro sports teams until they win a championship. Then everyone becomes a die hard fan.,joy,neutral,0.558786928653717,False,joy → neutral
"Had one good year that was it, then joins a god squad that struggles to qualify",joy,sadness,0.8510143160820007,False,joy → sadness
Break up and be firm about. You’ve already admitted to being dishonest. Why lead him on?,anger,anger,0.9055393934249878,True,correct
That would look enormous if [NAME] ordered it!,neutral,joy,0.35500577092170715,False,neutral → joy
I’m not a fan of that hire at all... I’m also not a fan about how that all came out. All around bad.,anger,anger,0.9307712912559509,True,correct
Thats absolutely disgusting.,anger,anger,0.9812471270561218,True,correct
"No, that looks h*ckin delicious",joy,joy,0.8731792569160461,True,correct
"Don't listen to the idiot, we love your posts!",joy,love,0.8079925775527954,False,joy → love
Ha! Getting him back with his own schtick!,neutral,joy,0.8256116509437561,False,neutral → joy
Open a ticket and wait. These next two weeks will be very telling. All we can do is wait.,neutral,neutral,0.7168424725532532,True,correct
I want to see this a a movie!!,neutral,joy,0.6944512128829956,False,neutral → joy
"Man, never underestimate the power of a crock pot, some frozen chicken, veggies and cottage cheese.",joy,joy,0.6315054893493652,True,correct
Where were they? I was trying to track them down and couldn’t remember where I saw them.,fear,fear,0.8699912428855896,True,correct
There is also no dog in the white house. Why? Because dogs can smell an asshole a mile away.,joy,anger,0.8225066661834717,False,joy → anger
Sorry to be the bearer of bad tidings.,sadness,sadness,0.9923945665359497,True,correct
Lmao I hope I’m not the only one who gets this,joy,joy,0.9820833206176758,True,correct
*looks at YouTube comments sections* Um. I'm not so sure.,fear,fear,0.9742763638496399,True,correct
This man makes aggressive grunts while breathing,anger,anger,0.6845496892929077,True,correct
My boy [NAME] <3,neutral,love,0.6258482336997986,False,neutral → love
Wow! Now that's some propaganda we could use more of!,joy,surprise,0.5432473421096802,False,joy → surprise
They seceded because [NAME] was elected despite not appearing on any slave owning states. How is this anything but under representation of ideology.,neutral,surprise,0.3570587635040283,False,neutral → surprise
Yes! My Big Fat Fabulous Life,joy,joy,0.9384127855300903,True,correct
Author thinks that a guy who bounced back and forth between a bench role and AAA will bounce back and forth between a bench role and AAA.,neutral,neutral,0.8146963119506836,True,correct
"Ironically, I just sense that they are working in an area where this is a ready stream of revenue just waiting for them.",neutral,neutral,0.5334303379058838,True,correct
My mom used to think [NAME] was the handsomest NFL coach for what that’s worth.,joy,neutral,0.7014572024345398,False,joy → neutral
No if anything the exact opposite. Couldn’t be further from the truth,neutral,anger,0.7714762091636658,False,neutral → anger
Sorry your right,sadness,sadness,0.9708008766174316,True,correct
"Well, 1/2 has been done already!",neutral,joy,0.5655046105384827,False,neutral → joy
I trust Safeway over Great Canadian Superstore for my meats. I know I'm not alone in that regard. Safeway has some pretty good cheaper meats.,joy,joy,0.9263820648193359,True,correct
I missed that part unfortunately,sadness,sadness,0.988335907459259,True,correct
Market ≠ Capitalism Just because something operates within the Capitalist system doesn't make it Capitalist. Just because [NAME] was (supposedly) elected didn't make him democratic,anger,anger,0.5264875888824463,True,correct
"Takes all characteristics, good and bad",neutral,neutral,0.8026038408279419,True,correct
This.. im sorry but this is a dumb reply. Ofc it was fake kindness golly,sadness,sadness,0.9476024508476257,True,correct
I hieaa i just trip out how your lds and not know or here. Nevermo here a d hears when i was a kid,neutral,neutral,0.6111801266670227,True,correct
Yes had the problem a month or so ago but has since gone away,neutral,joy,0.42039263248443604,False,neutral → joy
China cheating the rest of the world is horrible for the economy and society.,anger,anger,0.6764765977859497,True,correct
">overt racism of that level would not be tolerated in America My thoughts also. That's why i needed context, its very VERY odd.",joy,anger,0.895037829875946,False,joy → anger
I'm not apologizing for it. I just didn't think there was something this blatantly immoral in the new testament.,anger,anger,0.8075963258743286,True,correct
So handsome,joy,joy,0.9642103910446167,True,correct
Are they dead? I don’t recall this bit of the Nativity play.,surprise,fear,0.7867258191108704,False,surprise → fear
I am embarrassed to admit that I was shocked to find out that his books all had the same exact weight and that you knew what that weight was...,sadness,sadness,0.9467014670372009,True,correct
No superbowl @ lambo for this generation; hopefully global warming will make an impact in the next 30 years. :),joy,joy,0.9526828527450562,True,correct
I know. I didn't say I agreed with it did I?,joy,surprise,0.45497962832450867,False,joy → surprise
The only thing that stops a depressed guy with a gun is a physiologist with a gun. << [NAME],joy,neutral,0.77629554271698,False,joy → neutral
"Wow, 5 downvotes in 3 minutes. Go you!",surprise,surprise,0.8804709911346436,True,correct
All I want for Christmas is a broken home,joy,sadness,0.9156960248947144,False,joy → sadness
"Well I'm trying to improve, man",joy,joy,0.9297975897789001,True,correct
Thanks a bunch <3,joy,joy,0.9920985698699951,True,correct
I just want tk be a random scumbag,joy,joy,0.5677231550216675,True,correct
Very possible but there's absolutely zero indication were working on a deal to trade [NAME] currently. We're not just going to trade him away for peanuts.,neutral,neutral,0.5270341038703918,True,correct
I agree that you need more time in the later turns. But most games it feels like people wait until it is their turn to start thinking.,joy,joy,0.9520832896232605,True,correct
Hopefully you saved that letter!,joy,joy,0.9769287705421448,True,correct
LIGHT THE BEACONS!,neutral,neutral,0.7064406275749207,True,correct
Would I love to be a fly on your wall right now and watch this whole debacle.,love,love,0.9247417449951172,True,correct
How do you know this?,neutral,surprise,0.8923214077949524,False,neutral → surprise
"What do you think women do? I’m quiet as a churchmouse when I mastrubate, too",joy,surprise,0.7996296882629395,False,joy → surprise
"That's what they want though. So if you really want to 'win' their battles, simply ignore them :)",neutral,anger,0.4407001733779907,False,neutral → anger
He keeps saying this in my playthrough when that's definitely NOT what I'm doing. I just suck at hunting!!,anger,anger,0.9186598062515259,True,correct
One dumbass who hasn’t watched Hereditary complaining about meaningless awards on the Internet means... eh. I lost my point. Go watch Hereditary,anger,anger,0.8652760982513428,True,correct
This was so touching ❤️❤️❤️,love,love,0.79720139503479,True,correct
"Has he done this with other world leaders, too? Or only [NAME]?",surprise,fear,0.47683191299438477,False,surprise → fear
Wait... dogs can’t use ladders!,anger,neutral,0.6619418859481812,False,anger → neutral
That’s just fucked lol talk about cheap.,joy,anger,0.5429520010948181,False,joy → anger
What the fuck is this about?,anger,anger,0.9750710129737854,True,correct
"You could notice he was a little bit nervous, i think that was the main reason for his way of playing in this game.",joy,fear,0.6535917520523071,False,joy → fear
I didn't realise this was happening! Thank you! It was hard to tell from OPs photo what the changes were,joy,joy,0.9549173712730408,True,correct
She does NOT love you. Try to ask yourself why you are accepting this treatment.,joy,anger,0.7375168204307556,False,joy → anger
Lol omg yesssss. Probably the best suggestion anyone ever told me 🙌🏼,joy,joy,0.9864215850830078,True,correct
Wich stinks for you,neutral,neutral,0.749433696269989,True,correct
Why would I do that?,surprise,fear,0.4763554334640503,False,surprise → fear
"Another day, another Newsweek article reporting what some commentator said on TV.",neutral,neutral,0.9075167775154114,True,correct
Thanks so much for the advice! Will definitely keep that in mind,joy,joy,0.9913689494132996,True,correct
"Subscribed to sjwstories, thanks for informing me about that one!",joy,joy,0.983763575553894,True,correct
I wonder if truly might be work stress. He works long hours at a prestigious law firm. I need to five him more credit.,surprise,surprise,0.9708181023597717,True,correct
I like this feeling,joy,love,0.9741065502166748,False,joy → love
Trusting readers is something we cannot afford in this day and age.,anger,anger,0.5454149842262268,True,correct
"Not really, just wanted to know why specifically you thought he was on gear. (Because I honestly don't see it)",anger,surprise,0.9154344201087952,False,anger → surprise
Don't include me in this us! Just kidding.. We need some love and fast.,joy,joy,0.702677309513092,True,correct
Why would they stop magicking away their shit. That seems more practical than a giant plumbing network.,anger,anger,0.8270348906517029,True,correct
[NAME] can’t hurt us anymore.,neutral,sadness,0.4870591461658478,False,neutral → sadness
You beat nerfed [NAME]. Sounds like tier lists do matter.,neutral,joy,0.5289958119392395,False,neutral → joy
"The [RELIGION] Church has been raping children for decades, that we know about. More likely hundreds of years. Probably since they've existed.",neutral,anger,0.472053200006485,False,neutral → anger
"Other than the jerseys, optic merch is like an after thought. Wish they would step it up more.",neutral,joy,0.8872023224830627,False,neutral → joy
"She's not an hero we deserve, she's an hero we have.",anger,joy,0.5248451232910156,False,anger → joy
out of everyone why AC?,surprise,fear,0.4993479549884796,False,surprise → fear
SO MUCH.,neutral,neutral,0.7328769564628601,True,correct
[NAME] and [NAME] going on a bike tour is awesome IDK why I love it so much,love,joy,0.6636497378349304,False,love → joy
Putting on head phones with a neutral song,neutral,neutral,0.9020470380783081,True,correct
Are you fucking serious? That’s a foul??,anger,anger,0.766228199005127,True,correct
Surely you meant isn't. XD,neutral,joy,0.6718931198120117,False,neutral → joy
This man looks so much older without the cap,joy,neutral,0.4896570146083832,False,joy → neutral
how does asperger feel like,surprise,surprise,0.6778100728988647,True,correct
#cooking #uni #urchin #local #tidetotable #truecooks #seafood #cheflife,neutral,neutral,0.9360482692718506,True,correct
Agreed. There is r/clevercomebacks but this is just not even that.,joy,joy,0.9788740277290344,True,correct
"Dark Crystal, Neverending Story, Labyrinth. My holy trinity of movies I both loved and was intimidated by as a child.",love,love,0.9302403330802917,True,correct
All it takes is just a bit Practice and thanks!,joy,joy,0.9863477945327759,True,correct
"As a lifelong single person, [NAME] offends me. Feels like I'm apart of some demographic that they can live without :(",sadness,sadness,0.9324728846549988,True,correct
So creepy. Made me check my locks.,anger,fear,0.7824713587760925,False,anger → fear
[NAME] I hate my hometown,anger,anger,0.9254889488220215,True,correct
You shut your mouth,anger,anger,0.9538015127182007,True,correct
>I mean look at socialist Germany. Look at Night of the Long Knives.,neutral,neutral,0.8362336754798889,True,correct
Oof that’s terrible,fear,fear,0.9710950255393982,True,correct
Which side story? Thanks for the info!,fear,surprise,0.5258727073669434,False,fear → surprise
People like you with premature ejaculation and poor hygiene should not write long posts. Am I doing it right?,anger,surprise,0.7286930680274963,False,anger → surprise
If only buses had lights or something,neutral,neutral,0.7905721664428711,True,correct
"yikes I am not reading that, the napkins are over there sir, have a nice day",joy,joy,0.44578227400779724,True,correct
"No, it's not that one",anger,anger,0.9446273446083069,True,correct
ah maybe next time,neutral,neutral,0.4461580812931061,True,correct
Well someone posted the ingredients in the comments below. I’m still new to the whole vegan thing.,neutral,neutral,0.5124080181121826,True,correct
You're in luck!,joy,joy,0.9802948832511902,True,correct
"Go look at the top posts of those subs. How far do you have to scroll to get to a ""men are trash"" post?",fear,surprise,0.7942231297492981,False,fear → surprise
Whammer!,neutral,neutral,0.7511012554168701,True,correct
Of course I remember a time when I didn't know what calories were. I was a child.,neutral,joy,0.4260541796684265,False,neutral → joy
"I've had a few blisters from hot welds, but nothing that bad...",neutral,sadness,0.4393896162509918,False,neutral → sadness
"Thank you, its like if you looked a camera that was taking a picture of your ear, you wouldn’t be able to see it.",joy,joy,0.971436619758606,True,correct
Just know that you are the man. Go Isles. Go Flames.,neutral,joy,0.5465467572212219,False,neutral → joy
"Who says they weren’t? If they were, they were probably ignored, or drowned out by the [NAME].",neutral,fear,0.7676880359649658,False,neutral → fear
:) thank you!,joy,joy,0.9914305806159973,True,correct
"Maybe try living a little longer before you talk about things you don't know about, sweaty. NEXT!",anger,neutral,0.6063365936279297,False,anger → neutral
Well if you read my other posts you’d know I did try to end it in a responsible mature way and he refused sooo,neutral,sadness,0.4463709890842438,False,neutral → sadness
"Awesome, love the input! I totally get what you’re saying!",joy,joy,0.9744389653205872,True,correct
I would hate to see another [NAME] situation where [NAME] gets hurt again because he wasn't fully recovered.,anger,anger,0.5150614976882935,True,correct
Much love half purple homie,love,love,0.9927404522895813,True,correct
Molon labe!!!,neutral,neutral,0.9038992524147034,True,correct
The [NAME] did send his only son to score for our Pens! We are REDEEMED!,neutral,neutral,0.51594477891922,True,correct
I know a couple of people who are. It's amazing to watch.,joy,joy,0.9841364622116089,True,correct
Must be a tough life when all you can think about is sad stories to keep you from enjoying anything.,sadness,sadness,0.966210663318634,True,correct
Should I watch this? Will it aggravate me?,surprise,fear,0.7233079671859741,False,surprise → fear
I believe in you. Do what is right for you. I hope you feel better soon too. ♥️🙂,joy,joy,0.6998480558395386,True,correct
That was one of the things that I didn't think about and I already gave a delta for that.,neutral,joy,0.5862374901771545,False,neutral → joy
That's sad. I'm 16 and where I am there are loads of athiests my age. It's great.,joy,sadness,0.8429980874061584,False,joy → sadness
"Same here! I thought too long and hard about whether or not la jolla/Encinitas was known as the ""treasure coast""",joy,fear,0.6469278931617737,False,joy → fear
"Do you have any non anecdotal stuff to say or? Also burden of proof is a thing, you made a claim, prove it or fuck off",anger,anger,0.49092423915863037,True,correct
"I think they are being sarcastic, notice the /s",anger,joy,0.45937579870224,False,anger → joy
"i suppose it did, but the kick follow up whiff is what i was really pointing out",neutral,neutral,0.5397781133651733,True,correct
Toxic feminism is ti blame,anger,anger,0.663517951965332,True,correct
Turns out they weren't wrong about [NAME] either,neutral,neutral,0.7369375228881836,True,correct
Now we need [NAME] to reunite with [NAME],joy,neutral,0.861393392086029,False,joy → neutral
"Yea, I'm willing to bet the auto makers have known about this technology for quite a while.",joy,joy,0.5424503684043884,True,correct
"Rest in peaches J2D or whatever his name was, nice meme",joy,joy,0.8288712501525879,True,correct
Raise them early in the way of the Braves! Congratulations!,joy,joy,0.9757692217826843,True,correct
so glad we picked this guy up. was absolutely terrified when we played against him. dude was in the zone.,joy,fear,0.968100905418396,False,joy → fear
You completely missed the point of the meme...,joy,sadness,0.6612313985824585,False,joy → sadness
I was there in 89-91. Some of the best years of my life.,joy,joy,0.9861537218093872,True,correct
"Wow, you folks sure are salty about losing the midterms! Pathetic?",sadness,surprise,0.875706672668457,False,sadness → surprise
I'm using mine on the Consumer Cellular customers that come in mad at me because they have to set up an Apple Account to use their IPhone.,anger,anger,0.6153103113174438,True,correct
"Lol what a terrific audience. Maybe rich people saying ""come beg"" is kinda like wtf bro.",joy,joy,0.9782916307449341,True,correct
for full video,neutral,neutral,0.905756950378418,True,correct
Yep...this sub blasted me for hating the casey hire and still refuses to admit his big faults,anger,anger,0.9189398884773254,True,correct
"Hey, you ever watch the sopranos before?",surprise,surprise,0.9510543942451477,True,correct
"""I will do what I must.""",neutral,joy,0.6424870491027832,False,neutral → joy
I would love to see some encouragement and smiles on the sideline instead of yelling and whining.,joy,love,0.9826506972312927,False,joy → love
Thank you.,joy,joy,0.9909539818763733,True,correct
I want to be a sister ♥️ I have lots of nail polish I'll help!!,joy,love,0.8488874435424805,False,joy → love
It’s a terrible thing when someone who doesn’t let themselves laugh has a reddit account,sadness,fear,0.9072240591049194,False,sadness → fear
"Thank You, that does seem to be the consensus.",joy,joy,0.9914535284042358,True,correct
"Did anyone else read this and say ""Fuck yeah!""?",anger,surprise,0.7651939988136292,False,anger → surprise
"I'll pass the ""I'm not crying you're crying!"" part. Yeah I'm crying.",sadness,sadness,0.9397395849227905,True,correct
Thank you very much I appreciate the enthusiasm btw do you know more or less how much space will I need to install it?,joy,joy,0.5433279275894165,True,correct
Oh ok that makes sense then! Thanks for taking the time to explain. 😊,joy,joy,0.9883296489715576,True,correct
That specific block is probably one of the worst in the city.,anger,anger,0.8561578392982483,True,correct
When is the battle point for squad spawning back?,neutral,surprise,0.6911563873291016,False,neutral → surprise
He’s a way worse version of [NAME]. I don’t think anyone is putting him in their top 15 besides Bears fans.,anger,anger,0.8889454007148743,True,correct
You're disgusting,anger,anger,0.9813517928123474,True,correct
1. Use chicken thighs 2. Dryness doesn't matter with this much fat.,neutral,neutral,0.7656457424163818,True,correct
"Exactly. We’re only here for the money, assholes.",anger,anger,0.9099084734916687,True,correct
She is probably cheating on you. :(,sadness,sadness,0.9303231239318848,True,correct
at least you’re getting hit on,neutral,joy,0.5024712681770325,False,neutral → joy
The reaction was contained under the bandaid due to big pharma’s nanobot technology to help disguise the TRUTH. :P,joy,neutral,0.7073050141334534,False,joy → neutral
"It would be mostly home-grown terrorism, angry at all the people fleeing from overseas terrorism.",anger,anger,0.8993668556213379,True,correct
Ah good call - I dont plan to take submissions for that reason,joy,joy,0.8834349513053894,True,correct
Personal insults aren't allowed around here. 1 week ban for first offense.,anger,anger,0.8330767750740051,True,correct
I've been watching it recently and it is such an amazing show!,joy,joy,0.9905649423599243,True,correct
Why would you mention [NAME]? Lol,joy,joy,0.9379733204841614,True,correct
Don’t tempt me!,anger,anger,0.7307178974151611,True,correct
I hope you get the help you need. Truly.,joy,joy,0.9843195080757141,True,correct
Not sure if we can call him ginger anymore. That hairline went into a recession that'd put 2009 to shame.,fear,fear,0.9563442468643188,True,correct
I love this ahahah,love,love,0.9900398850440979,True,correct
U guys are like match made in heaven ♥️♥️♥️,joy,love,0.7227842807769775,False,joy → love
Ah yes I used to enjoy those. Before the dark times. Before the days of a FOX less Netflix.,joy,joy,0.9590574502944946,True,correct
"First [NAME], now [NAME]. Stop the conks. Please.",anger,anger,0.6772029995918274,True,correct
This is one of the worst I've seen...,anger,anger,0.9074709415435791,True,correct
"[NAME] for reasons of his ACL. Although, assuming everyone on the list was fit to play, I'll say [NAME].",joy,neutral,0.8843924403190613,False,joy → neutral
Almost like being in Love by [NAME].,love,love,0.9723680019378662,True,correct
"[NAME] was *actually blacklisted* by the ""victims"" but yeah *he* must have had the power to blacklist *them*... what?",neutral,surprise,0.5456375479698181,False,neutral → surprise
RemindMe!,neutral,neutral,0.9516004323959351,True,correct
"I regale them with stories of times when the dfaq runs out of chocolate cake, reminding them that we too can sometimes have it rough.",neutral,neutral,0.6624979376792908,True,correct
Your username makes me think you would appreciate this joke of mine.,joy,joy,0.9752527475357056,True,correct
SCREENSHOT THIS.,neutral,neutral,0.9388228058815002,True,correct
"Apparently, you'd want an Alberta with a censor on what we read. Bully for you.",anger,anger,0.8051969408988953,True,correct
I sure hope so,joy,joy,0.9656686186790466,True,correct
You seriously reposted your repost of the same repost you reposted again.,anger,neutral,0.6372086405754089,False,anger → neutral
Let’s gooooo WHI,neutral,neutral,0.8701595067977905,True,correct
made my first reddit account to downvote this. thanks?,joy,joy,0.6438799500465393,True,correct
thats some very advanced way of thinking - and I dont think I was able to do that when I was 18,joy,joy,0.3610681891441345,True,correct
Mmmmm tasty 🅱️estrogens,neutral,neutral,0.5195366144180298,True,correct
Damn. I'm sorry. What misery.,sadness,sadness,0.9821329712867737,True,correct
Oh interesting username,joy,surprise,0.556349515914917,False,joy → surprise
Thank you for saying this. It is disrespectful to me. And it hurts.,joy,sadness,0.5867714881896973,False,joy → sadness
You should've smashed his head into it.,anger,anger,0.8849585652351379,True,correct
Looks like emotionally and physically beating the shit out of his wife and children was not wasted then.,neutral,anger,0.5983814597129822,False,neutral → anger
> don't tax anyone what a stupid idea.,anger,anger,0.9689906239509583,True,correct
Before telling you anything....what exactly do you want out of this?,surprise,surprise,0.6723204851150513,True,correct
I just tell myself that I'll be put together for some girl. She won't have to treat me like a fixer upper.,neutral,joy,0.5033953785896301,False,neutral → joy
The only cringe is some of y'all obsessing over every little thing Eureka does.,neutral,fear,0.9435950517654419,False,neutral → fear
Don’t wait. Take control of your life back and leave. You know that’s what’s going to happen.,neutral,joy,0.5695135593414307,False,neutral → joy
"Aww, thank you [NAME] for capturing me!!",joy,joy,0.9912956953048706,True,correct
Ohh.. Thank you!,joy,joy,0.9909783601760864,True,correct
And *they are the ones* talking about NPCs!,neutral,neutral,0.9322958588600159,True,correct
Well thanks for sharing. I loved it. Do you know of any others from them that aren't well known?,joy,surprise,0.4666003882884979,False,joy → surprise
Petey ot [NAME]. Let's go. Hockey gods cannot forsake us this much,neutral,neutral,0.735236644744873,True,correct
And yet it looks like one thing you can't is read. Shame shame.,sadness,sadness,0.95086270570755,True,correct
Shit you are right! I can't believe I forgot to mention that as well! Thanks for pointing that out ;),joy,joy,0.8751292824745178,True,correct
I get wound up over completely imagined conversations too 😅 I'm trying to meditate and learn to stop myself from going down the rabbit hole.,joy,joy,0.7193706035614014,True,correct
"If a woman forces a man's penis into her vagina, that ABSOLUTELY IS a crime. Not sure what you're smoking.",fear,fear,0.9339521527290344,True,correct
"[NAME], he’s who I’m most excited to see develop",joy,joy,0.9877105355262756,True,correct
no one cares my guy,sadness,sadness,0.9398061037063599,True,correct
Contractions is equivalent....body can only deal with...us women with labor.....I don’t like the way this person speaks.,anger,anger,0.9793018102645874,True,correct
"As a Jeep driver, I constantly have to remind other Jeep drivers that 4WD/AWD only makes a difference when driving. Everyone has 4-wheel stop.",neutral,neutral,0.6074822545051575,True,correct
making photos look pretty,joy,joy,0.8881315588951111,True,correct
Maybe [NAME].,anger,neutral,0.8976545929908752,False,anger → neutral
But they are spectacular.,joy,joy,0.9607482552528381,True,correct
She's absolutely stunning in that photo,joy,joy,0.9819229245185852,True,correct
Dummy I'm disagreeing with you,anger,anger,0.9771513938903809,True,correct
"I would try rubbing alcohol, high percentage. Looks greasy to me.",joy,neutral,0.5259048342704773,False,joy → neutral
"Gross. I hate using those reusable cloth ones because they retain smells. You've got cats? I know, I can smell them.",anger,anger,0.9528064727783203,True,correct
I don't know any but my own I'm afraid.,fear,fear,0.9920857548713684,True,correct
Most valuable comment,joy,joy,0.9307926893234253,True,correct
"[NAME], learn some fucking grammar and punctuation. Maybe use some paragraphs. Just an idea.",anger,anger,0.7935434579849243,True,correct
Yeah. If you try not to ignore the photos it's right there.,joy,joy,0.7670543789863586,True,correct
This internet stranger is also super proud of you! Way to go!!!,joy,joy,0.9827524423599243,True,correct
"Man, I assumed it was already out and I'd missed it.",fear,sadness,0.7855185866355896,False,fear → sadness
Idiots are downvoting your correct comment.,sadness,anger,0.9557518362998962,False,sadness → anger
If that’s true it’s very desperate. You would think he had some better way of communicating.,sadness,sadness,0.5941826105117798,True,correct
I believe that you can search for providers here. Good luck and good on ya.,joy,joy,0.9758478999137878,True,correct
Because the hierarchy is afraid they’ll get burned.,fear,fear,0.9698383212089539,True,correct
Nah I dont think the panthers are good enough,anger,anger,0.9667245149612427,True,correct
[NAME] what a dork you are to think the above comment means I am daft to the behavior endured by women for way too long.,neutral,anger,0.9363515973091125,False,neutral → anger
It's cool.,neutral,joy,0.9647752642631531,False,neutral → joy
I came here to say this.,neutral,neutral,0.8401588201522827,True,correct
"Oh man, what was the name of that show. It feels so familiar. Haven't watched MTV in, I don't know, 15 years?",surprise,surprise,0.8153201937675476,True,correct
Life beat you to it by years,neutral,neutral,0.7329801917076111,True,correct
I hope so but doubt it...,joy,fear,0.8888281583786011,False,joy → fear
Oooh. Look! Big man over here!,joy,surprise,0.6230257749557495,False,joy → surprise
"2010. [NAME] being all desperate, [NAME] return. Shit was gold",neutral,neutral,0.4939459562301636,True,correct
"I wouldnt go that far, but paranoid schizophrenia can definitely do that to someone. Even mild social anxiety can also cause it, though",neutral,fear,0.7067545652389526,False,neutral → fear
Oi us cancers don’t want him either! We respectfully pass his birthday to April,joy,neutral,0.44573330879211426,False,joy → neutral
This almost certainly should not have gone to OT. SEC refs are bad CBB refs are bad,anger,anger,0.7868584394454956,True,correct
Normally drop n roll. In this case I would remove my clothes because I doubt rolling would help.,fear,fear,0.6502534747123718,True,correct
Let's go boys,neutral,neutral,0.7676626443862915,True,correct
"Not at all. It's great of course for financial reasons, but it then makes me worried about how much time she'll have for a relationship.",sadness,fear,0.6462675333023071,False,sadness → fear
I agree!!! His character has grown so much throughout the entire series and I was very disappointed that he ended up with her.,joy,sadness,0.8468793034553528,False,joy → sadness
"Matchroom squad dismiss [NAME] as not existing anymore, the sky media influence is scary",fear,fear,0.9808794856071472,True,correct
[NAME] didn't want to deal with [NAME] (reasonable) and [NAME] had more foreign policy experience and credentials than [NAME] did at the time.,neutral,neutral,0.8697937726974487,True,correct
I love you guys. Beers on me,love,love,0.9928263425827026,True,correct
"Unfortunately for you, no one of importance cares about your absurd views.",sadness,anger,0.7065990567207336,False,sadness → anger
"making us look like punks, disappointing",sadness,sadness,0.9883832335472107,True,correct
End this relationship NOW. And please learn from it!!,anger,anger,0.6007620692253113,True,correct
"I’ve legitimately never heard anything about disabled men relying on prostitution, nor have I heard any arguments using disabled men as a rationalization for prostitution.",neutral,anger,0.7706842422485352,False,neutral → anger
"Ah, the old [NAME] to [NAME] to [NAME] to [NAME] pipeline.",neutral,neutral,0.9075376987457275,True,correct
"iirc they were changing a few servers names, tht might have caused a few issues",neutral,fear,0.6565727591514587,False,neutral → fear
[NAME] vs. Being an actual coach,neutral,neutral,0.8882811069488525,True,correct
Probably the most rational way to look at this entire scenario - thanks for posting this my dude. That comment set me straight again.,joy,joy,0.9795133471488953,True,correct
"I provoked by breathing too hard. And yes, I hate that.",anger,anger,0.9806514382362366,True,correct
Someone made a similar joke and got 500 down votes.,joy,neutral,0.593050479888916,False,joy → neutral
[NAME] was a great coach,joy,joy,0.9723629355430603,True,correct
Fuuuuuck. That’s the worst I’ve seen.,anger,anger,0.9658953547477722,True,correct
It is. You generally need 5 down and 5 up to play reliably. Also wired.,anger,neutral,0.7838793396949768,False,anger → neutral
"[NAME] that website is cancer. Also I love how the main ""entertainment"" in it is straight up harassment.",love,love,0.9816243052482605,True,correct
This is really cool and well made!,joy,joy,0.9905984997749329,True,correct
Surprise my what now?,surprise,surprise,0.9828811883926392,True,correct
I will always love ohare because it is the home alone airport,love,love,0.9919593930244446,True,correct
Go play Farmville if you can't keep it up.,anger,neutral,0.5522151589393616,False,anger → neutral
"He is nearly 25, can't shoot, can't dribble and does nothing great. He wont improve much.",anger,sadness,0.7867218852043152,False,anger → sadness
So [NAME] is really a fan of playing the bench vs the other team's starters at the end of halves. Really finding every tanking edge possible.,joy,neutral,0.7376547455787659,False,joy → neutral
"yeah, those seem like they'll flop around quite safely...",joy,joy,0.8625167608261108,True,correct
"Glad you enjoyed man, yeah it was pretty spontaneous too, I was praying I wasnt about to pull some bartard move and get jammed lol.",joy,joy,0.9766938090324402,True,correct
I'm here again to say I love your art and it brings me joy when you post it on this sub bye!,joy,love,0.7254252433776855,False,joy → love
Hmm... [NAME] looks like [NAME] from Nickelodeon,neutral,neutral,0.7506611943244934,True,correct
"Too easy. I’m selling at $18k on Jan 12, 2021 so I can be pissed at myself for not selling the top",anger,anger,0.7734556794166565,True,correct
"College is a very lonely place. Very stressful, very lonely. [NAME]. Good luck out there man.",sadness,sadness,0.9437933564186096,True,correct
That feeling when your mascot is there but none of his players. Sorry Youppi,neutral,sadness,0.9865230917930603,False,neutral → sadness
"Omg, thank you!",joy,joy,0.9846038222312927,True,correct
"Interesting. Even if most disagree with it, I'd love to aee a resurrection of some sorts in IX.",love,joy,0.4640878438949585,False,love → joy
True! He probably is just lonely. Thank you for the kind words :),joy,joy,0.9709290862083435,True,correct
This is amazing,joy,joy,0.9891679286956787,True,correct
"It looks like how [NAME] is introducing the comedians in ""Whose line is it anyway ?""",neutral,neutral,0.8799547553062439,True,correct
clearly no one is getting my joke oof.,anger,sadness,0.5788532495498657,False,anger → sadness
Adoration is definitely something I could do more of. Thank you!,joy,joy,0.9922807812690735,True,correct
That’s pretty accurate,joy,joy,0.9808247685432434,True,correct
Also one of my favorite parts of this story.,neutral,love,0.9746164679527283,False,neutral → love
What was the end result of this?,surprise,surprise,0.9097546935081482,True,correct
They have directly targeted civilians. It's disgusting.,anger,anger,0.9799239039421082,True,correct
"looks cool, i want it now.",joy,joy,0.987083911895752,True,correct
The applause came from [NAME] and his group.,joy,joy,0.6366559863090515,True,correct
"Um, excuse me? I'm a *rolling* rabbit hole, thank you",joy,joy,0.520480215549469,True,correct
In the first combo if you just do the b+k instead of even bothering to kick it does 1 more damage Not much obviously but yeah just a thought,joy,neutral,0.5315316319465637,False,joy → neutral
I don't find anything about women appealing.,anger,anger,0.952500581741333,True,correct
"-30°, then again I'm only 16. Been a while since these temps have come around so it's not pleasant.",anger,anger,0.7475656867027283,True,correct
TOO. MUCH. HESITATION. [NAME] should've gotten that on net a second earlier,neutral,neutral,0.7962139248847961,True,correct
How did you get them for free?,neutral,surprise,0.8587279915809631,False,neutral → surprise
Very cool.,neutral,joy,0.9812443852424622,False,neutral → joy
Resetting a dislocated knee hurts like hell but it feels a lot better immediately after.,joy,joy,0.45023927092552185,True,correct
I know I am still going to frequent Argonaut and my other neighborhood family owned liquor store.,joy,joy,0.49550047516822815,True,correct
Someone with erectile dysfunction already can't (conventionally) orgasm. What the fuck are you talking about?,anger,anger,0.9686543941497803,True,correct
Furry and scaly damn,neutral,anger,0.6488757133483887,False,neutral → anger
This whole comment is just reeeing about reeeing. Reeeception,neutral,neutral,0.8308866024017334,True,correct
"Maybe with spelling, but his dad watches SNL every week I betcha.",neutral,neutral,0.7221640348434448,True,correct
Wow! I’m barely 2 cities over and it isn’t even nearly that cold :o,joy,surprise,0.8933117985725403,False,joy → surprise
This is creepy.,fear,fear,0.8891187906265259,True,correct
Would love to donate as well!,love,love,0.9631534218788147,True,correct
"I think my worry would be if another dog attacks mine, they wouldn't be able to defend themselves",surprise,fear,0.9630513787269592,False,surprise → fear
What a charming puddle of smegma.,joy,joy,0.6988909244537354,True,correct
I'm flattered but I'm a good [RELIGION] scarf,joy,joy,0.9651480317115784,True,correct
"Result of ""I have camera so I'm invincible"" syndrome.",neutral,neutral,0.7303743362426758,True,correct
Why is neighbour spelt incorrectly?,surprise,fear,0.5755699276924133,False,surprise → fear
"That would be okay, I guess.",joy,joy,0.9142554402351379,True,correct
"Paraphrasing [NAME], this brought warm feelings to my heart.",joy,love,0.9290440082550049,False,joy → love
That's interesting. Have you used it to register on many sites/services?,surprise,surprise,0.9117428064346313,True,correct
"And big boobs! Like, what?",neutral,surprise,0.8529905080795288,False,neutral → surprise
You’re not a loser. You’re a whole and complete person unto yourself.,joy,joy,0.5896589756011963,True,correct
"We've been linking that dodgy-as-hell Ukrainian site for years, so go nuts.",neutral,anger,0.6105191111564636,False,neutral → anger
"For liquids I might leave the ""7"" out and make sure your citizens are the only race that can spawn in highly savage areas.",neutral,neutral,0.5012766122817993,True,correct
"Excellent collage, I learned so much from all these guys. The community is great, the unconfiscatable conference was awesome 🙏🏽🙏🏽",joy,joy,0.9905333518981934,True,correct
"Lol you're so close to getting it, dude. So close.",joy,joy,0.9850630760192871,True,correct
Yeah mason wasps are nasty little Tucker’s.,neutral,anger,0.955542266368866,False,neutral → anger
Thank you for clarifying. I was just thinking about how picky a lot of my family is (adults as much as kids).,joy,joy,0.984980046749115,True,correct
"Actually maybe the OP is not an INTP, have you thought about that!!",surprise,surprise,0.7587734460830688,True,correct
"With [NAME] and [NAME] back, and [NAME] waiting in the wings, would you still want an EDGE in round 1?",neutral,surprise,0.7288756370544434,False,neutral → surprise
So this is what edging feels like,neutral,neutral,0.7433416843414307,True,correct
Sorry you had to live there. Good news is they are demolishing it in 2020.,sadness,sadness,0.745005190372467,True,correct
"Considering how beautiful every single person is, there is far too much ugliness on Earth.",joy,joy,0.7569659352302551,True,correct
/u/897w346354365fdddfs said: > You're funny You're shilly,joy,joy,0.9306515455245972,True,correct
"Yes, I'm just banking on the fact that there will be a bigger idiot than me out there. :-)",neutral,joy,0.7301470041275024,False,neutral → joy
Perfect! Put it in a form they can understand!,neutral,joy,0.8188483715057373,False,neutral → joy
Because your considered “boring”. Girls love drama. It’s a thing.,neutral,love,0.7366152405738831,False,neutral → love
"That made me smile. Thank you!! And yes, definitely replacing her on my reference list lol.",joy,joy,0.9910557270050049,True,correct
Logic and facts are verboten on that sub. Truly bizarre that people are that sensitive.,neutral,anger,0.6219543814659119,False,neutral → anger
Well the good news is once all the boomers die off you won't have any pesky old people to blame anymore.,joy,joy,0.8468560576438904,True,correct
What a cute little accident you turned out to be,joy,joy,0.915299654006958,True,correct
Just wanted to mention--Brazos Bend is closed due to flooding until next week.,neutral,neutral,0.6848989129066467,True,correct
Because making 44% of the team's total TD catches is not enough!?! Please tell me this is BS.,neutral,anger,0.9055850505828857,False,neutral → anger
"That's horrible, good to know she is with an awesome guy.",joy,joy,0.9643000364303589,True,correct
Oh bb please tell me about possible sanctions,neutral,surprise,0.9185802340507507,False,neutral → surprise
I’ve been using the Greiss poke check on [NAME] as mine since it happened.,neutral,neutral,0.8055615425109863,True,correct
Yeah thank you you ungrateful bast.....,anger,joy,0.5181007981300354,False,anger → joy
I don’t know who the hell [NAME] is but I am now curious after seeing the word “again”.,surprise,surprise,0.9866068363189697,True,correct
Great idea! Thanks :),joy,joy,0.9909529685974121,True,correct
Yeah I sympathize with this sentiment. The flow of Michigan fans into the cfb subreddit this year was overwhelming. Even as a fan I was irritated.,anger,anger,0.8002668023109436,True,correct
Well [NAME] made me laugh,joy,joy,0.9643094539642334,True,correct
"Ah, a classy man",joy,joy,0.8430024981498718,True,correct
"I swear to [NAME], I'm going to approach you. Instead of running away, I'll come right to you.",neutral,neutral,0.5269103050231934,True,correct
I always give my disclaimer when he asks for my phone number. I understand and respect my situation could be a deal breaker for some.,neutral,joy,0.7995212078094482,False,neutral → joy
"[NAME] funny, girl.. not so much",joy,joy,0.9360727071762085,True,correct
My coworker got cheated on by her boyfriend of 8 years and needs a night out so I can't even get out of it sigh.,neutral,sadness,0.9720650911331177,False,neutral → sadness
The DPRK is ethno fascism,neutral,neutral,0.8139835596084595,True,correct
Da real MVP,neutral,neutral,0.7299526929855347,True,correct
Best NYG draft pick EVER!!!!,neutral,joy,0.9666367173194885,False,neutral → joy
"Holy smokes, good jobs!!!",joy,joy,0.9703003168106079,True,correct
"I know, that's why it's a little unfortunate they don't have a test.",fear,sadness,0.9787229299545288,False,fear → sadness
"Ok, we get it. You're a top.",joy,joy,0.9038763642311096,True,correct
We finally lost a game while I was shuffling my tarot deck and now I can’t decide if I should try again or if the luck ran out,sadness,fear,0.9537465572357178,False,sadness → fear
Stick your head in a blender and leave it on for all year. Turn it off for October and half of November...then right back into it,neutral,neutral,0.8355012536048889,True,correct
"I got bad news for ya'll. I picked Chargers, Colts, Saints, and Cowboys to win. So Eagles might be winning :/",sadness,sadness,0.9698514342308044,True,correct
At least she's correct,joy,joy,0.8965969681739807,True,correct
I believe the term is grill inspector,neutral,neutral,0.5254831910133362,True,correct
[NAME] death is just so..... senseless. Why? WHY??? The based gods have forsaken us,sadness,sadness,0.4531562924385071,True,correct
You're not really pissing anyone off. Mostly we just pity you.,neutral,sadness,0.5762972235679626,False,neutral → sadness
Interesting. Such a different approach than the evangelist efforts I’ve experienced from “mainline” [RELIGION].,neutral,surprise,0.4831012189388275,False,neutral → surprise
"Of course man, I really appreciate this. But it's okay, I can just message you through here. It's fine:)",joy,joy,0.9888787269592285,True,correct
Dave & Buster’s is a great suggestion!,joy,joy,0.983130931854248,True,correct
"I can’t help but notice they didn’t show [NAME], [NAME], or the most dramatic transformation of all, [NAME]",neutral,sadness,0.5322746634483337,False,neutral → sadness
In other news; Water is still wet.,neutral,neutral,0.8943410515785217,True,correct
"""Here's your fucking well done with pink in the center [NAME], jsut like youre stupid fucking table wants!""",anger,anger,0.9505235552787781,True,correct
Same. Right after I replaced the screen. So now I have a cracked phone,neutral,sadness,0.9460978507995605,False,neutral → sadness
Saying that combo with a straight face after the fucking mess that went into the last UFC event should be hard.,neutral,anger,0.9167691469192505,False,neutral → anger
Got it. Sorry you feel that way man. I hope you find your own way to impact the game or enjoy it next year.,joy,joy,0.676662802696228,True,correct
Good luck and have fun,joy,joy,0.9827020168304443,True,correct
"Honestly, I'm just happy I got traded to you guys, rather than a team like the Leafs or H*bs",joy,joy,0.9728029370307922,True,correct
Right now it sucks ass I gotta squat in snow in the freezing cold in the back yard of my apartment complex holding a little bong,anger,anger,0.7762728929519653,True,correct
"Ah yes, downvoted somebody for being different. Ever acceptant.",neutral,joy,0.32753539085388184,False,neutral → joy
If it's true i'm sad he's leaving but I wish him nothing but the best.,sadness,joy,0.5346397161483765,False,sadness → joy
"I mean, they did just that in Djibouti I believe, and Sri Lanka before. Hopefully Kenya can avoid the debt trap",joy,joy,0.9262073636054993,True,correct
"Congrats! Enjoy a free slice, I think you know what to do with this 🍕",joy,joy,0.9882810711860657,True,correct
[NAME] is pretty cute...,joy,joy,0.8225902915000916,True,correct
"Interesting read, but horrible format on mobile.",joy,joy,0.575961172580719,True,correct
30 bombs won’t be enough for me to feel good running [NAME] and his career .291 OBP out there every day,neutral,sadness,0.4192256033420563,False,neutral → sadness
You mean I shouldn't be doing treating it that way now?,surprise,surprise,0.5864300727844238,True,correct
Oh hell no,surprise,anger,0.9696304798126221,False,surprise → anger
"[NAME]! Fun fact, it was [NAME]. who led the stacked 86 Mets rotation in wins with 18.",neutral,joy,0.8410544395446777,False,neutral → joy
[NAME] wept.,sadness,neutral,0.5701197385787964,False,sadness → neutral
I hear you buddy. I rage so hard my jaws lock,neutral,anger,0.9356931447982788,False,neutral → anger
I haven't seen a single [NAME] article. But there have been a few [NAME] articles around recently.,joy,neutral,0.9279450178146362,False,joy → neutral
It still wouldn't make sense. The problem isn't the looks,anger,anger,0.875897228717804,True,correct
they already ruined their own lives by having an affair. the other spouse knowing is just a consequence of their selfish actions.,anger,sadness,0.6982146501541138,False,anger → sadness
"If I ever see that in my area, that will be a bullet to the head. Fuck Reddit's rules.",anger,anger,0.972674548625946,True,correct
I will thanks :),joy,joy,0.991334855556488,True,correct
He's protecting and defending the angels now 💚,joy,neutral,0.5424243211746216,False,joy → neutral
Fixed That For You,joy,neutral,0.5211883783340454,False,joy → neutral
And then they got shot down,neutral,sadness,0.49482572078704834,False,neutral → sadness
Maybe it’s flaccid and shaking it makes sense when you’re being put under in the comments. loool read a few pounds.,neutral,neutral,0.535746693611145,True,correct
... [NAME] derangement syndrome sufferer spotted. What drivel you crazy lunatics say... The lies and falsehoods along with the out of place fearmongering is getting really annoying...,anger,anger,0.9752981662750244,True,correct
Those fingers disturb me the most,anger,sadness,0.8349579572677612,False,anger → sadness
Thanks man 🙏🏽,joy,joy,0.9910479187965393,True,correct
Do not use logic dude. Not cool.,anger,anger,0.9634241461753845,True,correct
AOC used the exact version that [NAME] had been pushing for years. So it's no surprise that its nuclear-phobic.,neutral,neutral,0.6906699538230896,True,correct
4. Go out and show [NAME] is still a stud and free agents should want to come here and play with our young core,neutral,joy,0.5123067498207092,False,neutral → joy
Maybe she'll finish Wardenclyffe Tower and stop Slappy and his monsters!,neutral,neutral,0.5061747431755066,True,correct
Want too big and lean to be naturally achievable.,joy,joy,0.539043664932251,True,correct
Absolute queens! ❤🏳️‍🌈🏳️‍🌈🏳️‍🌈,joy,love,0.6426582336425781,False,joy → love
Drive safely now.,joy,joy,0.759366512298584,True,correct
Uhhh I want someone to do this for me!,joy,joy,0.8615368008613586,True,correct
Really? First I’ve heard of it lol.,joy,joy,0.5610952377319336,True,correct
Team Hina FTW!!!!,neutral,neutral,0.805316150188446,True,correct
"It will be carefully tailored to piss their parents off, which I will enjoy greatly :-)",joy,joy,0.9448322653770447,True,correct
Please treat me with modern medicine. I have gastroparisis.,joy,joy,0.7580570578575134,True,correct
Again it's weed not heroin. Smoke it. Or sell it.,anger,neutral,0.811143159866333,False,anger → neutral
"Try nonchalantly handing them your card as if they had dropped it. I think its normal to be shy. *handing on exit, otherwise it could get awkward",sadness,sadness,0.38860994577407837,True,correct
"My ETL been trying to tell us every box should take us 30 seconds max, and everyone ive asked about that has laughed and called it bullshit",anger,joy,0.5769274234771729,False,anger → joy
Praise the [NAME] for REALITY! WOOF!!!!!,joy,joy,0.8653881549835205,True,correct
"No, it means you have a problem with homophobia and paranoia. A big one. No pun intended.",anger,anger,0.8429467082023621,True,correct
You have to have a high IQ to understand Rick and Morty.,neutral,joy,0.5465591549873352,False,neutral → joy
One of the most posted things on reddit. Please delete,neutral,anger,0.8334217071533203,False,neutral → anger
Not sure if guys like that are better or worse than regular Incels.,fear,fear,0.9817302227020264,True,correct
xD Add it to the meme list guys,neutral,neutral,0.8052901029586792,True,correct
Then why isn't he the one wanding people?,surprise,surprise,0.520724892616272,True,correct
The [NAME] finger wag was sexy as hell.,joy,joy,0.9368287324905396,True,correct
What a finish,joy,joy,0.8037779331207275,True,correct
That’s funny to me because all of the teachers of the month this year (with 1 exception) have been science.,joy,joy,0.9765119552612305,True,correct
These refs are remarkably terrible tonight. So are the sabres but wow some terrible calls.,fear,fear,0.6389105916023254,True,correct
I'm glad you have someone to help you out! Perhaps over time you'll find it easier.,joy,joy,0.9854497909545898,True,correct
What a nutbar lol,joy,joy,0.9659738540649414,True,correct
Oh I wish. 40.,joy,joy,0.9469250440597534,True,correct
Guilty as well!,sadness,sadness,0.9863592982292175,True,correct
I have crowns and I thought I needed a mouth guard but it seems like I don’t anymore.,joy,fear,0.5441261529922485,False,joy → fear
"Thanks so much, I appreciate the feedback and will send it along the way.",joy,joy,0.9917815327644348,True,correct
I'll be surprised if *Monty Python's Life of Brian* wasn't one of those.,surprise,surprise,0.9854119420051575,True,correct
Well that's disgusting,anger,anger,0.9809669256210327,True,correct
"Like at the time, he wasn't one of the best defenders in the league. But grew into one.",joy,neutral,0.48420998454093933,False,joy → neutral
"Yeah, and in Brazil we write only in cursive so I don't get those people.",joy,fear,0.9206631779670715,False,joy → fear
It hasn’t happened yet. Just talk to the supervisor or HR. In the meantime don’t borrow trouble.,joy,neutral,0.41243189573287964,False,joy → neutral
Also looks pretty ♭,joy,joy,0.9250452518463135,True,correct
It'll get you 9125 CENTS. Poor soul multiplied 365 by 25 without realizing the mistake,neutral,sadness,0.9220459461212158,False,neutral → sadness
They are both good in their own way. But the us is funnier lol,joy,joy,0.9828684329986572,True,correct
Did you kill the shark to get the shark teeth for your necklace yourself or was it premade? Thanks [NAME]!,joy,surprise,0.6688867807388306,False,joy → surprise
I’m starting to worry that [NAME] is not okay,joy,fear,0.9695411920547485,False,joy → fear
"I'll see what I can do, thanks man.",joy,joy,0.9875171780586243,True,correct
Sign my name to it too lol it was so awful we deserve pain and suffering for that!,anger,anger,0.5730380415916443,True,correct
"well, most of them won't even get that far because the second you start explaining it they plug their ears and start screaming about socialism.",neutral,anger,0.6323884129524231,False,neutral → anger
"""Moose killed my parents.""",anger,sadness,0.6682749390602112,False,anger → sadness
I’ve exposed on social media. It made me feel better so I don’t care what anyway has to say about it.,joy,joy,0.8511601686477661,True,correct
"It doesn’t work as well as you’d think, but thanks either way",joy,joy,0.46051132678985596,True,correct
This was very helpful to me. Thanks for explaining it so well.,joy,joy,0.9917665123939514,True,correct
This made my rainy day,joy,joy,0.6984317898750305,True,correct
I was hoping you could. :),neutral,joy,0.9689348936080933,False,neutral → joy
"Some people just need reassurance that they are, in fact, dumb.",anger,neutral,0.4814578592777252,False,anger → neutral
Softest fans in sports,neutral,neutral,0.7277618050575256,True,correct
"Before the camera was on him, he noticed the atrocious fake jersey on the nimrod beside him.",neutral,neutral,0.599789559841156,True,correct
at least it wasn’t the evil [NAME].,joy,neutral,0.5144153833389282,False,joy → neutral
"Thanks for having that self awareness, as a physician in training I feel stupid daily. It's a very humbling job",joy,joy,0.9608758091926575,True,correct
"Yes, your trolling is very good. You’re so brave for giving us the opportunity to downvote your sock account to hell.",neutral,joy,0.9195194840431213,False,neutral → joy
"me too, always smoke a cig with the joint, they are best friends",neutral,neutral,0.5831677913665771,True,correct
It's real enough sadly. Kin have been around for awhile in their own corners of the net.,neutral,sadness,0.9866284132003784,False,neutral → sadness
Yeah I wish they could just finish 9th every year in the conference,joy,joy,0.9721570611000061,True,correct
"Thanks, saved. Will watch it tomorrow morning :)",joy,joy,0.9906817674636841,True,correct
oh cool! Must be tiring for [NAME] though. Looking forward to watching them!,joy,joy,0.9536941647529602,True,correct
">Pay workers more and charge customers less. I mean, they're a publicly traded company",neutral,neutral,0.8583927750587463,True,correct
Apologize to [NAME],neutral,sadness,0.9795113801956177,False,neutral → sadness
That took a turn.,neutral,neutral,0.8896175622940063,True,correct
Seems like [NAME] got shot by the **japanising beam**,neutral,neutral,0.6887171268463135,True,correct
The [NAME] story is pretty amazing. Excellent stuff! My ears are both firmly attached. Thanks.,joy,joy,0.9907145500183105,True,correct
So no. All you have is lies and delusions. Thanks for the confirmation,joy,joy,0.675781786441803,True,correct
Ouch. Hurts because it's true.,sadness,sadness,0.8358235955238342,True,correct
"> no money at what normal, un-secterian people want! Surely not being sectarian should be considered normal in a civilised democratic society",neutral,neutral,0.6878370046615601,True,correct
No worries! 😊,joy,joy,0.860722005367279,True,correct
Added to my meme folder. Thanks!,joy,joy,0.9884368777275085,True,correct
"Thank you for the great recommendation. I'll get on that as soon as I can, and keep you updated.",joy,joy,0.9912543892860413,True,correct
Protestantism never cease to amaze me with its joke of theology and non existent historical justification.,neutral,surprise,0.81955486536026,False,neutral → surprise
"I like having roads, schools, and drinkable water? You confuse a man for a paranoid.",surprise,fear,0.41881507635116577,False,surprise → fear
Feels good man,joy,joy,0.967793881893158,True,correct
I'm legit posting this everywhere. It's hilarious. I've given you many chances.,joy,joy,0.9822951555252075,True,correct
So... she just won the lottery!!,joy,joy,0.7622261047363281,True,correct
"I'm struggling to find what you're referring to here, could you maybe add something that points to it?",fear,fear,0.9088464975357056,True,correct
"Thank you, I know you’re right, I’m just overthinking for sure",joy,joy,0.988702654838562,True,correct
Wait so I shouldn't try to sell my shavers by telling my customers that they aren't good enough and could do better? Damn.,anger,anger,0.8286843299865723,True,correct
I’ve woken up next to some shocking things but just imagine finding the top of a police car in your room.,neutral,surprise,0.9460994601249695,False,neutral → surprise
I met bf of 3 yrs on it,joy,neutral,0.585178017616272,False,joy → neutral
"Not really, more of a fence...",neutral,neutral,0.644819974899292,True,correct
"He did. He needs the facial hair, and that haircut is horrible he should just shave it and start over.",neutral,anger,0.7998048663139343,False,neutral → anger
Saints Moderators are busy banning tonight!!,neutral,neutral,0.7438983917236328,True,correct
Tell me a couple,neutral,surprise,0.6349003314971924,False,neutral → surprise
"Best not let [NAME] near him, what with her oils and all...",anger,neutral,0.8430225253105164,False,anger → neutral
Too many injuries. I predict he will be off the roster by September.,joy,sadness,0.8869093060493469,False,joy → sadness
"What was that behind the back nonsense, criminy. TO THE BENCH",anger,surprise,0.4015575051307678,False,anger → surprise
Trinity: Ru: >THIS IS THE TOP LEVEL DRAG YOURE DOING IT HERE RIGHT NOW,neutral,neutral,0.822902500629425,True,correct
"I’ve learned to just laugh these off, and try not to dwell on them.",neutral,joy,0.9245456457138062,False,neutral → joy
It’s a nice basket.,joy,joy,0.9722041487693787,True,correct
"Maybe he *did* leave the building. If you can't find him, he could've left without you knowing. Is that better or worse?",fear,fear,0.836215078830719,True,correct
Threatening to drive your sisters into the ocean is illegal. It's called making a terroristic threat or menacing and can cause her to lose access to your sisters,fear,fear,0.5241867303848267,True,correct
Ok google it then. 🤦🏼‍♀️,neutral,neutral,0.8427552580833435,True,correct
Haha yes! Ill do that to my cat all the time. He seeems to appreciate the assist,joy,joy,0.9789326786994934,True,correct
"Yep, minimizing massively",joy,joy,0.518567681312561,True,correct
But a worker who earns wealth can invest it and become a capital investor. In that case he is literally providing the capital.,joy,neutral,0.7298232316970825,False,joy → neutral
"Thanks very much, so do I! :)",joy,joy,0.992360532283783,True,correct
"To be fair, I’m not slaughtering my own food",neutral,neutral,0.44061124324798584,True,correct
"Yeah, I always thought [NAME] would be an improved [NAME]. It's a damn shame we haven't thrown to him more often.",sadness,sadness,0.9089220762252808,True,correct
Been saying horford has been overrated since he got that fat contract,anger,neutral,0.550910234451294,False,anger → neutral
Wow you think 15 downvotes in Reddit from the YIMBY cult has any meaning? I didn't say anything pertaining to economics.,surprise,surprise,0.9315442442893982,True,correct
It’s funny because this is the summary of most discussion posts on this sub,joy,joy,0.9759891033172607,True,correct
Wow they got them [NAME]? Those US agents are some lucky guys,surprise,surprise,0.6771148443222046,True,correct
The black beans were there hidden within the rice!! :) gotta love those legumes,love,love,0.9865490794181824,True,correct
"Anything intelligent to say, sometime maybe perhaps?",surprise,surprise,0.8172417879104614,True,correct
I’m sorry but [NAME] has better memes,sadness,sadness,0.9720613956451416,True,correct
"Ranked #3 edge defender in the NFL, 25 years old, and makes our division rival weaker",neutral,neutral,0.6522580981254578,True,correct
Loved it!,love,love,0.9927217364311218,True,correct
"“[NAME], I tried to make ramen in the coffee pot and I broke everything” - [NAME]",sadness,sadness,0.9175567030906677,True,correct
This made me snort while laughing. Well done!,joy,joy,0.9840742349624634,True,correct
Congratulations mate!!,joy,joy,0.9883089065551758,True,correct
She looks just like that dude from Santa Clarita Diet,neutral,neutral,0.4956408739089966,True,correct
> pushed all of them Hey dumbass you pushed the emergency button,anger,anger,0.914208710193634,True,correct
shes married to the [NAME] the singer from silverchair,neutral,neutral,0.704261064529419,True,correct
The edit... what? Why is he playing on an account that was registered by someone else?,neutral,surprise,0.5037632584571838,False,neutral → surprise
"It's still interesting to watch though ... from far away, with no personal involvement whatsoever.",joy,joy,0.7118059992790222,True,correct
"Shaving her legs, hoping the video didn’t cut short and that’s all she shaved in there....",joy,joy,0.7176565527915955,True,correct
THE PACK RUNS DEEP AND HARD. I WOULD SHARE MY KRAFT MAC AND CHEESE WITH YOU ANY DAY. AROOOOOOOOO,neutral,neutral,0.5498253107070923,True,correct
"I know, there isn't even a 7 in it.",neutral,neutral,0.4297291934490204,True,correct
Great post thank you ❤️,joy,joy,0.9873446822166443,True,correct
"""what you want"" is a populated, limited set, and thus discrete.",sadness,neutral,0.9190802574157715,False,sadness → neutral
"Thanks man, my brother and my girlfriend just told me to laugh it off; but the thought doesn't stop haunting me.",joy,joy,0.9108319282531738,True,correct
I dont think thats too far off. There are 200k homes in most suburbs.,neutral,neutral,0.7740382552146912,True,correct
It would be really bad for relations between the two cities if we took Memphis' NBA team.,anger,sadness,0.7780635356903076,False,anger → sadness
"Really? wow. I just reinstalled chrome from scratch, again. So it was Ghostery that caused the full screen issues?",joy,surprise,0.9503512382507324,False,joy → surprise
At home with a viral infection right now! Praying for death and to the god of paracetamol. Ugh.,sadness,sadness,0.4825234115123749,True,correct
Thank you for posting this. I never heard this particular interview before.,joy,joy,0.9778544902801514,True,correct
Just got a bit worried because it's always showed up instantly for me before,fear,fear,0.9743168354034424,True,correct
"As a Cardinals man i agree, makes me want to deck the cunt but hes huge and i love him, so conflicted",joy,love,0.7422255277633667,False,joy → love
That windshield crack from his skull!,neutral,surprise,0.48676854372024536,False,neutral → surprise
"Yay, coming out is hard, you're lucky that they didnt avoid you for the next month, I'm happy for you",joy,joy,0.9774107336997986,True,correct
i hate [NAME] and 20 good men,anger,anger,0.9643022418022156,True,correct
Personally I would take some time to myself and work on spending time with my family since I love them more than my job.,joy,love,0.984893262386322,False,joy → love
"She is during her week of taking sugar pills. Yea I do wish she had mentioned it anyway, I can’t sleep",joy,joy,0.8987926244735718,True,correct
She’s gonna spend all her time whining about [NAME],neutral,anger,0.5440182089805603,False,neutral → anger
Thank you. Edit: I have cancer now,joy,joy,0.9859532713890076,True,correct
As it should be. Great.,joy,joy,0.9896915555000305,True,correct
i should just quit yikes,neutral,anger,0.8641364574432373,False,neutral → anger
That was what was most nauseating for me honestly. Not a single period used once.,anger,anger,0.930185079574585,True,correct
"Well that sucks. But still if you refuses the test you'd probably have been charged, which is worse.",anger,anger,0.9206109642982483,True,correct
I didn’t know I’m sorry,sadness,sadness,0.9856773614883423,True,correct
Tbh I think there are a lot of parts of chicago that are way shittier than memphis,anger,neutral,0.49253013730049133,False,anger → neutral
You always choose mum bro. What are you thinking,neutral,surprise,0.7167525291442871,False,neutral → surprise
We need [NAME] to take a 7 year deal or less. I can picture the Dodgers giving [NAME] 7 years,neutral,neutral,0.7441988587379456,True,correct
Brilliant! I have absolutely no idea what's going on.,joy,joy,0.6131112575531006,True,correct
This is too accurate 😂,joy,joy,0.9594305157661438,True,correct
Cheers for the reply ;),joy,joy,0.9557738304138184,True,correct
"*DRAINS, CLOGS, BACKED UP LOGS [NAME]!* *OH, NO, TOILET OVERFLOW [NAME]!*",anger,neutral,0.5702295899391174,False,anger → neutral
you really think the walls gonna cost 5 billion?,surprise,surprise,0.9343830347061157,True,correct
"Yeah, that changes everything.",joy,joy,0.6951437592506409,True,correct
Is that a tooter lol,joy,joy,0.808765172958374,True,correct
"Don't apologize. Go grab your favorite drink, some popcorn and watch 500 days of summer instead",joy,neutral,0.4908156096935272,False,joy → neutral
"oh.. actual physical mail, hehehe I hear ya",joy,joy,0.8610159754753113,True,correct
"Ah, good old single level LAX. I barely remember it except traffic was a nightmare.",anger,joy,0.3820720314979553,False,anger → joy
Would you like a friend? I sure could use one.,joy,surprise,0.9281526207923889,False,joy → surprise
"None, I know nobody or have anyone nearby who can help.",sadness,sadness,0.9165245294570923,True,correct
[NAME]. Go on Chapo.,neutral,neutral,0.8817613124847412,True,correct
Hi Mom I accidentally adopted 20 traumatized nerds. -Betty Darkness Dementia Raven Way,neutral,sadness,0.9360442757606506,False,neutral → sadness
"You have to live for you. Go get that education, go get that career. Rediscover yourself.",joy,joy,0.7445286512374878,True,correct
I felt bad for laughing,sadness,sadness,0.9353063106536865,True,correct
Lol you could have just said that,joy,joy,0.9762017726898193,True,correct
"Ah yes, the United States Mutant Ninja Turtles. They would dominate every sport.",joy,joy,0.5412984490394592,True,correct
"I binged that podcast in about 2 days at work. Amazing. The convention for Limelight, and how emotional they got for those poor women was heartbreaking.",joy,joy,0.5907213091850281,True,correct
Lol just leave it bruh it adds character,joy,joy,0.9750653505325317,True,correct
"She looks like a petite adult to me, her face is obviously adult",joy,joy,0.6084929704666138,True,correct
I'M ON A HIIIIIIGHWAY TO HELL,neutral,anger,0.6587563157081604,False,neutral → anger
just wait till [NAME] gets his less than 10 years deal.,neutral,neutral,0.8487158417701721,True,correct
"Link pls, I need to see this! ( I bet he dropped it)",joy,neutral,0.6215489506721497,False,joy → neutral
"Back up, [NAME]!",neutral,neutral,0.9298108220100403,True,correct
cant wait to go through a rebranded version of this pain again in college too,joy,joy,0.43213117122650146,True,correct
Baby rape. Can’t make a funny joke about it.,anger,anger,0.8770036101341248,True,correct
"For unrelated reasons, school is another mess. But vaccine injury in definitely represented through absurd levels of special ed.",neutral,anger,0.8232642412185669,False,neutral → anger
"The reason most people don't get the joke is because it's such a bad one, that they think that it's not meant to be one.",joy,anger,0.6962843537330627,False,joy → anger
Laxatives in brownies. Itching powder in shoes. Remove toilet paper from bathroom. Kill him Sharpie his face when he goes to sleep Put a stink bomb in his booksack Steal his girl.,neutral,neutral,0.49480387568473816,True,correct
What's the streamer's name? I want to find the aftermath of this,surprise,surprise,0.9661473035812378,True,correct
Hope so but deadshot was her man too bad they had to kill him smh,joy,sadness,0.9517080783843994,False,joy → sadness
The complete series is on Hulu just finished watching it. Definitely recommend,neutral,joy,0.8664369583129883,False,neutral → joy
Yeah... I get that. it's like the conversion has already been had before you entered the room and your opinion has been disregarded...,neutral,joy,0.44245636463165283,False,neutral → joy
He's really likeable but has some flaws. I hope I'm wrong but i don't see him being a phenom like [NAME],joy,joy,0.8212670683860779,True,correct
"Any one of us could be a journalist, and that level of journalism feeding the masses is mildly scary.",fear,fear,0.9859043955802917,True,correct
Somehow I got banned for replying to a troll. The mods over there have itchy trigger fingers.,anger,sadness,0.6521689295768738,False,anger → sadness
How tf do you not expect people to find them they're the first things that show up when you search joji,anger,anger,0.7997975945472717,True,correct
"says you, too bad you're totally wrong.",anger,anger,0.822225034236908,True,correct
Thanks for giving advice to the people who need it 👌🙏,joy,joy,0.990628182888031,True,correct
Where did I state I wanted to keep Syria going? Is making things up just a usual part of your arguements?,neutral,fear,0.6056174039840698,False,neutral → fear
Good kid.,joy,joy,0.9808334112167358,True,correct
What a legend,joy,joy,0.956230878829956,True,correct
the knock off names are super cringey but i love looking for them,love,love,0.976148247718811,True,correct
It WaSn'T TrUe CoMuNiSm !!!!! Derp It WaS StAtE CaPiTaLiSm!!! /s,neutral,neutral,0.9054687023162842,True,correct
They literally don’t have enough time on the planet to regret their actions.,joy,sadness,0.7892857789993286,False,joy → sadness
"The best advice I have, which it seems most people completely overlook: Have fun.",joy,joy,0.950393557548523,True,correct
"But one-third jokey, one-third pissed and one-third dead serious just doesnt have the same ring does it?",surprise,fear,0.6121439933776855,False,surprise → fear
I love miramar,love,love,0.9942014813423157,True,correct
Don't you're making me paranoid man,fear,anger,0.5447075366973877,False,fear → anger
Lmao the brigading is real,joy,joy,0.8696009516716003,True,correct
The barriers in large only exist with respect to Canadian oil. Other producers (with the exclusion of Venezuela ) seem to be enjoying a very profitable time.,joy,joy,0.8567295074462891,True,correct
I can't wait to tell my daughter how she used to love me so much she even wanted to watch me poop.,love,love,0.5429073572158813,True,correct
"Thank you, I will tackle those too!",joy,joy,0.9912407994270325,True,correct
"Was she? Oh, never been good at picking up on stuff like that. Thanks for letting me know!",joy,surprise,0.5591334104537964,False,joy → surprise
From super smash bros melee?,neutral,surprise,0.4751105010509491,False,neutral → surprise
Isn't she like a worse version of [NAME]? I always hear from everyone that she is pretty trash.,anger,surprise,0.5043544173240662,False,anger → surprise
I was using story of the tower of Babel to say that from a [RELIGION] side people would all have the same skin colour anyway,joy,neutral,0.8513776659965515,False,joy → neutral
[NAME] will love [NAME]. I wonder what the deal will look like if it happens.,surprise,surprise,0.8714907169342041,True,correct
"He's not interested, blessim...",neutral,neutral,0.4562632441520691,True,correct
LN is flawed by design and BTCs limited on-chain capacity cannot carry mainstream LN onboarding.,neutral,anger,0.5944347381591797,False,neutral → anger
Because it’s more fun?,joy,surprise,0.6263834238052368,False,joy → surprise
Where can you watch community? I can’t find it anywhere and it looks great.,joy,joy,0.5997443795204163,True,correct
Gotta pay sincere condiments for this rant... if I mustard the strength I'll ketchup to the topic.,neutral,neutral,0.7238938808441162,True,correct
For free? Tell him you ain no prude. You want $100,neutral,anger,0.5159377455711365,False,neutral → anger
"Thank you, I hope you do too. You can always message me if you need to talk.",joy,joy,0.9896355271339417,True,correct
"Nope, you're right, it's the same tweet you're thinking of, check the date.",joy,joy,0.7929606437683105,True,correct
Your hairline is further away than [NAME] hope of gaining subscribers while still having beef with you.,neutral,neutral,0.5884029865264893,True,correct
Is this a mood?,neutral,surprise,0.6150954365730286,False,neutral → surprise
what does dw mean?,surprise,fear,0.698643684387207,False,surprise → fear
Because they're having to compete and so we get exposed to the weakest of the bunch.,neutral,sadness,0.5553665161132812,False,neutral → sadness
Same old b.s.,neutral,neutral,0.8842453956604004,True,correct
oh pls no,anger,anger,0.5897322297096252,True,correct
My son isn't old enough to remember his brother and my husband and I feel like that's a blessing.,love,joy,0.9223262667655945,False,love → joy
Is she single?,surprise,surprise,0.8397762179374695,True,correct
Still haven't heard a good reason why the delay isn't shorter,neutral,fear,0.40206602215766907,False,neutral → fear
We really didn’t!,neutral,anger,0.5539571046829224,False,neutral → anger
Wtf? Really?,anger,surprise,0.7646219730377197,False,anger → surprise
But but r/49ers said it was just bad luck!,sadness,neutral,0.5325571894645691,False,sadness → neutral
Guys how are we doing? Asking because dumb TV in my country prefers Copa d'Italia to fucking Real Madrid lol,joy,anger,0.49872711300849915,False,joy → anger
"You're right, it's relatable. Hope everything's OK for you",joy,joy,0.9904974102973938,True,correct
So You're going to become India... Because immigrants... Dude... If you got nothing just say so.,neutral,neutral,0.7137781381607056,True,correct
then never drive because the person in the other lane could swerve over and kill you,neutral,fear,0.3982735574245453,False,neutral → fear
In collage. Now tell me that ain't insecurrr...,neutral,anger,0.44226792454719543,False,neutral → anger
Thanks for your response,joy,joy,0.9905233979225159,True,correct
"I'm concerned for my fellow redditor. You seem to not be feeling well, and hallucinating. Shall we have a mod come check on you?",surprise,surprise,0.5844178795814514,True,correct
That’s impressive you can tell that from the back of his head,joy,joy,0.9570168852806091,True,correct
I like you.,love,love,0.9862704873085022,True,correct
What's where the underwater level is.,neutral,surprise,0.6438148021697998,False,neutral → surprise
Sorry. I am avoiding arguments today. Enjoy the video.,sadness,joy,0.8161434531211853,False,sadness → joy
Nope. Don't need rewards at all.,anger,anger,0.9236467480659485,True,correct
If this is serious mate it’s not the kind of shit you should be posting on reddit,anger,anger,0.9290997982025146,True,correct
I had the biggest smile!,joy,joy,0.9437114000320435,True,correct
Welcome to religion 101,neutral,joy,0.7795212268829346,False,neutral → joy
"You're right. Respect and honesty has never changed for me, though I realize that's naive",joy,joy,0.9778140187263489,True,correct
"Eh, I think that i'd rather jerk off tbh..",anger,neutral,0.5365188717842102,False,anger → neutral
"I'm gonna think of a jojo reference for every situation, just you wait reddit. Just you wait...",joy,neutral,0.7083717584609985,False,joy → neutral
Says the guy not replying to any counter points lmao,neutral,joy,0.4911251962184906,False,neutral → joy
So word is we have eyes on [NAME]... I would be pretty amped to see him with a Jet on his shirt.,neutral,neutral,0.6934629082679749,True,correct
What was I expecting smh,fear,surprise,0.8555508852005005,False,fear → surprise
"Yup, the cammer is at fault here.",neutral,sadness,0.3361492156982422,False,neutral → sadness
"Vitamin C is water soluble, you literally piss excess amount.",anger,neutral,0.6885133385658264,False,anger → neutral
"Truth. If he had time for another relationship, he has time to pay for it.",joy,neutral,0.7569572925567627,False,joy → neutral
I had to watch x3 to make sure I didn't miss something 😂,joy,joy,0.5486949682235718,True,correct
They are new but got over 100 reviews in less than a month so I'm assuming they are just slammed. Thanks for the input,joy,joy,0.9774529933929443,True,correct
"I didn't say it was proof that anything was a scam with no future, perhaps you're projecting.",anger,anger,0.7472299337387085,True,correct
"Anti-vaxers aren't funny anymore, now they're just scary...",fear,fear,0.9509608149528503,True,correct
I can see why you’ll never be in a leadership position.,anger,anger,0.35714709758758545,True,correct
"I'm sorry, I can't hear your useless badgering over me drinking my 38' from a wine bottle and enjoying my extra $200.",sadness,sadness,0.8926952481269836,True,correct
You deserve WAY more upvotes,joy,joy,0.90457683801651,True,correct
It was a tweet a while back.,neutral,neutral,0.8891763687133789,True,correct
No! You can't have that one! That's a coconut cake!,anger,anger,0.9522249698638916,True,correct
Thank fucking [NAME].,joy,joy,0.8570993542671204,True,correct
"No or low contact. I don't have time for ""family"" that doesn't have basic courtesy for me.",anger,anger,0.8105296492576599,True,correct
I’m sure the hornet will be happy if their curse is over!,joy,joy,0.9147909283638,True,correct
"i’n on a diet for my disease AND to lose weight therefore it cancels out boys, i’m scot free",neutral,neutral,0.5098790526390076,True,correct
I do have few friends from there and it's a lovely nation too.,joy,love,0.4995496869087219,False,joy → love
I never think someone is sincere when they say why “would I care if I’m being lied to” constantly?,neutral,anger,0.5482920408248901,False,neutral → anger
NEVER RUNNING FROM A REAL FIGHT!,anger,anger,0.49122154712677,True,correct
You should call the police and tell your friend maybe you can Stay over at his place,neutral,neutral,0.535034716129303,True,correct
[NAME] being 50-33 against winning teams kinda suggests it wouldn't matter that much if their division were better. Maybe have gone to 7 superbowls instead of 8.,neutral,neutral,0.8643826246261597,True,correct
"I LOVE IT, I would love if they will make season 2... I really enjoyed it",joy,love,0.8488755822181702,False,joy → love
"Its kinda odd,how theres always kinda a war between ""Party music"" and ""Feelings Music""",fear,anger,0.40709832310676575,False,fear → anger
It really do be like that,neutral,neutral,0.6637944579124451,True,correct
I don't need to tell you how you're a paranoid conspiracy theorist you are doing an awesome job of that already!,joy,joy,0.9058488607406616,True,correct
I love this. you get a favorite.,love,love,0.9908620119094849,True,correct
As a Florida girl I have no clue how you all have not died. I could never live there.,surprise,fear,0.9756824970245361,False,surprise → fear
So what you are saying is that you are not a serious guitarist is you use finger guards?,anger,surprise,0.56904536485672,False,anger → surprise
"I want to keep [NAME], [NAME], and [NAME] (also [NAME], but he doesn't want to stay). Everyone else can go.",neutral,neutral,0.8157777190208435,True,correct
Knowing [NAME] he’d probably give [NAME] up for a 5th rounder smh,neutral,neutral,0.8202274441719055,True,correct
I miss [NAME],sadness,sadness,0.9823838472366333,True,correct
"I have no objection to nudity, but why is this a thing? So dumb.",anger,anger,0.9273489117622375,True,correct
you're hilarious. Thanks for the entertainment this morning.,joy,joy,0.9901310205459595,True,correct
Unexpected Hail corporate.,surprise,surprise,0.9641658067703247,True,correct
Myers Briggs test is like the star sign for a different kind of nerd,neutral,neutral,0.8521936535835266,True,correct
Leave it to a maintenance technician to not do it right the first time.,neutral,neutral,0.5364232063293457,True,correct
This is a new level of entitlement. THE BATHROOM IS OUT OF ORDER! What makes you so entitled to use an OUT OF ORDER bathroom!,anger,surprise,0.5271629691123962,False,anger → surprise
Damn Replays was pretty solid last year. But maybe he should go back to coaching.,joy,joy,0.8461211323738098,True,correct
If a greedy and powerful few can make a buck they will.,neutral,neutral,0.83339524269104,True,correct
Thank you! And yet he's called about 5 of the same on Laca,joy,joy,0.9870105981826782,True,correct
Reading this made me happy and I don't even know you. Keep doing your thing!🙌🏼,joy,joy,0.9885026216506958,True,correct
"Exactly, you need a Hollywood woman of age to pair off with him. Past 35 should be fine right?",joy,surprise,0.40161800384521484,False,joy → surprise
I wanna die!,sadness,sadness,0.8583212494850159,True,correct
You make it hard,neutral,sadness,0.37266451120376587,False,neutral → sadness
"What about, hear me out now, 2max? It doesn't sound cool though. Could probably call it something else.",anger,fear,0.7295573353767395,False,anger → fear
"thanks for the reply jzplayinggames, have a great weekend.",joy,joy,0.9910995364189148,True,correct
Now go to Gulag!!!!,neutral,neutral,0.8598322868347168,True,correct
"This post made me smile, cute doggo",joy,joy,0.9525365233421326,True,correct
those comments are perplexing,neutral,fear,0.9693983197212219,False,neutral → fear
Girls screaming alone gives me horrible flashbacks,anger,fear,0.9741420745849609,False,anger → fear
He already has a baby with his girlfriend who’s gorgeous,joy,joy,0.9638307094573975,True,correct
"Video games are great, but sometimes it’s nice to unplug and play a game of Jenga with your cat",joy,joy,0.981613278388977,True,correct
Dipo always be in our hearts. The one that got away,love,neutral,0.5221595168113708,False,love → neutral
"Because they claim to be against [NAME], and they need something called ""votes"" to beat him?",neutral,fear,0.378223180770874,False,neutral → fear
"I love [NAME], but man I wish I knew what [NAME] would have been like here.",love,love,0.9316267967224121,True,correct
stay strong!,joy,joy,0.8849555850028992,True,correct
[NAME].,neutral,neutral,0.9580643177032471,True,correct
I meant I wouldn't bring up wanting it to be vanilla and changing terms.,anger,neutral,0.5075437426567078,False,anger → neutral
"Parliament won't let a hard brexit go through, there are far too few MPs who would accept it.",neutral,neutral,0.4858694076538086,True,correct
Wow... I’m so glad that my dog is lazy like me.,joy,joy,0.9006496071815491,True,correct
This really tickled my anxiety. I hate it,anger,anger,0.7315394282341003,True,correct
That’s great! I hope s/he gets better!,joy,joy,0.9925171136856079,True,correct
"Damn, that was brilliantly put. Thank you. I screenshotted it to use on Twitter. Is that ok?",joy,joy,0.7657166123390198,True,correct
Peak Ancap,neutral,neutral,0.9171718955039978,True,correct
"That may be — we are talking about the stock market, though. :)",joy,fear,0.6998403072357178,False,joy → fear
Trade up for Haskins. If that doesn't happen give me Greedy.,neutral,neutral,0.7191945314407349,True,correct
Good Job,joy,joy,0.9875463843345642,True,correct
"If ""everything is political"" then nothing is political because it's all the same. You know what I meant by ""political"".",anger,neutral,0.7623944878578186,False,anger → neutral
Themmuns have everywhere infiltrated so they do !,neutral,neutral,0.8798811435699463,True,correct
From an Instagram post about the judge critiquing [NAME] look,neutral,neutral,0.9264340400695801,True,correct
When is EVO,surprise,surprise,0.7058938145637512,True,correct
No wonder why their logo always looks pissed,anger,anger,0.8460223078727722,True,correct
I love it when people assume things.,love,love,0.9910721182823181,True,correct
Can’t wait to go to the Kings game. Especially if they bring this level of fire.,joy,joy,0.6578639149665833,True,correct
This caught me off guard for real. I actually off my bed laughing. +1,joy,joy,0.9678726196289062,True,correct
Oh I know. I was just pointing out that our current number one has consistency issues as well so we are used to it.,anger,joy,0.7113680839538574,False,anger → joy
Thanks for the info! Great pic. I’ve saved it.,joy,joy,0.9913837909698486,True,correct
cause he constantly hates on [NAME] for no reason other than Petry having the puck on his stick more than anyone else on the team,anger,anger,0.6069791316986084,True,correct
Should be Colt Wesley Small Johnson,neutral,neutral,0.9324002265930176,True,correct
"Lmao. Fuck, you got me good.",joy,joy,0.9125479459762573,True,correct
I went to your profile to see the other pics & saw your kitty. He's super cute!,joy,joy,0.8726324439048767,True,correct
Oh [NAME]!,joy,surprise,0.8454662561416626,False,joy → surprise
Don’t I know it! I can’t believe this breading station thing is so enormous.,surprise,surprise,0.9619644284248352,True,correct
That whole chart looks like something someone made up to post on incels.,neutral,anger,0.4826648533344269,False,neutral → anger
Well let’s hope so.,joy,joy,0.9503664374351501,True,correct
r/patrig Edit: looks like someone already cross posted it there. That was fast.,neutral,neutral,0.7914794087409973,True,correct
Beast milk. My favourite!,joy,love,0.9224633574485779,False,joy → love
"[NAME] was such a nice and calm person, he makes everything wholesome He was just like his paintings Realistic, Hard worked, and with tons of love",joy,love,0.8179247379302979,False,joy → love
Happy Birthday [NAME]. You wont read this message but itll be here.,joy,joy,0.9602113366127014,True,correct
I think I’ll go ahead and continue criticizing silly unfounded and harmful beliefs,joy,anger,0.4741799831390381,False,joy → anger
"She's still looking for her [NAME], maybe? :)",neutral,neutral,0.4822191894054413,True,correct
"Oscars are trying to be more hip and contemporary now, so don't be surprised if [NAME] and [NAME] win.",surprise,joy,0.7100857496261597,False,surprise → joy
that offense averaged 20 points a game. the same as this year and look where we are.,neutral,surprise,0.5546533465385437,False,neutral → surprise
-9 and I’m out shopping. Sun is out feels great.,joy,joy,0.9855473041534424,True,correct
Having good people around you is the most important part i am glad you found some good friends:),joy,joy,0.9844067096710205,True,correct
I heard the ostrich was sick.,sadness,sadness,0.7560995221138,True,correct
"ah, it does me heart good to see NIMBYs in the wild",joy,joy,0.6598874926567078,True,correct
Tf is a smartpass+?,fear,fear,0.5556531548500061,True,correct
"Mongoose actually mate for life, and he can't leave his girl behind!",neutral,neutral,0.7880330681800842,True,correct
I'M HERE,neutral,neutral,0.8868072032928467,True,correct
I listened to this song the other day for the first time and... oh boy yeah,neutral,neutral,0.48465245962142944,True,correct
that's awesome-sometimes getting in the shower seems like an impossible undertaking but you did it,joy,joy,0.9864077568054199,True,correct
>!Did the name of the trophy gave away the twist to you?!<,neutral,surprise,0.604843020439148,False,neutral → surprise
"I will, Thank you!!",joy,joy,0.9912315011024475,True,correct
WHAT!?,neutral,surprise,0.8164985179901123,False,neutral → surprise
"Nice, I saw them during the Demo and was pretty impressed",joy,joy,0.9894194602966309,True,correct
Thank you! Very cool!! 😎,joy,joy,0.9894214868545532,True,correct
When [NAME] dated the nurse just for drama with the STI....,neutral,neutral,0.8780502080917358,True,correct
For my next magic trick; watch me turn this bottle of fireball into domestic abuse,neutral,neutral,0.5236274600028992,True,correct
>slaps windshield This bad boy can fit so many Leds on it,neutral,anger,0.5047950148582458,False,neutral → anger
Surprised he's in. Imagined he was concussed. He was on another planet for a bit.,surprise,surprise,0.9827538728713989,True,correct
Hunting would at least be more rewarding and fun. Every time I wanna meal prep in RDO I just horseback ride and lock-on to deer.,joy,joy,0.9126322269439697,True,correct
"At some point, we all hate it. Hey it feels good to be real sometimes.",joy,anger,0.7122042775154114,False,joy → anger
Can we forget that this moment happened,sadness,neutral,0.4349503517150879,False,sadness → neutral
It smelled even worse than it sounds. You learn just how quickly someone's feet can rot and really stink up an entire bay.,anger,anger,0.8748048543930054,True,correct
Who said that,neutral,neutral,0.40426215529441833,True,correct
He looks like [NAME] in Jackass 2 when they glued pubes to his face.,neutral,neutral,0.8217623829841614,True,correct
Awe that one was just for me but I really like the post,joy,love,0.9089956283569336,False,joy → love
So they are up thanks,joy,joy,0.9863907098770142,True,correct
Lmao. I still sing fun with the funk sometimes.,joy,joy,0.9492820501327515,True,correct
"You probably just have a fashion preference, if you arn't dysphoric about it then you don't have another gender really.",joy,neutral,0.6791685819625854,False,joy → neutral
"Oh sorry my bad, didmt know",joy,sadness,0.9898780584335327,False,joy → sadness
[NAME] career ended after he broke his foot when he kicked a seat while blacked out on a party after a Vikings game.,neutral,sadness,0.8251885771751404,False,neutral → sadness
"I would hope that Cartoon Network would have nothing to do with it. Would hate to see them ""Teen Titan"" ASOIAF.",anger,anger,0.8670256733894348,True,correct
That’s exactly how mine is ! Wow that’s sort of funny there is an actual name For it 😳😔,joy,joy,0.9811369180679321,True,correct
"It’s showing up on mobile aswell, the double slash is weird for me though, probably on his end",anger,anger,0.6895896196365356,True,correct
And no fall damage,neutral,neutral,0.8276987075805664,True,correct
Same here. There's so much good to discover in any decade really.,joy,joy,0.9656797647476196,True,correct
I LOVED having him; every time [NAME] takes that 18 footer I expect to be automatic only to be very disappointed.,joy,love,0.5785678625106812,False,joy → love
is your dad very wealthy by any chance [NAME],joy,surprise,0.9156701564788818,False,joy → surprise
Why is this still not banned,anger,surprise,0.5892172455787659,False,anger → surprise
Our soil needs the help! That would be a really unpleasant job.,sadness,anger,0.8705589771270752,False,sadness → anger
Yep i always say this. Absolutely best case scenario is a foul ball. If he puts it in play it's probably a dribbler.,joy,joy,0.7867820262908936,True,correct
Haha I was thinking Utah but... Florida makes sense too. There’s a few crazy states 🤷🏼‍♀️,joy,joy,0.9589554667472839,True,correct
Can’t believe a club paid $550k for Sandow that’s absurd.,surprise,surprise,0.6042608022689819,True,correct
"By not using Facebook as a barometer of success. Look at Facebook as a highlight reel and not what people are actually living,",neutral,neutral,0.5963882803916931,True,correct
Wiggins midrange magic!,neutral,neutral,0.7859491109848022,True,correct
Not from but I lived there for 12 years until very recently,joy,neutral,0.8786063194274902,False,joy → neutral
I do remember this and wanted nothing more than to kill that guy,anger,anger,0.5308714509010315,True,correct
For drunks is a paradise!!,neutral,joy,0.7314115166664124,False,neutral → joy
Ignorance is unfortunately a part of mankind. We are still so Un-evolved,anger,sadness,0.7801817059516907,False,anger → sadness
"I am really sorry for you, but oh my [NAME] this made me cry laughing. I hope the cat learns to like you eventually",joy,joy,0.9761975407600403,True,correct
nice!! I'll try this one,joy,joy,0.9877640604972839,True,correct
giving great [NAME] vibes,joy,joy,0.9432622194290161,True,correct
The good [NAME],joy,joy,0.837175726890564,True,correct
"Yes, would love a list of your favorites! I downloaded the app and it’s pretty great.",joy,joy,0.9596025943756104,True,correct
"I'm talking about statement in 11 july, not 14 july. I think you are confused. I posted 11 july statement",fear,fear,0.9860371947288513,True,correct
I wouldn’t mind [NAME] on a 4 year contract,joy,neutral,0.6283695697784424,False,joy → neutral
Pretty nice to see CONCACAF signing for the CPL.,joy,joy,0.9760324954986572,True,correct
They were just gonna do a review parody of their favorite movie. What’s hard to understand?,surprise,fear,0.832999050617218,False,surprise → fear
Into another environment?,neutral,fear,0.44177716970443726,False,neutral → fear
Man up and get yourself a date with a different woman.,neutral,neutral,0.7338019013404846,True,correct
The inventor of the joke came up with it during the [NAME] administration.,joy,neutral,0.5914596915245056,False,joy → neutral
I think it’s [NAME],joy,neutral,0.7547063827514648,False,joy → neutral
Yes because there is an optimal level that does not occur naturally.,neutral,joy,0.7692707180976868,False,neutral → joy
They don’t. Conservatives want to characterize any scoopy news organization as unreliable because they can’t get ahead of them easily.,anger,anger,0.5122027397155762,True,correct
Did he actually knock himself out?!,surprise,surprise,0.78754061460495,True,correct
She’s way too gangly to be thrashing around - I was waiting for her to take out a light fixture.,neutral,neutral,0.7558180093765259,True,correct
"Yeah, I took it more like “not us, but the radicals” mb.",neutral,neutral,0.5674728751182556,True,correct
Left or center is more aesthetically pleasing than right justified.,neutral,neutral,0.7384185194969177,True,correct
not writing some stats today [NAME]? just curious xD,surprise,surprise,0.9862620830535889,True,correct
"I wasn’t being sarcastic, I was just asking if you are morbidly obese.",neutral,surprise,0.625102698802948,False,neutral → surprise
"You're welcome, I think.",joy,joy,0.9829356670379639,True,correct
"[NAME], just keep doing exactly what you’re doing. I LOVE YOU SO MAAAACH.",love,love,0.9585229754447937,True,correct
Pick them up and put them outside.,neutral,neutral,0.8134360313415527,True,correct
"This is like aliens coming to this planet, taking you in as a pet, then surrounding you with mannequins. I’d be freaked out too.",fear,fear,0.9435515403747559,True,correct
Omfg. I meant [NAME],surprise,surprise,0.7712824940681458,True,correct
Waiting to see angry “pedos” or whatever they call themselves thinking this is fact and melting down over at t_d,neutral,neutral,0.6063409447669983,True,correct
Because [NAME] base are also the kind of folk who like [NAME]. In the end it only helps him.,neutral,neutral,0.5937988758087158,True,correct
"A horrendous amount of Sesame oil, god, that would be awful.",anger,anger,0.6906310319900513,True,correct
"Bet you $20 she had more in her than 0.05 hell, more than 0.08 hmm...",neutral,neutral,0.8970113396644592,True,correct
"Sorry, realized I hadn’t answered the question lol. Was typing that when your response popped.",sadness,joy,0.6892948150634766,False,sadness → joy
His plan would have worked if [NAME] was not teleported by the writters for that dramatic (And nonsensical) part of the episode.,neutral,neutral,0.7839189171791077,True,correct
"[NAME] is not fascist. Heck,she's not even alt-right",anger,anger,0.7135649919509888,True,correct
[NAME] you are a freak...,neutral,anger,0.8328549861907959,False,neutral → anger
You conveniently aren't speaking to my assertion.,neutral,anger,0.631132960319519,False,neutral → anger
Can't relate because the sadness and loneliness is constant 😎,sadness,sadness,0.9908673763275146,True,correct
"I love the night shift environment, but hate the lifestyle. I just can't do it.",love,anger,0.8576582670211792,False,love → anger
I think you should nourish it with activated almonds.,joy,joy,0.5300938487052917,True,correct
I wish that too.,joy,joy,0.9720549583435059,True,correct
You know a giant lady as a character would be very interesting in my opinion.,joy,joy,0.8183327317237854,True,correct
I always keep my purse by my side. She is asking for trouble.,neutral,joy,0.4722076952457428,False,neutral → joy
Stop crying already,joy,anger,0.8985179662704468,False,joy → anger
That theater is huge,neutral,joy,0.5784370303153992,False,neutral → joy
Great! I love hotsssssssssssss,joy,joy,0.8207383155822754,True,correct
I wanna see her debate [NAME]. He would shit all over her.,neutral,anger,0.776808500289917,False,neutral → anger
oh gosh [NAME] had issues as well with someone and his leg i forgot.,neutral,sadness,0.571319043636322,False,neutral → sadness
I THOUGHT I HAD MY WILL ALREADY COPIED AND FORGOT I HAD THIS IN MY CLIPBOARD,joy,neutral,0.7220249772071838,False,joy → neutral
"In da club- 50 cent, when you need that extra motivation to finish the cake in a time crunch",neutral,neutral,0.7142824530601501,True,correct
"Heya, how would u rate this story? Esp compared to 2 before? ;)",surprise,surprise,0.8952071070671082,True,correct
I would love it ... how does the chat thing work I’m pretty new here,surprise,love,0.9224064946174622,False,surprise → love
That's way dangerous to keep then together they may break out and start feedig on the other ear buds to gain heir strength,anger,fear,0.9541609287261963,False,anger → fear
"It's good though because itll make you cherish the happy times while youre in them, instead of lookinf back on them.",joy,joy,0.9506655335426331,True,correct
"Meditate. You may need to seek medical help. Good luck, friend.",joy,joy,0.9781678318977356,True,correct
"I mean, it’s kind of her problem. She blithely makes so many mental errors.",sadness,sadness,0.6067447662353516,True,correct
You are neither.,neutral,anger,0.6185168623924255,False,neutral → anger
Why do you feel like you have to figure out what life is alone?,surprise,surprise,0.5407252907752991,True,correct
Can't decide if that's because we're playing gritty basketball late or getting kinda lucky and an inevitable regression to the mean,neutral,fear,0.9853997826576233,False,neutral → fear
"Pretty much yeah, it’s crazy that 2 years later that someone picked 56 picks later is better as a player",neutral,joy,0.7399769425392151,False,neutral → joy
Holy shit bro,anger,surprise,0.795150876045227,False,anger → surprise
"If the answer is No, the kid dies. If the answer is yes, the kid also dies",neutral,neutral,0.5212823152542114,True,correct
That poster is amazing. He needs to sell these online!,joy,joy,0.9871168732643127,True,correct
I hate people,anger,anger,0.9833506941795349,True,correct
I guess u were right since [NAME] just posted on ig the Dress made of tampons and pads lol,joy,joy,0.9368269443511963,True,correct
What makes you say that?,neutral,surprise,0.8219889998435974,False,neutral → surprise
[NAME] has the same amount of points as [NAME],neutral,neutral,0.8967575430870056,True,correct
"Alright OP here, I'm an [NAME] and this is not even close to how coupons work here. Didn't realise you [NAME] had such extreme coupons",neutral,joy,0.6713553667068481,False,neutral → joy
I love [NAME] as well! He seems like a genuinely nice celebrity,joy,love,0.9335041046142578,False,joy → love
"You should watch DS9. It's fantastic, and has a long story arc to follow.",joy,joy,0.9897109866142273,True,correct
[NAME]. Starring [NAME] as the goofy and lovable [NAME].,love,joy,0.5012075304985046,False,love → joy
"The people that use the image and leave that braindead comment are sheep, nothing more nothing less.",anger,anger,0.6718930006027222,True,correct
Tiki Lounge always smells like sewage. I'm surprise it's lasted this long.,anger,surprise,0.983790934085846,False,anger → surprise
"Dude, its **life** it's not **trauma**. Grow up",anger,anger,0.6467451453208923,True,correct
Just reading this makes me sick,sadness,sadness,0.7502990365028381,True,correct
You can't jelly a ding-a-ling up the buttocks,neutral,anger,0.681348443031311,False,neutral → anger
Bruh if y’all haven’t seen ‘Into the Spider-Verse’ yet you gotta stop what you’re doing and go see it.,neutral,anger,0.5556342601776123,False,neutral → anger
"Remember, we still have freakin' Alaska",joy,joy,0.4881223440170288,True,correct
"What bothers me is not the fact that someone disagrees with my lifestyle, it's that they constantly go on and on about..that would annoy anyone.",anger,anger,0.9688625931739807,True,correct
Right? Most days I wish I had really small ones so guys would look at ME instead of look at my body.,joy,joy,0.5104683637619019,True,correct
"Wait, you don't love reading people's blog posts on Reddit?",surprise,surprise,0.5427253246307373,True,correct
Thanks Harvard!,joy,joy,0.9889916181564331,True,correct
What makes it ok as it is?,fear,surprise,0.6761478781700134,False,fear → surprise
i am a man and i disagree. i mean you logic is worse if you believe it.,anger,anger,0.977573812007904,True,correct
Thanks. And wow! Nice burn.,joy,joy,0.9891669750213623,True,correct
"Wow those girls in the corner ""twerking"" were the best (worst?) part.",joy,surprise,0.4948316514492035,False,joy → surprise
I love this contract structure especially since [NAME] is only 31.,joy,love,0.9915596842765808,False,joy → love
Who wrote the IQ tests?,surprise,surprise,0.7128050923347473,True,correct
I remember running into teachers at the grocery store or whatever when I was a little kid and having that same feeling!,joy,joy,0.6289300322532654,True,correct
I'm impressed you found a non troll post of theirs.,joy,joy,0.9524356126785278,True,correct
You can always tell from the vote counts lol. They're way too blatant,joy,joy,0.9547220468521118,True,correct
> Iturriaga (Mexico) Oh yeah. that was a thing. How was we?,neutral,surprise,0.8418745398521423,False,neutral → surprise
"He also lost a QB battle to a 40 year old and rookie ""project"" QB that everyone thought needed to sit a year pre-draft.",joy,sadness,0.8508862853050232,False,joy → sadness
"""Freedom is a cage"" -[NAME]",neutral,neutral,0.9336783289909363,True,correct
Hope his bare hands are as clean as the griddles. Ready to eat foods need to be handled with gloves . Very cool machine though .,joy,joy,0.9560986757278442,True,correct
Yeah I think this is a well rounded pov. Agree.,joy,joy,0.9859559535980225,True,correct
Disgusting of you [NAME] you filthy who're you pedophilic scum trying to beguile our children it's not gonna work I got [NAME] castorated,anger,anger,0.9733331799507141,True,correct
Watch the FO not sign anyone. That would be the most dodgers thing ever.,anger,anger,0.8690991997718811,True,correct
"Oh, it's definitely working and that worries me a lot.",fear,sadness,0.9771270155906677,False,fear → sadness
"It's a repost but this space is too kindness for a downvote, take care",joy,joy,0.8758649826049805,True,correct
> Sure it might make the population 4:1 [RELIGION] but it's still an awefully large mibority The population already is 4:1 [RELIGION].,neutral,surprise,0.709961473941803,False,neutral → surprise
Everyone except [NAME] dying and [NAME] doesn’t know what happened,neutral,neutral,0.3389025926589966,True,correct
When giving birth is the only thing you’ve ever accomplished,joy,neutral,0.5312709212303162,False,joy → neutral
Can some hero type out all the rosters?,neutral,surprise,0.8758070468902588,False,neutral → surprise
IM DEAD WHERE DID U FIND THE HS MATE PART,neutral,fear,0.40154513716697693,False,neutral → fear
22s. Good save. Doing [NAME] work.,joy,joy,0.9428374767303467,True,correct
r/forhonor leaking again?,surprise,fear,0.4267336428165436,False,surprise → fear
"No problem at all! If you ever want to talk to some internet random again, feel free to talk to me.",joy,joy,0.612893283367157,True,correct
They’re both in Austin..I don’t see [NAME] being someone to hang out with [NAME] more than the other way around.,neutral,neutral,0.7523009181022644,True,correct
She is :(,neutral,sadness,0.8977736830711365,False,neutral → sadness
"Lol for real tho. But hey, we’re a football, soccer, and tennis school now",joy,joy,0.9784768223762512,True,correct
Legit I just go to places and tell them to surprise me. That way I get to keep trying new types of food 🥘,joy,surprise,0.4764641523361206,False,joy → surprise
[NAME] is the worst coach in bulls history,anger,anger,0.933638334274292,True,correct
"Maybe she was attempting to be ironic? I dunno, man, people are just an enigma.",fear,fear,0.587510347366333,True,correct
"Im hoping for a relapse too. I like her better, her hair gets darker, her leather jacket comes out. I miss private practice [NAME]",joy,love,0.7188410758972168,False,joy → love
No one drinks Old Style,neutral,neutral,0.8346863389015198,True,correct
No like its legit cgi Edit: this comment has some value the entire thread has things to pick apart in it,neutral,neutral,0.5231193900108337,True,correct
"When [NAME] and [NAME] left because they were a bit too male, I guess. Get woke; go broke.",neutral,neutral,0.8300667405128479,True,correct
This is terrifying,fear,fear,0.9913896918296814,True,correct
"Joining the server when everyone's at 1/4hp and out of ammo, with no damage to your...uh...living room. Yeah, ggwp.",neutral,neutral,0.7832421660423279,True,correct
not in the slightest. im actually dumbfounded.,fear,surprise,0.5708204507827759,False,fear → surprise
He's talking about the semifinal game between Bama and Clemson which Bama won 24-6,neutral,neutral,0.9017810225486755,True,correct
I was there on the opposite side of the field. I did not believe he made that catch until we saw it later on tv. Unreal.,surprise,neutral,0.4606678783893585,False,surprise → neutral
"I don't know who wrote what, but good call - the d's are completely different from one to the other.",joy,fear,0.5923382043838501,False,joy → fear
So you're male then. Ps ur wrong bud,anger,neutral,0.6805658936500549,False,anger → neutral
"Is that [NAME] as the commentator? EDIT: just finished the video, feel stupid now",anger,sadness,0.41676679253578186,False,anger → sadness
This movie is highly underrated. Part of the problem it has is that Rogue One was SO FREAKING AWESOME!,joy,joy,0.7692276239395142,True,correct
*oh god oh fuck*,neutral,anger,0.3508365750312805,False,neutral → anger
"So you're gay, but you hate men? Yeah, good luck with that working out for you.",joy,joy,0.4621300995349884,True,correct
"[NAME], with his 8th appearance he's the most veteran player there",joy,neutral,0.7425575256347656,False,joy → neutral
I literally just finished watching the second episode of Daredevil. This pains me,neutral,sadness,0.992637038230896,False,neutral → sadness
Yikes. This kind of freaks me out.,fear,fear,0.5560172200202942,True,correct
"Nope, my current response is that both the means and the ends are independently justified on their own accords.",joy,anger,0.6392208337783813,False,joy → anger
Super excited to watch them in Syracuse next year. Might actually spring for season tickets,joy,joy,0.9791834950447083,True,correct
"It's ok, it's just Gypsy Danger",joy,joy,0.8374391794204712,True,correct
"becasue [NAME] is a propaganda meister, its his job. Come on now",neutral,neutral,0.8083343505859375,True,correct
"Yeah, considering guns by themselves aren’t an issue (like I so thoroughly explained to you), that’s a valid argument.",joy,joy,0.8588153719902039,True,correct
"Oh I thought this was about the Pistons making the playoffs. Since I wasn't paying attention to them, I actually thought it was possible. Ahahahahaha!",joy,joy,0.9727233648300171,True,correct
They’re just idiots parking there. No clue that it is a designated bike lane.,neutral,anger,0.9561975002288818,False,neutral → anger
"You got the true ending don't worry, you would only get the bad ending if you rat out your friends or accepted the deal",joy,joy,0.7631894946098328,True,correct
Read divorce busting and kill all marriage counselors. As much as it sucks...youve been given a gift by him giving you time.,anger,anger,0.7576484680175781,True,correct
There are plans to widen Parmer during the next few years.,neutral,neutral,0.6796582341194153,True,correct
There is no assuming the worst. Its experience and taking things at face value.,neutral,neutral,0.513995349407196,True,correct
Fcking disgusting.,anger,anger,0.9814885854721069,True,correct
Expected that. Thanks for your valuable feedback.,joy,joy,0.9898592829704285,True,correct
"oh, rich people loooooooooooooooooooove to prey on the poor, they couldn't bear not raping, mocking, humiliating, profiting from, the 99%",love,anger,0.7221934795379639,False,love → anger
That’s how I outfitted my team in that awesome red and black colossus armor.,joy,joy,0.8855293393135071,True,correct
You know that mista mista lady? I think I just killed her. - [NAME],neutral,surprise,0.48058807849884033,False,neutral → surprise
"Me too, [NAME]. Me too...",joy,neutral,0.8774751424789429,False,joy → neutral
"Thank you for the info and source. My source is only from guides, experience, [NAME] videos, and [NAME] videos.",joy,joy,0.985106348991394,True,correct
"They will be more than happy to hand you the matches, followed by the cuffs.",neutral,neutral,0.6882822513580322,True,correct
It is genuinely hard to imagine what the Magic basketball experience will be like when these two legends are no longer in their roles.,sadness,sadness,0.8434436321258545,True,correct
you’re too lazy to google,anger,anger,0.8319161534309387,True,correct
"It’s not unlikely that his family was already imprisoned or dead, which gave him the window to run.",anger,neutral,0.8046689033508301,False,anger → neutral
But I do I still love him and he still loves me but he says im too immature,love,love,0.9905806183815002,True,correct
would be US Biggest error ever,neutral,neutral,0.41368669271469116,True,correct
"She can take her boring, drunk husband with her. He's not interesting at all.",anger,anger,0.8866682648658752,True,correct
Petition to smite BuzzFeed and Vice off the face of the internet for the bs they post Thank you,joy,joy,0.8883752822875977,True,correct
I honestly hope you do that,joy,joy,0.9811084866523743,True,correct
Shouldn't be getting downvoted that's exactly what I thought the motive was,neutral,anger,0.4388800263404846,False,neutral → anger
Difficult to see how this video wouldn’t have been much more interesting if properly shot in landscape.,anger,anger,0.35895389318466187,True,correct
“An eye for an eye” Proceeds to take 2 things away from killers,neutral,neutral,0.8752931952476501,True,correct
"Yes, we are going to kink shame you.",sadness,sadness,0.772455096244812,True,correct
"You must be wrong, because this is the sub for intelligent people!!!",anger,anger,0.7454326748847961,True,correct
Happy cake day!,joy,joy,0.9748480916023254,True,correct
Fantastic thanks! If there’s anything I can do to help you out with the interview or your first year teaching let me know!,joy,joy,0.9801532030105591,True,correct
Wrong. And UBI sucks unless you include an expansive social safety net too,anger,anger,0.9110958576202393,True,correct
Just get him out of my sight I’m tired of losing and those who contribute to it,anger,anger,0.8120770454406738,True,correct
">Dumb, but wonderful. That's my kind of a pet. Silly,soft and adorable.",joy,joy,0.9623822569847107,True,correct
"Yo where they at, I want to celebrate with them.",joy,joy,0.9038215279579163,True,correct
Shut up about the sun! SHUT UP ABOUT THE SUN!!!,anger,anger,0.9747453927993774,True,correct
Imagine what he thinks of TLJ...,surprise,neutral,0.5961074233055115,False,surprise → neutral
Please post any news you may find about her fate. This is so sad and so wrong. We need to know what happens to her.,sadness,sadness,0.9757006764411926,True,correct
"Why pay so much character and it feels so good. In the humble of 1996, the website was a skinny stoner with long hair.",joy,joy,0.9067937731742859,True,correct
F then.,neutral,neutral,0.9396832585334778,True,correct
I’m so happy for you. Congrats and thanks for the advice,joy,joy,0.9909883141517639,True,correct
Except it seems like the constant jerking off about DMC was one of the several things that could have led to them drifting apart.,sadness,neutral,0.463882714509964,False,sadness → neutral
Those words you used. I don't want to believe that exists.,anger,anger,0.9469448924064636,True,correct
I have the worst memory ever. Idk if it's from all the weed I smoked but I also have a blank mind like all the time.,anger,sadness,0.5303417444229126,False,anger → sadness
oooops... now you tell me???,neutral,surprise,0.9145657420158386,False,neutral → surprise
Upvote for buttfuckme.,neutral,anger,0.8467350006103516,False,neutral → anger
He used to be a science teacher!,joy,neutral,0.8433230519294739,False,joy → neutral
Calm down or we need to call the Senate to take further actions.,neutral,neutral,0.6914059519767761,True,correct
[NAME]. Im sorry,sadness,sadness,0.9888991713523865,True,correct
I must've missed them. Looking again but if you have a moment can you link it?,fear,surprise,0.8975608348846436,False,fear → surprise
Ain’t nothin good enough for her,sadness,sadness,0.4635891616344452,True,correct
"Lol, right? Who says that before banging? “Is you ovulatin?” SOOOO repulsive. 🤮🤮",surprise,joy,0.7458162903785706,False,surprise → joy
"I have stories about some, lived in one that was $3500 a month and you had to sign a 3 month contract. Also not covered by insurance",neutral,neutral,0.6624855995178223,True,correct
If you don't enjoy watching sonicfox compete can you really be a fan of the competitive scene?,neutral,surprise,0.7520246505737305,False,neutral → surprise
Easy breezy beautiful cover girl,joy,joy,0.9738754630088806,True,correct
Generally you are still a “teacher” but I’m not sure 100%. I know my instructional coach role is still “teacher” contract/pay.,fear,fear,0.8216962814331055,True,correct
I love your username...,love,love,0.99212247133255,True,correct
His sister likes his Cox,neutral,love,0.8601563572883606,False,neutral → love
THIS IS TRAUMATISING,sadness,neutral,0.7088291645050049,False,sadness → neutral
What in the actual fuck are these refs doing right now.,neutral,anger,0.9726769328117371,False,neutral → anger
Can you please update me! I'm in the exact position! 24FHL with 21MLL,surprise,surprise,0.8109414577484131,True,correct
Or getting lucky. Most [NAME] have jobs so their must be a way.,surprise,neutral,0.5883797407150269,False,surprise → neutral
They did that already,neutral,neutral,0.8415867686271667,True,correct
"I'll take PVZ. Your flair: ""Maybe necks time""",neutral,neutral,0.6481963992118835,True,correct
Thank you. Yeah this makes sense too. I could be blaming myself more than I should,joy,joy,0.9537978172302246,True,correct
"Get it out of the way as quickly as possible. Some people claim to like it, so maybe you'll be one of those weirdos.",joy,anger,0.6911006569862366,False,joy → anger
"Getting outplayed by the Cavaliers LOL. Maybe [NAME] and [NAME] can take more bricks this quarter, seems to be working so far",joy,joy,0.9300857782363892,True,correct
I don't know why you even talk to human trash like this. Instead you should motivate him to leave her - at least that would be productive.,neutral,anger,0.8110018968582153,False,neutral → anger
Excited for this project to be finished when I retire in 30 something years.,joy,joy,0.9858729839324951,True,correct
So you’ve never had a fwb situation and if you have it made you worthless for a real relationship to other women? Hope this goes both ways,surprise,surprise,0.626752495765686,True,correct
What’s the motive for doing this? To save on fuel by transporting as many people as possible in one go?,fear,surprise,0.8351630568504333,False,fear → surprise
Thank you...next,joy,joy,0.990688681602478,True,correct
"I saw in another thread that the kid had previously pranked the barber, and this was his way of getting back at him.",neutral,neutral,0.6528040766716003,True,correct
Are you an [NAME] or [NAME]?,neutral,surprise,0.6047455072402954,False,neutral → surprise
Wack. Oh heard some 17 year olds are doing it too.,surprise,surprise,0.4013696610927582,True,correct
"Lol I always go with public speaking (""but I'm trying to be better at it!!"").",joy,joy,0.976561427116394,True,correct
"Oh right I was for reason thinking it was just made out with. Sleep with is even better. Sleep with [NAME], [NAME]!",joy,joy,0.838936448097229,True,correct
Interesting. Never heard of it. Do you like it?,joy,surprise,0.9269757866859436,False,joy → surprise
Then I'll be accused of being a racist.,joy,anger,0.6840208172798157,False,joy → anger
"Yet, the Blue Bell crowd still worships this half ass ice cream, full of artificial flavors and HFCS.",neutral,neutral,0.47229334712028503,True,correct
"Lol it's a public sidewalk, I wouldn't call it their set",anger,joy,0.9461577534675598,False,anger → joy
Love me some sushi! Have yo give this a try!,love,love,0.9866689443588257,True,correct
That's literally impossible.,anger,anger,0.8247650861740112,True,correct
What a game.,surprise,joy,0.9461689591407776,False,surprise → joy
"Hey quick brag, this post was read by [NAME], episode 63! I'm actually really excited, he's one of my favorites.",joy,joy,0.9661931991577148,True,correct
"Ah TDS victim, got it.",joy,neutral,0.6987015604972839,False,joy → neutral
What a horseshit response,anger,anger,0.9388693571090698,True,correct
It still hurts 15 years later. I don't know how people can be so callous their own child,neutral,sadness,0.9675957560539246,False,neutral → sadness
So he is half decent. Glad to see your finally making some sense.,joy,joy,0.9842942357063293,True,correct
[NAME] I wish that was a more active sub :(,joy,joy,0.8547667264938354,True,correct
"Asides from the max number of choices each share, probably being shamed on the internet",neutral,sadness,0.9674956202507019,False,neutral → sadness
"Just borrow against your 401k, it would be stupid not to. Unless you plan to retire in hell.",anger,anger,0.9201923608779907,True,correct
Recently Retired cop here. I love to see this. This is what he’s fighting to stop.,love,love,0.9896665811538696,True,correct
Best sub ever,joy,joy,0.986075222492218,True,correct
I want Cowboys and Bears to win so the Raiders draft picks are at best picks 25 & 26,joy,joy,0.7358764410018921,True,correct
oh the irony,joy,surprise,0.7516789436340332,False,joy → surprise
They would be part of a nation controlled by the media.,neutral,neutral,0.9312776327133179,True,correct
You can't expect him to like food,anger,anger,0.8499140739440918,True,correct
"Good idea, brought to the table by a questionable at best minister, likely for the purpose of shifting focus away from his failures.",joy,joy,0.9645726084709167,True,correct
i think the telekinesis could make a great card. sth like: move an enemy card to another position and stun its new neighbors for this round.,joy,joy,0.9479408264160156,True,correct
"Thoughts and Prayers... Go get fucked, fascist redneck scum!",anger,anger,0.92002272605896,True,correct
"Maybe you can't, but plenty of other people would be able to.",joy,neutral,0.5067058801651001,False,joy → neutral
Trier is low key an awful defender,anger,anger,0.9620670676231384,True,correct
I cant wait. I'm curious if it will give us any more insight into the incident other than what we already know.,surprise,surprise,0.9780674576759338,True,correct
"I remember when wall Wal Mart tried to ""overtake"" the German market. Eat this Wal Mart.",neutral,neutral,0.6862779855728149,True,correct
Omg I just looked it up and all the places look so beautiful there 😍 also I’m sorry that it’s homophobic,joy,joy,0.6059297919273376,True,correct
"This is something kids do on their twitch streams to get subs, pretty sad.",sadness,sadness,0.9897775053977966,True,correct
Yikes I cringed hard,surprise,fear,0.9629955291748047,False,surprise → fear
"Every time, lots of people overwhelm me. I have light sensitivity to florescents so that doesn't help.",sadness,sadness,0.8432568907737732,True,correct
What does Obamacare have to do with that? [NAME] dropped the employer mandate because he was afraid that [NAME] wouldn't like it.,neutral,fear,0.8839451670646667,False,neutral → fear
Wow you really can’t handle losing can you?,surprise,surprise,0.9520930051803589,True,correct
ATTACH THE STONE OF TRIUMPH!!,neutral,neutral,0.531846284866333,True,correct
No idea but as of last year there was a cat that liked to hang out there. Hope he’s okay ❤️,joy,love,0.5974503755569458,False,joy → love
[NAME] can be my friend!,neutral,neutral,0.7210499048233032,True,correct
"Cheers to that, girl. 🥂",joy,joy,0.9736002683639526,True,correct
It inhales you ignorant octorok,anger,anger,0.7877899408340454,True,correct
"How dare you, she's in your flair too!",anger,anger,0.966463029384613,True,correct
You don’t know how many screens it’s playing on in his room,neutral,neutral,0.8171507120132446,True,correct
But the best part is the struggle snuggle as we like to call it.,joy,joy,0.6791157126426697,True,correct
Seriously?,surprise,surprise,0.8884245753288269,True,correct
That's a maryland fan comment. You should be ashamed of yourself.,sadness,sadness,0.8193499445915222,True,correct
Bless you.,joy,joy,0.8457849025726318,True,correct
Dumb question: what's a gilding train?,anger,surprise,0.49128806591033936,False,anger → surprise
"The wage, you Fucking troll. But you don't care do you? See your post history.",anger,anger,0.9695418477058411,True,correct
Happy MLK day,joy,joy,0.9601567387580872,True,correct
Good point. Thank you. My condolences for your own loss.,joy,joy,0.9787700176239014,True,correct
Same.. If I'm particularly stressed out someone just walking down the same road as me feels like they're invading my space.,joy,fear,0.35981160402297974,False,joy → fear
Why yes that ass is flawless,joy,joy,0.7971641421318054,True,correct
im done with my break im going to make more i promise,neutral,joy,0.939814567565918,False,neutral → joy
"No, he's fine. It doesnt compact",neutral,anger,0.42897385358810425,False,neutral → anger
RNG-based access to very important mechanics is frustrating for some people.,anger,anger,0.9671235084533691,True,correct
It is. It’s so bad. Then I start blaming myself for liking them. It’s like I have no control over this.,sadness,sadness,0.7830715179443359,True,correct
"True.. but it just seems weird that of all the ways [NAME] could have died in that throne room, he was killed by being cut in half.",neutral,sadness,0.43594756722450256,False,neutral → sadness
"As in when totalitarians show up in solidarity with those ""normal"" people? If you're attracting ANTIFA, you're not normal.",neutral,anger,0.31188997626304626,False,neutral → anger
Yes I keep hearing it’s a great and eye opening read so it on my to read list. thanks 👍,joy,joy,0.992053747177124,True,correct
It is certainly interesting.....but is it anything?.....,surprise,surprise,0.9185794591903687,True,correct
2010: The Year We Made the Super Bowl,neutral,joy,0.4344518780708313,False,neutral → joy
I love this cross-over,love,love,0.9932277798652649,True,correct
"I’m scared of shots, but I’m more scared of dying. What Anti-vaxxers are scared of is autism",fear,fear,0.9904525279998779,True,correct
"Have you pulled an updated Batch Guidance sheet? If your tossing a lot of coffee out, it sounds like you might be brewing too much.",neutral,surprise,0.7529698610305786,False,neutral → surprise
It would be cool but I like his commentating too much lol,joy,joy,0.9805358648300171,True,correct
Gotta love acid,love,love,0.9930071830749512,True,correct
nothing special? I drop stuff like this mate,surprise,neutral,0.7792747020721436,False,surprise → neutral
This does not have to be juice I don’t think. Six months is a long time,anger,anger,0.6690875887870789,True,correct
"Some very fine, well developed grade school humor right there.",joy,joy,0.9636273980140686,True,correct
[NAME] is clearly our 5th best player,joy,joy,0.8314576745033264,True,correct
Thanks [NAME] for holding on to our $17.5M. We will be needing that back though.,joy,joy,0.9845557808876038,True,correct
Wow. Thanks for this.,joy,joy,0.9862388968467712,True,correct
Maybe I’m unsure of that,fear,fear,0.984276294708252,True,correct
"I agree with this, but I'm guessing it's because he works from home and can work anywhere while she can't.",joy,joy,0.9764376282691956,True,correct
Well everyone is entitled to their opinion but I think you need to be a bit more mature about everyone having different bodies,joy,joy,0.7740755081176758,True,correct
"Try honing I’m on your art skills! Wood carving, wood burning, mosaics, stained glass, painting, etc. Sell your work!",neutral,joy,0.6068422794342041,False,neutral → joy
"I'm as big a packers fan as the next guy, but that car is ugly lol",joy,joy,0.8063638806343079,True,correct
I'm guessing that it maybe due to being overwhelmed w/ responses and having a relatively small staff to go through all the forms.,neutral,fear,0.8572401404380798,False,neutral → fear
American democracy is weak but it's not dead. If the intention of your comment was to discourage people from voting then you are the problem.,anger,anger,0.7592492699623108,True,correct
This will not happen bru,neutral,anger,0.8704643249511719,False,neutral → anger
Well done! Keep it going mate. If you’re struggling reach out to whoever you can!,joy,joy,0.9793723225593567,True,correct
Glad someone brought that up.,joy,joy,0.9718414545059204,True,correct
"Ahhh, I see it now. Thanks.",joy,joy,0.989056408405304,True,correct
"You’re a life saver, wish you a blessed new year",joy,joy,0.9871361255645752,True,correct
Congrats on the sex!,joy,joy,0.9812612533569336,True,correct
"Nasty, nasty, nasty... Really *can't* understand why she is a 300lb human. s/",neutral,anger,0.967587947845459,False,neutral → anger
"So which is more profitable for producers, brick n mortar or digital distribution? Which makes more money?",surprise,surprise,0.5445616841316223,True,correct
"yeah I agree w you, just annoying that the limit is so small",joy,anger,0.5959543585777283,False,joy → anger
That doesn't answer my question.,sadness,anger,0.7453346848487854,False,sadness → anger
"I'm sorry you needed to add this. I thought your humour was pretty obvious, but this is reddit....",anger,sadness,0.5468530654907227,False,anger → sadness
"Firm, but gentle. Baby hamsters or live goldfish. Soft female hands caressing my balls is a wonderful feeling.",joy,joy,0.9140763878822327,True,correct
All the people in this thread are fucking disgusting,anger,anger,0.9832555055618286,True,correct
Sadly enough I was thinking the same.,sadness,sadness,0.9894620776176453,True,correct
you dirty karma theft,anger,anger,0.9642104506492615,True,correct
I do but I like my job. I just hate the fact I HAVE to go do it.,neutral,anger,0.7595868110656738,False,neutral → anger
College basketball just big leagued the UFC. We've to wait for it to finish I think.,neutral,neutral,0.7689808011054993,True,correct
"SHE. IS. THE. FUCKING. WORST. P.S. You’re not fat, you just need a stylist. 🙄",anger,anger,0.9703484773635864,True,correct
I've seen that profile picture before..this guy is a repeat offender,anger,neutral,0.6704703569412231,False,anger → neutral
"Yes! My SO does that, unfortunately the requirements are stricter and I can't :(",sadness,sadness,0.7943404912948608,True,correct
No because thats stupid,anger,anger,0.9757177233695984,True,correct
Lol I hate this too!,joy,anger,0.6260938048362732,False,joy → anger
I feel a sense of unease tbh,fear,fear,0.820289671421051,True,correct
"middle of lane is dumb that’s where all the oil pools, lane split seems like no one likes it but that’s more understandable",anger,anger,0.5700921416282654,True,correct
"That doesn’t even look like her! Except the [NAME] in the background, now that’s the one we know and love.",anger,love,0.9815557599067688,False,anger → love
Oh that's good!,joy,joy,0.9887610077857971,True,correct
I believe it was clear I disagreed. And I don’t play wow.,anger,anger,0.9478920698165894,True,correct
Let's get things back on track! Happy new year!,joy,joy,0.9828832745552063,True,correct
This is exactly what it's been like. I feel personally victimised by it all,sadness,sadness,0.9828271865844727,True,correct
Enjoy it! You have a good one for your first!,joy,joy,0.9886391162872314,True,correct
When I get real pissed I just do R2 then R3 after lol.,joy,joy,0.8839428424835205,True,correct
I love how their comparing [NAME] one shtick (not including highlighter) to the comedy skills of queens with actual performance talents.,love,love,0.9801802635192871,True,correct
You mean anti-intelligent,joy,surprise,0.6199946999549866,False,joy → surprise
That's not cute,anger,anger,0.9264941811561584,True,correct
I'm glad you did because this was the comment where I stopped my fast scroll haha.,joy,joy,0.9812034964561462,True,correct
damn that kid can jump,joy,anger,0.3910471498966217,False,joy → anger
Yow thats gnarly.,fear,anger,0.4145972430706024,False,fear → anger
Trade [NAME] and see if he plays [NAME] over [NAME]. let's see what kinda coach we're dealing with here.,neutral,surprise,0.5052986741065979,False,neutral → surprise
He’s had nightmares ever since the storm,neutral,fear,0.43558818101882935,False,neutral → fear
you in the wrong *childhood*,anger,sadness,0.41174373030662537,False,anger → sadness
shockingly close to reality.,surprise,surprise,0.9706323742866516,True,correct
Hold up you saying you wouldnt do that to the necromancer?,neutral,anger,0.3620834946632385,False,neutral → anger
Don't chase after out of position teammates. Your life as a Mercy is more important. Let them fools die and learn their lesson.,anger,anger,0.5241506099700928,True,correct
But what’s the point of not having the brakes?,surprise,fear,0.6452412605285645,False,surprise → fear
Great post! I have tried online dating in the past and I've noticed these things before.,joy,joy,0.9906965494155884,True,correct
I’d be verrrrrrrry nervous if we hired him. Would love him as an OC tho,love,fear,0.9867451786994934,False,love → fear
Everyone’s ageing on here like the milk my flatmate left on the kitchen counter over the holidays,anger,neutral,0.7578445076942444,False,anger → neutral
GINO!!!,neutral,neutral,0.9183384776115417,True,correct
Out the playoffs [NAME] already showed he can't lead that Pacers team when [NAME] went down.,neutral,sadness,0.5473917722702026,False,neutral → sadness
Still can't see. Thanks.,joy,joy,0.8805901408195496,True,correct
Your TLDR sucks,sadness,anger,0.9691143035888672,False,sadness → anger
I wondered the same thing. I never knew that this is a thing.,joy,surprise,0.9613203406333923,False,joy → surprise
I like this new trend,love,love,0.9702416062355042,True,correct
"I'd buy this and use the ""wash, dry, fold"" setting exclusively. Sounds great to me.",joy,joy,0.9808974862098694,True,correct
Best bedtime Christmas story ever.,joy,joy,0.9734084010124207,True,correct
"Hey it’s not bad though! Quick recovery, just follow their rules! Good luck!",joy,joy,0.9695698618888855,True,correct
"Hmm, I didn't notice that change ... will pay attention ..",joy,joy,0.7439812421798706,True,correct
... that's simply wrong.,anger,anger,0.9680454134941101,True,correct
I think for some reason she thinks the money out weighs a normal childhood for her daughter.,neutral,neutral,0.8309414386749268,True,correct
This is like the timeline from hell.,anger,anger,0.9650448560714722,True,correct
"Really worried about NISA translating it, but at this point I don't care any more, as long as we get an english version of it.",fear,joy,0.4969743490219116,False,fear → joy
Don’t forget to re-equip them for every specialist every time you prestige too! Oh and the emotes too if you like donating kills!,neutral,neutral,0.6280514597892761,True,correct
It's also complicated because a lot of videogame media outlets quote him,joy,fear,0.7674546241760254,False,joy → fear
It was some other girls,neutral,neutral,0.9374497532844543,True,correct
No because it's been a steady decline over 20 months.,joy,anger,0.6444265246391296,False,joy → anger
"Witness me, I will ride historic, dusty and lacquered, on the country road",neutral,neutral,0.8313307762145996,True,correct
The food you are putting in your mouth is causing obesity. Stop abusing it. A higher body weight is the cause of your increased risk of ILLNESSES,joy,anger,0.8684443831443787,False,joy → anger
She's been fired and shamed out of existence. Good riddance.,anger,sadness,0.8577650785446167,False,anger → sadness
They r playing,neutral,neutral,0.9467411041259766,True,correct
There's no excuse for him not reciprocating it's pure laziness. What about a 69?,surprise,surprise,0.7770609855651855,True,correct
Mmm... chocolate weekends are my favorite.,love,love,0.9626509547233582,True,correct
"R4, 9. You’ve had many chances. Banned.",neutral,anger,0.5071027278900146,False,neutral → anger
Aw thanks!!!,joy,joy,0.986473560333252,True,correct
I love music but I haven't given a shit about the Triple J's Hottest 100 in at least 10 years,love,love,0.9860821962356567,True,correct
Does windows xp count as odd or even?,fear,fear,0.6411862969398499,True,correct
"Quite superpower you got there, op. Reminds me of [NAME] in Unbreakable. U beautiful person!",joy,joy,0.9848577976226807,True,correct
Keep going man. I’ve been enjoying reading your posts. All the best!,joy,joy,0.9893068671226501,True,correct
This thread was actually inspired by one of your comments,joy,joy,0.7645010948181152,True,correct
"I saw it when it was at the Mackintosh Church in Glasgow, it’s pretty impressive.",joy,joy,0.9806637763977051,True,correct
Ghostbusters 2: ghost-bustier ?,neutral,surprise,0.5216082334518433,False,neutral → surprise
Cheers! :),neutral,joy,0.9697597622871399,False,neutral → joy
"Oh, the show that had [NAME]? Yeah screw him.",anger,anger,0.8856369853019714,True,correct
That’s better:-) now go get em tiger,joy,joy,0.48479321599006653,True,correct
This would be very much appreciated.,joy,joy,0.9919922947883606,True,correct
"Damn, sometimes I love people here.",love,love,0.9875560402870178,True,correct
"> If you actually believe they are still a threat oh, if only it *were* up to me...",neutral,neutral,0.7817822694778442,True,correct
ha ha LOL guys aren't we so QuIrKyyyy,joy,joy,0.9722651839256287,True,correct
"Grant us pies, grant us pies.",neutral,neutral,0.8701090216636658,True,correct
"That's what I came here for, thanks",joy,joy,0.9892821311950684,True,correct
"He doesn't actually run a 4.49. It's a little deceiving because he's pretty sneaky, so I can understand you being confused.",fear,fear,0.9786437153816223,True,correct
Please enlighten us,neutral,neutral,0.44714784622192383,True,correct
i got the auto reply a day ago,joy,neutral,0.8138770461082458,False,joy → neutral
I like her too! I hope she does well and stays away from [NAME].,love,love,0.7972162365913391,True,correct
What u doing dame,surprise,surprise,0.6653866767883301,True,correct
Thank you so much. I fixed it,joy,joy,0.9915743470191956,True,correct
"I have already played with one friend, and we get along. But there was another guy i haven't played with before.",neutral,neutral,0.5818142294883728,True,correct
No thanks probably stank af.,anger,anger,0.9535591006278992,True,correct
"As someone who has polluted their body with copious amounts of sugar, I somewhat doubt steroids are any worse. Abuse anything and it will hurt you.",anger,anger,0.821709156036377,True,correct
". I’m a dude so I took sleeping medication and meditation alike, not respect/reverence for one day dammit.",neutral,anger,0.7986599206924438,False,neutral → anger
I love [NAME] already,love,love,0.992544412612915,True,correct
I really like this ring so I’m glad to hear that.,joy,joy,0.7237879633903503,True,correct
I'm just really sad all that cake was wasted.,sadness,sadness,0.9919318556785583,True,correct
"wow this seems like a huge ᴡᴀsᴛᴇ ᴏ- ᴡᴀɪᴛ ᴀ ᴍɪɴᴜᴛᴇ. ɴᴏ, ᴛʜɪs ɪs ɢᴏᴏᴅ",joy,surprise,0.5954720973968506,False,joy → surprise
Okay rude. Leave [NAME] alone and where he is please. I’ve been rooting for this kid since his first match.,neutral,anger,0.5506311655044556,False,neutral → anger
Thank you :),joy,joy,0.991605281829834,True,correct
there's a lot of lol revs people whenever [NAME] tweets something like this,joy,joy,0.9440259337425232,True,correct
Keep your head up,neutral,joy,0.6674725413322449,False,neutral → joy
"If you sprinkle when you tinkle, be a sweetie and wipe the seatie. #peetoo",neutral,neutral,0.46438470482826233,True,correct
... I don't feel like your comment is from an objective point of view... Thanks though.,anger,joy,0.7734680771827698,False,anger → joy
Not sure why [NAME] didn't foul to stop the fast break there,neutral,fear,0.979904294013977,False,neutral → fear
*french canadian fuck. They are the only ones who use it even though pretty much any french speaker knows what it means,neutral,neutral,0.5550036430358887,True,correct
Honestly right now I just need to know why our usernames are so similar. Haha...,joy,joy,0.6407840847969055,True,correct
What a beautiful memory for you to have found. So sorry for your loss ❤️,sadness,joy,0.7855653166770935,False,sadness → joy
Thank god I'm not dating anymore. I wouldn't want to risk some girl I'm trying to bang seeing my reddit history.,joy,joy,0.804797351360321,True,correct
"Yes, thank [NAME] the wisest of [NAME] live outside your country",joy,joy,0.98628169298172,True,correct
Dam 😣 that was awesome!,joy,joy,0.9908316731452942,True,correct
"Yes owe I believe 13,000$ something on it currently.",joy,joy,0.750043511390686,True,correct
You give me too much credit... That comment is as trash as the meme,anger,anger,0.9445980787277222,True,correct
Just keep a spray bottle of rubbing alcohol on hand! It melts the ice and doesn't freeze.,neutral,neutral,0.6689434051513672,True,correct
"Wow, really have to hand it to you on knowing 6600 S Harvard beautiful big old homes down there!",joy,joy,0.9221530556678772,True,correct
"“I couldn’t, I wouldn’t” you said it ;)",neutral,neutral,0.4632335305213928,True,correct
Is this coming to ps4 at same time?,neutral,surprise,0.6690210700035095,False,neutral → surprise
"No thanks, he’s already been flushed",anger,anger,0.9093874096870422,True,correct
Honestly his post was a little sad. The fact that it got upvotes makes me want to avoid this sub over the summer.,sadness,sadness,0.9869929552078247,True,correct
At my job I can/Do get laid a lot so the second one!!,joy,neutral,0.6507123112678528,False,joy → neutral
Wtfffff why can’t I have all of the benefits and none of the consequences :( :(,surprise,sadness,0.9678887724876404,False,surprise → sadness
Yeah that was inexcusable,anger,anger,0.8683487176895142,True,correct
"I made one comment, and you came in to call it childish..... like, what else are you doing besides badgering?",anger,anger,0.8292162418365479,True,correct
How generous :) you must really make them happy. Good on you for that,joy,joy,0.9884966611862183,True,correct
Thank [NAME] for the person walking down the sidewalk otherwise i would have thought it was a loop immidiately,joy,joy,0.9850764870643616,True,correct
"Taking deep, measured breaths usually helps me regain my composure",neutral,joy,0.8113399147987366,False,neutral → joy
Lol they’re so caught. “It’s not what it looks like! We hate each other!”,neutral,joy,0.7179557085037231,False,neutral → joy
Haha I didnt even notice. I guess it does.,joy,joy,0.9721447825431824,True,correct
Thanks fam jam.,joy,joy,0.9915271401405334,True,correct
"You will have symptoms for a few more weeks while it kicks in, good luck, glad to see youre doing better",joy,joy,0.987533450126648,True,correct
"Omg actually?! I mean no judgment , I am just SHOOK",surprise,surprise,0.9682288765907288,True,correct
He loves buying people beer. He got into that industry to buy people beer.,love,love,0.9547277092933655,True,correct
Nuh uh. She didn't go to Gudger College.,anger,anger,0.43336614966392517,True,correct
Offense does too. Love [NAME] but he's hurting our spacing being out there so much.,anger,sadness,0.48887988924980164,False,anger → sadness
"Yes, you do live in a clown world, laugh it up, degenerate.",joy,joy,0.79701828956604,True,correct
"Online gaming is toxic. If those cuts were ever tapped, there would be lots of people in jail.",anger,anger,0.8375455141067505,True,correct
Thanks. I'll be phoning the psych tomorrow (maybe) about med increase since I'm on the lowest anyways.,joy,joy,0.9829298257827759,True,correct
"CANADA! HOW ARE YA, NOW?",joy,surprise,0.9037986397743225,False,joy → surprise
I can see the place where I grew up on here :),joy,neutral,0.4990866780281067,False,joy → neutral
TURN OFF YOUR ELECTRICAL DEVICES AS FAST AS YOU CAN,neutral,anger,0.5213229656219482,False,neutral → anger
"...I mean, that part isn't necessarily wrong. It's Iowa...",joy,neutral,0.7035791277885437,False,joy → neutral
Nor are they common in the UK. Never seen one in the middle.,neutral,neutral,0.5216057300567627,True,correct
They should just give us the cup now and save everyone some time,neutral,neutral,0.7994329333305359,True,correct
"I think bluey is quite possibly the greatest kids s how I've ever seen So quintessentially Aussie, nails family life, funny as hell. Love it",joy,joy,0.6494264006614685,True,correct
This is gonna get worse before it gets better.,neutral,anger,0.5606196522712708,False,neutral → anger
Do you.....have a certificate showing you're not a donkey-brained man?,neutral,surprise,0.9140481948852539,False,neutral → surprise
"As a whole, yes, if it wasn't for Classified being the greatest thing to come to zombies since bo1, then I'd have to agree.",joy,joy,0.9559502601623535,True,correct
what a beast,joy,surprise,0.3900062143802643,False,joy → surprise
"Love this guy, love this team",love,love,0.9916086792945862,True,correct
"Right on [NAME] having a big year, but [NAME] was super disappointing this year.",sadness,sadness,0.9876888394355774,True,correct
"It’s not even bad. Some people love dark humor, especially when delivered in a super serious way.",joy,love,0.5429016947746277,False,joy → love
I only watch bad animes sorry,sadness,sadness,0.8230928182601929,True,correct
Man I love this team. No I hate this team. No I love this team!,anger,love,0.9737798571586609,False,anger → love
Thanks for this.,joy,joy,0.9911444783210754,True,correct
"You have a talent use it, take your time would love some pop kids melodies etc subscribers will come for sure",joy,love,0.5829973816871643,False,joy → love
woah this is a reversal of the norm you took a meme from instagram to reddit,surprise,surprise,0.5329254269599915,True,correct
"[NAME] and [NAME] = The hero's we need, but not the hero's we deserve.",joy,neutral,0.5423762202262878,False,joy → neutral
"Yep, just back to how it was before, but this time with little public support as we are all pissed of with it all",neutral,anger,0.5409253835678101,False,neutral → anger
Dude this is a repost from [NAME] you can see When you go into the comments,neutral,neutral,0.9129975438117981,True,correct
Nice try Mommy shark,joy,joy,0.9655890464782715,True,correct
"And ignoring how ""magic"" works in the same way you support your arguments.",neutral,anger,0.6259971857070923,False,neutral → anger
I’ve still not noticed the kid,anger,neutral,0.4338243007659912,False,anger → neutral
"But for real. Like, phones, you guys. Am I right?",fear,surprise,0.6059788465499878,False,fear → surprise
Wonder if it’s possible for [NAME] to engage with a polite fan in a magnanimous way.,surprise,surprise,0.9744873046875,True,correct
Also op I have my associates on top of my bachelors? Whatchu mean,surprise,surprise,0.47124797105789185,True,correct
I for one am happy for [NAME] ballin out. Now let's go win this game !!!!,joy,joy,0.9852827787399292,True,correct
If you think all manufactured foods haven't got those contaminants then you're sadly mistaken.,anger,sadness,0.7574549317359924,False,anger → sadness
Just search her in this group you will find tons of info to see why people think that. I don’t have time to type everything out,neutral,neutral,0.7605577111244202,True,correct
4 x zero traction is still zero traction.,neutral,neutral,0.5838025212287903,True,correct
I love how he looks around for a flag and doesn’t celebrate at first,love,love,0.9868974089622498,True,correct
This a very obvious joke. Also the old facepalm picture doesn't make your post better.,joy,joy,0.8188886642456055,True,correct
"Stay in bed and binge watch a new show, my suggestion Brooklyn 99",neutral,neutral,0.639543890953064,True,correct
Way to go! I know who this couple is! they appear really happy!,joy,joy,0.9746008515357971,True,correct
He is but he's a normie. A 2/10 would be treated like a pariah at a dance class.,neutral,neutral,0.7597665190696716,True,correct
O cool noworries ya I don't actually hate [NAME] he's now my favorite player for Vegas.,joy,joy,0.6322678327560425,True,correct
"Could you explain what you mean by ""both sides"" crap?",neutral,surprise,0.9112846255302429,False,neutral → surprise
Omg I commented on your original post. I hope you’re doing better and I’m glad this all came out and you got closure.,joy,joy,0.9324130415916443,True,correct
Right. He didn't even say a word. I feel like I've seen this before tho.,joy,joy,0.7670667767524719,True,correct
And we'll be surrounded by friends,neutral,neutral,0.7641794085502625,True,correct
The Future is BIG!,neutral,joy,0.5813837647438049,False,neutral → joy
[NAME] have a solid minute lol. [NAME] can’t sit at all tonight,neutral,joy,0.8799594044685364,False,neutral → joy
"Intersectionality might seem strange at first, but it really is a good framework for understanding people’s individual struggles within the context of society’s biases.",joy,joy,0.8864015936851501,True,correct
"We’re used to crazy cold weather but this is much worse, a lot of people are just staying inside till Thursday.",anger,sadness,0.5329088568687439,False,anger → sadness
ironic/profoundly tragic. tomato/to-mah-to,neutral,sadness,0.5400794744491577,False,neutral → sadness
Personally really enjoyed it. Have it in my top 3 AC games with AC2 and Black Flag in there too.,joy,joy,0.9855448603630066,True,correct
Did anyone see [NAME] get pushed around by [NAME] and [NAME] in the post win lineup? I burst out laughing!,joy,joy,0.6606177091598511,True,correct
Your friend must have had a horrible time writing papers if adjectives like that were off limits,neutral,fear,0.6438441276550293,False,neutral → fear
That's quite a lot worse tbh,anger,anger,0.9170112609863281,True,correct
Listening to his speeches are truly moving!,joy,joy,0.6426883935928345,True,correct
I know right. It feels really good when someone acknowledges your existence. I hope more moments like these come for you.,joy,joy,0.9876322746276855,True,correct
"Sad, but American",sadness,sadness,0.9916332960128784,True,correct
Wish they would of given air vehicles some love. A lot of ace pilots hated the game.,joy,joy,0.523999810218811,True,correct
I love it,love,love,0.9936122298240662,True,correct
Not in the slightest. Who would have guessed the [NAME] would do this LMAO.,joy,surprise,0.7742486596107483,False,joy → surprise
Wow. Did u say yes?,surprise,surprise,0.9505907893180847,True,correct
His returns or his W2?,fear,surprise,0.5263050198554993,False,fear → surprise
Wouldn't the powder be derived from the crystalline MDMA?,neutral,surprise,0.4951561689376831,False,neutral → surprise
Omg two little blankets for your penis. LOVE THAT.,love,love,0.9497901201248169,True,correct
I like how people are downvoting when this is how so many military coups have happened. I challenge those who downvote to prove me wrong,love,love,0.5614949464797974,True,correct
Yep. In Sixth grade a boy named [NAME] just stabbed me in the stomach with a pencil.,neutral,sadness,0.5896127223968506,False,neutral → sadness
"Wow, I remember having this kind of meal a lot as a kid.",joy,surprise,0.7677557468414307,False,joy → surprise
Wow that’s like - sound porn.,joy,surprise,0.8367252945899963,False,joy → surprise
"if only we could blast this type of stuff out there for everyone to hear, then we might just get get those neo libs to the realization.",joy,joy,0.47667086124420166,True,correct
"lmao I love this, I love speaking nonsense to myself as well",love,love,0.9844345450401306,True,correct
R&M is still a good show but it's fans have driven it to Fortnite levels of annoyance.,anger,anger,0.6833497285842896,True,correct
Personally though I like to think of myself as a normy or a snowflake just without negative correlation. C;,neutral,joy,0.3959347903728485,False,neutral → joy
The bitch doesnt need drag race (bc shes amazing) but im still sad.,joy,sadness,0.6510320901870728,False,joy → sadness
Download it again.,anger,neutral,0.9193968176841736,False,anger → neutral
Being lonely without him is far better than being lonely with him. Good line. I'm stealing that one!,anger,joy,0.9605515599250793,False,anger → joy
I don't think either of them took that bump outside any worse than the other. That was jarring.,anger,sadness,0.7534887194633484,False,anger → sadness
some people just want attention..lol,neutral,joy,0.9619522094726562,False,neutral → joy
Youre right...shes one of my least fav characters. I think they use her as a straight foil in alot of episodes.,love,joy,0.5987078547477722,False,love → joy
i'll take 2,neutral,neutral,0.8823677897453308,True,correct
"FANTASTIC, was watching this episode last night. [NAME] is great.",joy,joy,0.9879462122917175,True,correct
BUT SHE WENT TO A HISTORICALLY BLACK COLLEGE AND IS PART OF A BLACK GREEK SORORITY!,neutral,neutral,0.5639668107032776,True,correct
"PS4 with pure vanilla setting, after a little practice counter GB and feint is the easiest thing to do",joy,neutral,0.6438729763031006,False,joy → neutral
We’re a second half team. We got this. COYG!!,neutral,joy,0.8240219950675964,False,neutral → joy
"I mean, sept is a prefix for seven. Even if it isn’t the right one for that problem...",neutral,neutral,0.7909346222877502,True,correct
"""Correlation is causation as long as it doesn't lump me in with them!""",neutral,neutral,0.7636270523071289,True,correct
Sorry to hear about that and hope you have moved on.,joy,sadness,0.8847643136978149,False,joy → sadness
"Canada is full of nice people, but has also produced some pretty gnarly serial killers, so...",joy,joy,0.34208741784095764,True,correct
Nobody should keep any around that is this ass-cracked to oblivion.,neutral,anger,0.8577583432197571,False,neutral → anger
Presuming you are in the mitten as well. Solidarity sister. My house too looks like a bomb went off and my toddler hates clothes.,neutral,anger,0.8756410479545593,False,neutral → anger
This. This is too realistic man. Too late for this too.,neutral,joy,0.6527127623558044,False,neutral → joy
Organs are literal superfoods and it weirds me out there hasn't been some fad diet with them yet.,anger,anger,0.9330837726593018,True,correct
You too huh?,surprise,surprise,0.558976411819458,True,correct
toxic players will sure show you the ways soon enough. Hope you got the game for free.,joy,joy,0.9112484455108643,True,correct
[NAME] is Television. Got it. He's too misogynistic to be the Patti Smith Group.,anger,anger,0.4507870674133301,True,correct
Great! I hope we can make our loan system work better,joy,joy,0.989124059677124,True,correct
Super glad this is now all nice and official! Really looking forward to working the NGS peeps!,joy,joy,0.9911516308784485,True,correct
I have 3 words. More Material Needed.,neutral,neutral,0.8899677991867065,True,correct
"Word salad. You want America to do Afghanistan's job for them. It's not happening, those days are over.",anger,anger,0.5966545939445496,True,correct
I could but it's been a few months so you'll have to one,neutral,neutral,0.7689364552497864,True,correct
"Rice grad here, can confirm, am owl.",joy,neutral,0.7223917245864868,False,joy → neutral
I’ll join your cause brother!,joy,joy,0.6239486932754517,True,correct
Yea no problem just be aware that when you are trying to aim at someone it can lock onto the wrong target because of the bigger lock on area,joy,joy,0.646670401096344,True,correct
It's good if you hate workers and love pollution,joy,joy,0.715728223323822,True,correct
Is anyone forced to work in prison?,surprise,surprise,0.8967874646186829,True,correct
Has he?,surprise,surprise,0.8211342096328735,True,correct
"""You should be so lucky."" Bonus points if they get confused.",joy,joy,0.7483896017074585,True,correct
Outrage over something that isnt even true. Thats sad man Edit: well the bandwaggoning part is true,sadness,sadness,0.9351270794868469,True,correct
he's a con artist. they're pretty good at making themselves sound smart and capable.,joy,joy,0.8465968370437622,True,correct
"Some Leftist ideologies frown upon SocDems as counterrevolutionary. Don’t agree with it, but that’s the thought process.",neutral,anger,0.9163824319839478,False,neutral → anger
Same...except that I'm not good looking :,anger,sadness,0.751563549041748,False,anger → sadness
Dump her. Shes not committed to you,neutral,anger,0.6796815395355225,False,neutral → anger
[NAME] sweetie i’m so sorry,sadness,sadness,0.9861280918121338,True,correct
His army of Swedish blondes are going to be upset.,sadness,sadness,0.9819822311401367,True,correct
">Sorry, but any city that had any kind of ~~epidemic in its~~ history will have bunches of dead people buried under it.",sadness,sadness,0.9889912605285645,True,correct
I agree. There was just a big disconnect. They weren't talking specifically about masculinity but about certain situations that are toxic.,joy,joy,0.9098090529441833,True,correct
Similar but I don't think identical to this,fear,neutral,0.38650935888290405,False,fear → neutral
This makes me so happy!,joy,joy,0.9897218346595764,True,correct
our boi famous,joy,neutral,0.7185865044593811,False,joy → neutral
Yeah... THEY are the one looking for attention. This type of comments should be ignored. I hate troll comments.,anger,anger,0.9767513275146484,True,correct
"I saw a lot of it on Tumblr. A lot of young girls doing the ""ana-butterfly"" thing.",neutral,neutral,0.7968526482582092,True,correct
"[NAME] fan mad, very mad",neutral,anger,0.9246917963027954,False,neutral → anger
I disagree. In that I believe that season 3 was also very good. I think it's better than season 4.,anger,anger,0.717227578163147,True,correct
We're one in the same!!!!!!!!!!!😂😂😂😂,joy,joy,0.5164454579353333,True,correct
Nobody likes you nonhuman mimics and everyone knows what you are.,anger,anger,0.8581118583679199,True,correct
"Hold my wine, I have to go vomit in sorrow.",sadness,sadness,0.9886151552200317,True,correct
The Mavs would probably have to give up some picks as well,neutral,neutral,0.8126140236854553,True,correct
Good. They can afford it.,joy,joy,0.9734277725219727,True,correct
"You'll find a few down South, too. No surprise.",neutral,neutral,0.6100411415100098,True,correct
"I know, I know, but CAN YOU BLAME ME FOR BEING NERVOUS",fear,anger,0.8597468733787537,False,fear → anger
You are. It's the cat. She looked away right when you turned the camera over towards her. She'd deliberately trying to mislead you.,neutral,neutral,0.5335387587547302,True,correct
My wife would say that all of the above and another dozen more are cheating...and she wonders why I’ve fucked other women...,surprise,anger,0.453166127204895,False,surprise → anger
"Please correct me if I'm wrong, but I thought that the name changes had more to do with legal issues then geographical ones.",neutral,joy,0.6253280639648438,False,neutral → joy
Exactly. So many people live here because they love public transit. It is an ammenity. NJ is not trying to make a profit from the PATH.,love,love,0.5790746808052063,True,correct
And that he’s not white,neutral,neutral,0.8912712931632996,True,correct
"Didn't even take a sip of the wine, and he still got wasted.",neutral,sadness,0.559715747833252,False,neutral → sadness
This really circled my jerk,anger,neutral,0.882598876953125,False,anger → neutral
I try to get close but I get pushed away. I try to back away and now I've just backed away.,neutral,sadness,0.8414218425750732,False,neutral → sadness
To match the Mets green st paddy’s jerseys,neutral,neutral,0.8847755193710327,True,correct
Got me spitted coffee all over my phone🤣,joy,anger,0.5120407938957214,False,joy → anger
I'm my parents' first and only child.,neutral,neutral,0.6513776779174805,True,correct
I honestly loved her performance as [NAME] in Scott Pilgrim. But then again I also love Scott Pilgrim so...,joy,love,0.9880933165550232,False,joy → love
"Just like that fucking idiot that was just trying to kidnap that woman, and chased her into a Karate studio... turned out just about the same.",anger,anger,0.9662461280822754,True,correct
Love the alliteration here.,love,love,0.9880871772766113,True,correct
Try Venezuela. It's your communist utopia in action.,joy,neutral,0.6903350949287415,False,joy → neutral
"I'm not saying to hate them, I'm wondering why this sub just started worshiping them.",surprise,surprise,0.9780736565589905,True,correct
"Had to sober up before I could figure out YouTube, but that was amazing.",joy,joy,0.9887073040008545,True,correct
Ugh. [NAME] [NAME] (another British celeb),neutral,neutral,0.6599637866020203,True,correct
Why is it that EVERY SINGLE TIME ONE OF THESE HAPPENS I’m only like a day late,anger,surprise,0.6584601402282715,False,anger → surprise
">Shouldn’t the Bible be infallible No. That would be idolatry. Only [NAME] is infallible,",neutral,anger,0.6350669264793396,False,neutral → anger
Thanks for the help.,joy,joy,0.9911076426506042,True,correct
It’s the format. It’s like one of those bad [NAME] memes,anger,neutral,0.4487540125846863,False,anger → neutral
He's not sure it's still relevant.,fear,fear,0.9632294178009033,True,correct
Sorry you can’t enjoy things cause other people enjoy them lol. Your loss,joy,joy,0.7193832397460938,True,correct
My jersey has the great number 10 on it!!,joy,joy,0.9825785160064697,True,correct
No doubt would start at wing. We need help there and it would help ease him in,neutral,joy,0.6935877799987793,False,neutral → joy
She was 100% more likable on the tell-all than she was in the show. She may deserve that sweet husband of hers yet!,neutral,joy,0.5554280877113342,False,neutral → joy
This just makes me feel inferior at this point.,sadness,sadness,0.9201357364654541,True,correct
Terrible shade of lipstick she's wearing...,anger,fear,0.4865219295024872,False,anger → fear
"If a crime is committed, you can contact the police and report it.",neutral,neutral,0.46280258893966675,True,correct
"Right. The mantra at my school is that we don't give grades, kids earn them.",neutral,joy,0.7398063540458679,False,neutral → joy
"Lmao, your joke did not go unnoticed to me!",joy,joy,0.9812031388282776,True,correct
All I can say is.. good luck bro,joy,joy,0.9808244705200195,True,correct
"Hm, I haven’t heard that opinion before but it sounds good. Thanks for the advice!",joy,joy,0.9871833324432373,True,correct
We were all that way when we were 17 too,neutral,neutral,0.8433135151863098,True,correct
Oh of course!,joy,neutral,0.5336772799491882,False,joy → neutral
I think most of these pictures would be much scarier if we had the perspective of the guy,neutral,fear,0.9474408626556396,False,neutral → fear
Hurr durr everyone needs to worry about other people’s problems,sadness,joy,0.6385295987129211,False,sadness → joy
Before he was riding a Bronco he was riding your mom.,joy,neutral,0.9058863520622253,False,joy → neutral
Physical copies at my preffered online retailer actually sold out. Its crazy. For all platforms.,joy,joy,0.5515106916427612,True,correct
Officially worse than Telkom. Well done vuma,joy,joy,0.5130324363708496,True,correct
Parents drugging their kids to prove a point. I love it.,love,love,0.9873369336128235,True,correct
Wasnt much to ruin.,neutral,neutral,0.5947940945625305,True,correct
"Wait, they're not? *looks closer* Huh.",neutral,surprise,0.5182856917381287,False,neutral → surprise
Article is behind a pay wall,neutral,neutral,0.7780768871307373,True,correct
In many states the law prosecutes the server just as harsh as the lawbreakers when it comes to alcohol. Dram shop law,sadness,neutral,0.7814377546310425,False,sadness → neutral
You're in the wrong subs,neutral,anger,0.8064252734184265,False,neutral → anger
"Haha, some days I channel Dory from finding nemo- ""Just keep swimming, just keep swimming"". Glad to hear you have a break coming.",joy,joy,0.9803287982940674,True,correct
"[NAME] being discussed as top 15-20 pick, [NAME] top 5 and [NAME] early round 2. This would be the most amazing draft ever though lol",joy,joy,0.9746729135513306,True,correct
Yet we keep supporting this race to the bottom to the worst tolerable option...,joy,joy,0.4800749123096466,True,correct
Yeah that's what I just got. Fkin annoying.,anger,anger,0.9740856885910034,True,correct
"I love reading positive stories!! Happy for you, OP!",joy,joy,0.7174437046051025,True,correct
You’ll struggle to get premier league tickets (without paying a hefty premium) so concentrate on the lower leagues.,joy,neutral,0.5072198510169983,False,joy → neutral
"Between POM, Mata and Stockdale for me",neutral,neutral,0.929776668548584,True,correct
"I believe it was the ""Master Batters.""",neutral,neutral,0.5532945990562439,True,correct
And I taught my room was dirty and that I was not taking care of my self. Good job op,joy,joy,0.8243569135665894,True,correct
Pretty sure it was New Orleans.,joy,joy,0.7960518598556519,True,correct
KUBIAK WHY HAVE YOU FORSAKEN US???,neutral,anger,0.4572412371635437,False,neutral → anger
I agree. I was merely attacking the fragility and ineffectiveness of democracy. Thanks for the example!,joy,joy,0.9726004600524902,True,correct
"I never understood the part where he dives into a pile of money, even as a child. It seems wildly painful.",surprise,sadness,0.800636351108551,False,surprise → sadness
Oh alright fair enough haha. If the sabres dont pan out I'll root for him also!,joy,joy,0.9546036124229431,True,correct
Please tell me that's not real... I haven't played the Assassin's Creed games... But do they really include such an obnoxious disclaimer?,surprise,surprise,0.6885262727737427,True,correct
"Eh, says who? Anyway, I like being by myself. I'm by myself right now.",surprise,surprise,0.3984127640724182,True,correct
Ur a silly goose,joy,neutral,0.7835082411766052,False,joy → neutral
"Funny how that works! Thanks for digging up the link, I've been on a 90s ska nostalgia trip ever since I clicked it :P",joy,joy,0.9842245578765869,True,correct
"It's actually pretty cool in here today, not hot at all",joy,joy,0.9361599087715149,True,correct
"Thanks, I find your poor implementation of punctuation to be very amusing. It's good that there's something we can enjoy about each other.",joy,joy,0.9866292476654053,True,correct
This has to be a joke. Your written word is atrocious.,joy,anger,0.6572995185852051,False,joy → anger
Hey mods... let's not allow articles pushing unsubstantiated rumour from poor sources,anger,anger,0.5174112915992737,True,correct
Why not? Just go for it. It'll make a great story to tell at your 50th wedding anniversary party.,joy,joy,0.9644358158111572,True,correct
"I've said it before, and I'll say it again. ""I don't want fucking unity with racists who put children in cages"".",anger,anger,0.9451594948768616,True,correct
This is an uninformed and incorrect statement. It doesn’t take even close to that long.,anger,anger,0.951160192489624,True,correct
Nah man I prefer endless cause of the part where he goes WOMWOMWOMWOMWOMWOM WOOOOOO REEEEEEEEE like that's lyrical genius right there,anger,joy,0.6739541292190552,False,anger → joy
Feeling is exhausting. They used to feel those things and now they feel nothing because they're so burnt out and tired,neutral,sadness,0.8367103934288025,False,neutral → sadness
"lol, as he goes down on you he suddenly screams into your vagina ""THE BEES THE BEES"".",joy,joy,0.9309024810791016,True,correct
Same outfit as the cute art school barista that works at my coffee shop,neutral,joy,0.7754901647567749,False,neutral → joy
That looks like food for a 12 year old.,neutral,neutral,0.6317291259765625,True,correct
"""I have been abusive."" This was before I even realised his narcissistic characteristics.",joy,sadness,0.7547000646591187,False,joy → sadness
What GDP growth? The one that barely broke 3-4% since 1984 and has dwindled to 1-2% to 0 to negative 1%?,surprise,surprise,0.8197727799415588,True,correct
"Ah man I finished RDR2 twice, so decided to try out GTA V and ran into [NAME] last night! Awesome character!",joy,joy,0.9887565970420837,True,correct
"Ah yes, the poison. The worst part of any poisoning.",neutral,anger,0.8732238411903381,False,neutral → anger
"Surprised to not see Three Arrows on the list when he went from no videos at all to over 100,000 subscribers just in the course of 2018.",surprise,surprise,0.9849648475646973,True,correct
"I don't remember, it was all very hazy...",sadness,fear,0.9251807928085327,False,sadness → fear
Scary stuff.,fear,fear,0.9903833270072937,True,correct
I love this!!! You got it!,love,love,0.9911613464355469,True,correct
Do you think the kid was crazy or was the mom crazy? Or do you think it was a bit of both?,neutral,fear,0.8023164868354797,False,neutral → fear
But he makes her vagina sing! How else is she supposed to act around him. Haha,joy,joy,0.882243275642395,True,correct
are you a genji main cause i feel the same way,neutral,surprise,0.6748191118240356,False,neutral → surprise
He was a part owner but did he also make videos promoting the sites?,surprise,surprise,0.7295160293579102,True,correct
"I like your style, let's not wait on any historians to miss any opportunities.",love,love,0.6941839456558228,True,correct
Huskies are better than Malamutes fight me [NAME],neutral,neutral,0.6301358342170715,True,correct
"Starving in the belly, starving in the belly, starving in the belly of a whale",neutral,sadness,0.6874168515205383,False,neutral → sadness
They had a similar panel last year. It's definitely worth a watch.,neutral,joy,0.8886994123458862,False,neutral → joy
Better hope nobody steals your keys,joy,joy,0.8369318246841431,True,correct
"What about fees? Much of the hit for a payday loan isn't interest, technically, it's fees.",surprise,surprise,0.7751778364181519,True,correct
that's really good,joy,joy,0.9902542233467102,True,correct
"Every time I see someone walking around with their toddler now all I can think is *poor basrard, he has no idea what's coming*.",neutral,sadness,0.4846729636192322,False,neutral → sadness
ooohhhh when he look at the camera at the end it's the cutest shit ever,love,joy,0.9360721707344055,False,love → joy
But I think his feelings care about the fact that he's still not tall enough to ride any of the roller coasters at Disneyland,joy,neutral,0.5264796614646912,False,joy → neutral
I love how serious and mad cats get when the dog starts messing around with them all playful,love,love,0.987027108669281,True,correct
"That sucks man, I'm sorry. Things will get better, they always do in the end",anger,sadness,0.7945342659950256,False,anger → sadness
"Ah ok, that makes more sense. I don’t think most [NAME] would see your last name and try to make it French, lol.",anger,joy,0.959954023361206,False,anger → joy
"Doubt that. Skins for [NAME], [NAME] and [NAME] don't change the shape of their wings, so why should they for [NAME]?",fear,fear,0.45777082443237305,True,correct
"More accurate, relevant map",neutral,joy,0.5976473093032837,False,neutral → joy
1.283 on a comment but I don't really go after normal posts for karma,neutral,neutral,0.5593230724334717,True,correct
"I sure hope so! Otherwise, I've been in the wrong sub.",joy,joy,0.6728060245513916,True,correct
"Yeah, sadly, looks like this champ will be pretty opressive.",sadness,joy,0.6101831197738647,False,sadness → joy
Just a minute... I’m late for GOLF!!,neutral,sadness,0.8402053117752075,False,neutral → sadness
[NAME] is another worthless [NAME]. Utah is unbelievably stupid for voting for him.,neutral,anger,0.9438009858131409,False,neutral → anger
Can’t wait for the saas drama!!! 😂😂,joy,joy,0.5181503891944885,True,correct
"Yeah I know what you meant. Fuck the police, most of them are vile pieces of shit, they deserve every kick in the back they get.",anger,anger,0.9633965492248535,True,correct
What a turnaround.,surprise,surprise,0.49301570653915405,True,correct
"I don’t really have much to say. There’s a bad idea, and there’s straight up disgusting.",anger,anger,0.9727001786231995,True,correct
You should like a troll. Not saying you are.,anger,anger,0.771036684513092,True,correct
Meanwhile my sister won’t even hug my goodbye when I drop her off at school.,sadness,sadness,0.734112560749054,True,correct
"She does it again in last nights episode, it’s so shady!!",anger,anger,0.7818422317504883,True,correct
I definitely saw a tweet where someone threw their razor in their toilet. They’re gonna have to fish it out sometime...,neutral,neutral,0.6868529319763184,True,correct
"It's not free, though. It's ridiculously expensive.",anger,anger,0.9227294325828552,True,correct
"Heh, don't know how it was back then but I'd really suggest giving it a spin now - it's like life-consumingly good!",joy,joy,0.976787269115448,True,correct
"That is patently false, considering his history of driving multiple businesses into the ground.",anger,anger,0.8971013426780701,True,correct
It’s time for some moderator field work!,joy,neutral,0.7390420436859131,False,joy → neutral
"Pretty sure you could do that with a cargo ship too, so I'm not sure I buy that argument.",fear,fear,0.9673821926116943,True,correct
[NAME] has some great videos on the guy. He's definitely a piece of work.,joy,joy,0.965025007724762,True,correct
"Hahahahahahahaa (Sorry, that is all I can say, it does not require a more intelligible comment.)",joy,joy,0.9859691858291626,True,correct
A lot of software guys are. Source: in software,neutral,neutral,0.9298904538154602,True,correct
Oh. Damn.,anger,anger,0.8509466052055359,True,correct
Don't do that.,neutral,anger,0.9353971481323242,False,neutral → anger
[NAME] damn hippies,anger,anger,0.9278863072395325,True,correct
Haha fair enough. Lucky you :P,joy,joy,0.985792338848114,True,correct
I'm happy I live in a country where machete attacks don't have to be a real concern.,joy,joy,0.9806262254714966,True,correct
Game of the conference season so far and ESPN screws up the stream with only a link to the game in Spanish?,surprise,surprise,0.3481905162334442,True,correct
Right like interacting with each other having a normal evening? Ugh they’re both so trashy I’m sorry.,sadness,sadness,0.9286799430847168,True,correct
Thanks so much! Im not sure if its directly from youtube its,joy,fear,0.6227632164955139,False,joy → fear
Now this REALLY sucks,anger,anger,0.9696178436279297,True,correct
Looks like this person just solved the world’s starvation problem. Get a Nobel Prize ready for them!,joy,joy,0.7655621767044067,True,correct
I wish I had known this when my kitty ran off years ago. 😭,joy,joy,0.6853752136230469,True,correct
he's still alive?? didn't he die?,neutral,fear,0.5798071622848511,False,neutral → fear
THIS BULLSHIT DOESN'T EVEN MATTER. SIGNATURE WIN. [NAME] SMELLS LIKE SHIT AND DOESN'T RECYCLE.,anger,anger,0.9556268453598022,True,correct
"Pfft, you should see fortnite. I know people who have spent thousands of dollars on llamas and skins.",neutral,neutral,0.49318382143974304,True,correct
"That would involve reading, and redhats aren't so good at that.",neutral,anger,0.5373316407203674,False,neutral → anger
"This makes me very happy, thank you for sharing!",joy,joy,0.9922701120376587,True,correct
I was just gonna say this look like fake karma.,sadness,anger,0.7754348516464233,False,sadness → anger
Furthermore the kids are staying with you and wife can move out of the family home and back in with MIL.,neutral,neutral,0.8635746836662292,True,correct
Sooner or later you're both going to have to make some choices about your priorities.,neutral,joy,0.6206130385398865,False,neutral → joy
Thank you for your service,joy,joy,0.9910223484039307,True,correct
*OOH* *AH* *OW*,joy,surprise,0.5383638739585876,False,joy → surprise
They just need to clean the bathroom better.,neutral,neutral,0.5813908576965332,True,correct
"I don't mean at Blizzcon but shortly after, like a week, imo that would have been for the best for the players and everyone involved",joy,neutral,0.6134234666824341,False,joy → neutral
Hello fellow Nashville Lions Fan!!!,neutral,neutral,0.8287032842636108,True,correct
He said sexist not sexiest.,neutral,anger,0.6524599194526672,False,neutral → anger
"Anyway, it's 00:33 am here at the moment, so I'm gonna head to bed. Thank you for reading and good night :)",joy,joy,0.9918671250343323,True,correct
On PS4 it's very toxic. I would imagine it is the same over on Xbox One aswell,neutral,anger,0.44926366209983826,False,neutral → anger
Did you maybe get Tag and Hide and Seek confused ?,fear,fear,0.9853754043579102,True,correct
Honestly could be faster to just install ublock real quick.,neutral,joy,0.7294045686721802,False,neutral → joy
No it’s definitely you. Time for you to grow up.,anger,anger,0.43841397762298584,True,correct
Sorry if this has been covered a bunch but what happened on the play where [NAME] got injured?,fear,surprise,0.5402424335479736,False,fear → surprise
"Butter bronzer-physicians formula and I HATE the smell. I haven’t really played w it but wow, so scented.",joy,anger,0.9693682193756104,False,joy → anger
I wanna take the hardware out of that guy's face with a pair of pliers.,neutral,neutral,0.3868425190448761,True,correct
[NAME] follows me on Instagram so it's ok.,neutral,joy,0.5774706602096558,False,neutral → joy
Girls super-like?,surprise,surprise,0.7041150331497192,True,correct
Couldn't have happened to a nicer person.,sadness,joy,0.4459752142429352,False,sadness → joy
Some aren't. Either way it's a mystery how they obrained so many M1s.,neutral,surprise,0.5223640203475952,False,neutral → surprise
"They don't even have that anymore, since [NAME] up and left the party.",neutral,neutral,0.5686066150665283,True,correct
Definitely not just on this sub. I keep seeing them on Instagram too.,neutral,neutral,0.8310576677322388,True,correct
"Do your research = listen to anecdotal evidence from users(totally reliable!) and try it out, just be comfy!",neutral,joy,0.7041556239128113,False,neutral → joy
A good therapist can lead you to talking about what you need to talk about once they get to know you and your emotions and trends,joy,joy,0.5944419503211975,True,correct
Idk if I’m wrong but I think they gave her some piercings on her ear which are cool too,joy,fear,0.48038390278816223,False,joy → fear
As soon as I read the title the music for this game started playing in my head.,neutral,neutral,0.5247614979743958,True,correct
We're not a democracy. WE'RE A COUNTRY,anger,anger,0.621999979019165,True,correct
Needed a good laugh today 😂,joy,joy,0.9626497626304626,True,correct
I'd rather die than drive a Volvo!,anger,anger,0.6821892261505127,True,correct
"cars don't start, sometimes car doors are frozen shut. that's the worst of what i've experienced.",anger,anger,0.5209946036338806,True,correct
Best of luck mate. I’ve yet to reach my limit but this brought me closer,joy,joy,0.9763770699501038,True,correct
These damn kids with their Rage Against the Machine and their nae-naeing.,neutral,anger,0.9614128470420837,False,neutral → anger
This is absolutely precious,joy,joy,0.9271531105041504,True,correct
"Lol that’s incredible! PLO is such an amazing game, so much more entertaining than NLH. Good job pal.",joy,joy,0.9901062846183777,True,correct
"Unpack it, spread it around, share your fatphobia with everyone!",neutral,neutral,0.70262610912323,True,correct
Lol nope. She helped me alot through it. I'd say [RELIGION]/parents made me miserable,joy,joy,0.8195035457611084,True,correct
You really shouldn’t just pat wolves you know...,sadness,anger,0.8177456855773926,False,sadness → anger
[NAME] has continued to show how selfish she is throughout the years..we shouldn't be surprised at this. [NAME] forbid she be the bigger person for the kids.,sadness,anger,0.46733227372169495,False,sadness → anger
thank you SO SO much for your help <3,joy,joy,0.9923620223999023,True,correct
How autistic.,neutral,neutral,0.4014710783958435,True,correct
You say only other escape but it's almost guaranteed to save you and makes [NAME] way safer than any other assassin,neutral,neutral,0.4954568147659302,True,correct
I appreciate it! I spent a lot of time crafting a story I wanted to tell.,joy,joy,0.9929490089416504,True,correct
"oh yah, no worries. I appreciate your time and thoughtfulness.",joy,joy,0.9910346865653992,True,correct
THIS MADE ME CRY,sadness,joy,0.4936774671077728,False,sadness → joy
This is the most high school post I’ve ever seen on this subreddit.,joy,surprise,0.575571596622467,False,joy → surprise
Oh I know lol I overdid it w that comparison. The point is singers have shit vocal nights but that doesn’t make them unprofessional. Shit happens.,anger,joy,0.6917593479156494,False,anger → joy
Idk it’s your choice,neutral,fear,0.8343825936317444,False,neutral → fear
"He’s gone soon I would imagine, hope we can get a late-mid round pick for him, like a 5th",joy,joy,0.9115407466888428,True,correct
"I like him 1.thats why I agree to go on a 2nd and 3rd date, 2. we text a lot. I just take things slow.",joy,love,0.9477208256721497,False,joy → love
""" Alright Little orphan [NAME], it's time for you to start earning your keep around here!""",joy,joy,0.6356450915336609,True,correct
Yeah that's not nearly as dramatic and aggressive as the ball in the above video.,anger,anger,0.689892590045929,True,correct
"I doubt I'll ever own one of those, I'm a bookworm and I love the smell of old books. Thanks for the info, nonetheless.",joy,joy,0.971527636051178,True,correct
Lol there you go. Forgot to switch back from your alt for a second there.,joy,joy,0.9758865833282471,True,correct
"I love [NAME], but this sounds like he’s claiming signing a 26 year old superstar is stupid. Come on.",love,love,0.856867253780365,True,correct
This is his speculation or a leak?,fear,fear,0.6016830801963806,True,correct
I live downtown and walk around at odd hours of the night all the time. Love the empty and abandoned feel of the city.,joy,love,0.9825206398963928,False,joy → love
Got a good laugh out of that. Plenty of wall of shame material.,joy,joy,0.9619197845458984,True,correct
FYI… the [NAME] has these in their kitchen in “ That 70s Show.”,neutral,neutral,0.8739295601844788,True,correct
Some of them will have to get new vehicles to meet the requirements. That means we get cleaner air. Where's the problem exactly?,joy,fear,0.4705405533313751,False,joy → fear
Awesome! Thank you!,joy,joy,0.9901161789894104,True,correct
They cannot bypass racial discrimination without facing a serious backlash.,neutral,anger,0.694912850856781,False,neutral → anger
Humanity is doomed,sadness,sadness,0.829736053943634,True,correct
Probably vallied out man haha,joy,joy,0.9366170167922974,True,correct
Maybe you'll get lucky and it will fall apart before they go through with it.,joy,joy,0.723989725112915,True,correct
He's 38 he should retire I hope he at least gets traded to a contender,joy,joy,0.9560971260070801,True,correct
Thank [NAME] she did the math for us,joy,joy,0.990060567855835,True,correct
Y’all out here really believing this and I think that’s the funniest part,joy,joy,0.9770447015762329,True,correct
They were barely given a chance,neutral,sadness,0.7182084321975708,False,neutral → sadness
Oh absolutely. No way he should run in 2020. I don't know what alternatives there are though.,fear,fear,0.7919665575027466,True,correct
how blurry this photo is r/mildlyinfuriating,anger,anger,0.6801422834396362,True,correct
We also one because [NAME] straight took that game over late.,joy,neutral,0.910588800907135,False,joy → neutral
Always thought [NAME] spear look lethal...especially compared to someone like [NAME].,neutral,neutral,0.5440898537635803,True,correct
Lol I can’t wait to end up on this sub one day.,joy,joy,0.9808439612388611,True,correct
And why would I do that? Edit: Thanks for setting up that Walder Frey line for me,joy,surprise,0.5111598372459412,False,joy → surprise
Plot twist: they don‘t Want to Go To school,anger,neutral,0.8943105340003967,False,anger → neutral
Firemen make roughly 30000£ in UK today.,neutral,neutral,0.7883976101875305,True,correct
2-4 minutes is not enough time to wash long hair. 10-15 minutes minimum. Stay strong!,joy,joy,0.6673532724380493,True,correct
Total non-reaction by the trio of guys. ‘There goes [NAME] again. Every time we come out here.’,neutral,neutral,0.7172175049781799,True,correct
[NAME] and [NAME] Funny thing is they both had a feud too and were in the ring at same time a lot,neutral,joy,0.9207226037979126,False,neutral → joy
"That's not a healthy way of thinking. Obviously that dude was troubled and, without proper help, he would have done these things regardless.",anger,anger,0.6959101557731628,True,correct
Unless you're the type of person who rolls through relationships every 3-6 months like clockwork,joy,neutral,0.8631552457809448,False,joy → neutral
I’m glad I’m not the only one who was pedantic enough to notice.,joy,joy,0.9321907162666321,True,correct
Are you daft ... ? That is and always has been the proposal. [NAME] don't listen and don't care though. Fucking dumbass.,anger,anger,0.9627161622047424,True,correct
"Fun fact. If you combined North Dakota, South Dakota, Wyoming and Montana into one state it would have roughly the same population as Puerto Rico!",joy,joy,0.7584087252616882,True,correct
[NAME]. Think there’s some controversy over how common that was though,neutral,fear,0.6492060422897339,False,neutral → fear
"This is the reason why I don't have friends. Not even skinny ones, you never know how they will be in the furure",neutral,sadness,0.5633559823036194,False,neutral → sadness
learn to say no more. After a few times you have something you like destroyed it gets easier.,joy,joy,0.5700811743736267,True,correct
My favourite is peeing in restrooms and your feet can't touch the floor while sitting on the toilet.,neutral,love,0.7742789387702942,False,neutral → love
I love how many penguins stopped and waited for him 😍,love,love,0.988262951374054,True,correct
"ok? dont really know what that has to do with it. [NAME] designs the offense, [NAME] just runs it",neutral,fear,0.9568183422088623,False,neutral → fear
Sounds like he's lying to you both. You probably would have a lot of heart ache if you continue to be involved with this one.,neutral,sadness,0.823060929775238,False,neutral → sadness
"Thank you, next!",joy,joy,0.9911750555038452,True,correct
Going to the doctor tomorrow for a checkup to make sure everything is normal and hopefully this shit is just in my head.,joy,joy,0.8588688969612122,True,correct
you guys got hate in your heart,sadness,anger,0.9531458616256714,False,sadness → anger
DAE hate unnecessarily salty people like OP?,neutral,anger,0.46259021759033203,False,neutral → anger
That’s adorable! He probably wants them all in one spot so he can make sure they’re ok and not getting lost or hurt.,joy,joy,0.9262394309043884,True,correct
I think you'll find that dating is really difficult for poly men. It's the biggest reason why I'm monogamous.,joy,joy,0.7600467205047607,True,correct
It’s perfect. You’re perfect. Never change.,joy,joy,0.9772540330886841,True,correct
"""are you related?"" ""No"" ""Are you <more specific type of related>?""",neutral,surprise,0.5632738471031189,False,neutral → surprise
“Lol that’s Sammie coates replacement not minds take it how you want to I am back”- [NAME] - AB,joy,joy,0.8977922201156616,True,correct
"Apparently, they couldn't believe a massive corporation (that they're loyal to) finally called them out.",neutral,surprise,0.7090882658958435,False,neutral → surprise
THIS IS SO GOOD. Thank you!!!,joy,joy,0.9916555881500244,True,correct
Nobody is mad about that.,neutral,anger,0.4557919204235077,False,neutral → anger
Mr. Met is a legend! Outrageous. Now... If you wanna talk about hateworthy mascots... The Phanatic fits the bill.,anger,joy,0.8967233896255493,False,anger → joy
In the letter I told her she was disrespectful and that we will not ask her to housesit again.,neutral,anger,0.6562049388885498,False,neutral → anger
So true! My brain always goes to these places when buying a car...,joy,joy,0.9239605069160461,True,correct
This is the worst take I have ever heard on cooking ever.,anger,anger,0.9493901133537292,True,correct
Glad he survived or it might have become a *dead*lift.,joy,joy,0.9144247174263,True,correct
> It's not like Bonds use was worse or anything list would beg to differ.,anger,anger,0.7808782458305359,True,correct
A little too old to be skateboarding,joy,neutral,0.7076924443244934,False,joy → neutral
I will absolutely tell him this. Thank you. Congrats for making it out of the fog yourself.,joy,joy,0.9873391389846802,True,correct
"I usually say , DON'T BE EMBARRASSED ! They don't know you anyway...mm",joy,anger,0.7071806192398071,False,joy → anger
It is a kayak,neutral,neutral,0.9224668145179749,True,correct
that's the only thing i remember from this book,neutral,neutral,0.5310596227645874,True,correct
What Internet?,surprise,surprise,0.7067652940750122,True,correct
There’s always that one friend 😂,joy,neutral,0.6182291507720947,False,joy → neutral
"This is a very good point, which I hadn't thought of. Thanks dull!",joy,joy,0.9866188168525696,True,correct
Was he transporting animals?,surprise,surprise,0.6921677589416504,True,correct
Awesome! I look forward to updating.,joy,joy,0.9903458952903748,True,correct
He must smell terrible when he sweats. That's honestly pretty gross.,anger,anger,0.8671557307243347,True,correct
"No R movies or tv shows, no buy from me. But I’m sure people with kids will love it.",love,love,0.951334536075592,True,correct
lol classic [NAME],joy,joy,0.9661869406700134,True,correct
Awesome! Welcome aboard! I'm glad your first game was a win!,joy,joy,0.9903309345245361,True,correct
"I am proud of you random internet stranger, you peopled good today.",joy,joy,0.9806859493255615,True,correct
Well that explains why [NAME] was able to win,joy,neutral,0.5647960901260376,False,joy → neutral
"It is so ugly I felt personally attacked by it, what can I say",anger,anger,0.8643421530723572,True,correct
Thanks for this.😊 I like to learn new things. #experiencematters **Themoreyouknow**🌈,joy,joy,0.9908173084259033,True,correct
"I never really thought of myself as an ex-[RELIGION] until recently, so many no.",joy,neutral,0.5501635670661926,False,joy → neutral
Thanks,joy,joy,0.9899191856384277,True,correct
"I never went back to the post to see if it was BOA, but I’m not surprised if it was. That was my first guess.",joy,surprise,0.6739686727523804,False,joy → surprise
I like it. Ending made me cry happy tears. I don't cry often,love,love,0.686588704586029,True,correct
It's a contract / vendor management position more than anything,neutral,neutral,0.8509824275970459,True,correct
I just came,neutral,neutral,0.864301860332489,True,correct
I just found my new flair. Thanks [NAME].,joy,joy,0.9904462099075317,True,correct
Yep. He also said it’d happen on a Manbij patrol,joy,neutral,0.5899984240531921,False,joy → neutral
Usually they dont even show up when you call them and they are a rare sight in the city. Good luck finding one.,joy,joy,0.9449939131736755,True,correct
I hope everyone has a nice day.,joy,joy,0.986758291721344,True,correct
"Fair enough, but that doesn't mean she won't in 2020.",joy,anger,0.47876623272895813,False,joy → anger
Oh I wasn't offended. ITA with you on the rest.,anger,neutral,0.41978538036346436,False,anger → neutral
"They are high pressure hoses, think about getting waterboarded.",neutral,neutral,0.578632652759552,True,correct
"I stand corrected. As I said, wonderful charities. I will always enjoy GDQ, just not revalant to my experience.",joy,joy,0.9875004291534424,True,correct
my god quit getting blocked,anger,anger,0.8620384335517883,True,correct
"This. It IS a minority here, but they are very vocal and very active, exactly what you would expect from a PR team",neutral,neutral,0.6738773584365845,True,correct
You're* Stay in school lol,joy,joy,0.9503206014633179,True,correct
I didn't know of [NAME] before I saw that episode. I fucking love that man and have watched an unhealthy amount of him since.,sadness,love,0.9840012788772583,False,sadness → love
I'm sure that's a really important issue to you that consumes your daily life...,neutral,joy,0.9143840074539185,False,neutral → joy
Wow I’m sorry. Can you take pictures of your bruises? What was she nagging you about?,neutral,surprise,0.8728368282318115,False,neutral → surprise
"What part of ""Yeah but still"" do you not understand dude?",fear,fear,0.538314938545227,True,correct
Your link won't load and are you seriously citing fucking Syria as a successful example of anything? [NAME] holy motherfucking pecker.,anger,anger,0.9657872915267944,True,correct
Well one of them is a dirty kimono wearing weirdo,anger,anger,0.7561182975769043,True,correct
No one wants the wrong person executed for a crime fool,anger,anger,0.7392350435256958,True,correct
Also wanna point out that it’s just for like 10mil+ iirc,neutral,neutral,0.7598027586936951,True,correct
I totally thought that this match would be a draw due to [NAME] interfering. I should never make any picks in the pick'em contest ever again.,joy,anger,0.7063701152801514,False,joy → anger
"Excellent, I was wondering about [NAME] the moron recently.",joy,joy,0.656997799873352,True,correct
I hate you for that title. Thanks a lot. /s Right as I’m about to go to sleep too.,joy,joy,0.6684522032737732,True,correct
"Wow. Forget the separation, lawyer up and go straight to divorce.",surprise,surprise,0.6202590465545654,True,correct
"Eh, it'll be alright. Just another battle scar haha. Best of luck to the both of us!",joy,joy,0.9874688386917114,True,correct
I don't feel so financially secure,fear,sadness,0.963129460811615,False,fear → sadness
Dude you really like The Strokes.,joy,love,0.8185703754425049,False,joy → love
"It' kinda ironic that ""Winners"" are actually losers (they haven't realised that yet)",joy,sadness,0.7995005249977112,False,joy → sadness
You still didn’t answer the question. Sorry it’s bugging me :),sadness,sadness,0.9852510690689087,True,correct
"Because I am a human, and I can do whatever I want, as long as it's not against the law",joy,joy,0.6199760437011719,True,correct
I cant think of anything funny to say so upvote to give me free karma,anger,joy,0.868066668510437,False,anger → joy
"How did [NAME] just give that beatdown to Attach, the other player was so far away.",neutral,surprise,0.8166404366493225,False,neutral → surprise
No one makes it through. We all die. Just some sooner than others.,joy,sadness,0.942055881023407,False,joy → sadness
"It's great! And it's his own choice, you don't force him.",joy,joy,0.9720936417579651,True,correct
So true. The chicks I pick up from clubbing are nothing compared to the love of a good woman.,joy,love,0.7299262285232544,False,joy → love
"100% correct. Seriously, listen to [NAME] talking points when she mentions Syria. Matches RT propaganda exactly.",neutral,joy,0.84870845079422,False,neutral → joy
I can't do that....I don't know how to hard boil eggs sooooo,anger,sadness,0.4734054505825043,False,anger → sadness
"Oh, I don’t work there. My bf is in a band that plays there often.",neutral,anger,0.47917860746383667,False,neutral → anger
I DO NOT NEGOTIATE WITH TERRORISTS this is what I tell my 3.5 year old on the daily,neutral,anger,0.7731980681419373,False,neutral → anger
"That's nothing, before BSE we did horrible things with bone meal animal feed. Cannibal cows.",joy,fear,0.7682389616966248,False,joy → fear
"They’re not exactly tiny creatures. Patch that hole up, my dude.",anger,neutral,0.43254315853118896,False,anger → neutral
"😂 i need one too i’m on break and honestly my life revolves around reddit at this point, cake day is special enjoy it!",joy,joy,0.9872632622718811,True,correct
I shook a hand that shook his hand once,neutral,neutral,0.8981033563613892,True,correct
Despite the fact that they've been writing it for millennia.,neutral,neutral,0.7400609850883484,True,correct
Uh... What's stopping you from just throwing it away?,surprise,surprise,0.5567254424095154,True,correct
"I've tried the ""peanut butter""...I almost vomited. NASTY! It went straight to the trash.",anger,fear,0.43812286853790283,False,anger → fear
[NAME] would be really pissed off to lose c3po and r2 to the fucking destroy ending,anger,anger,0.9473321437835693,True,correct
Episode IX is apparently about [NAME] going back to Jakku,neutral,neutral,0.8801143169403076,True,correct
I really love how this team responds to injuries,love,love,0.9872868657112122,True,correct
His opponent got DQ for pinching off [NAME] air tube. His first opponent is why [NAME] had the air tube in the first place.,neutral,neutral,0.8206006288528442,True,correct
Politics are boring. Vote for everyone. -[NAME],neutral,anger,0.8484316468238831,False,neutral → anger
Take him to a family holiday and I'm sure your family will do all of the work to hint that you guys should get married.,neutral,neutral,0.5094879269599915,True,correct
I actually find it easier to place spawn beacons in stupid spots like this than a nice flat empty piece of ground.,joy,anger,0.6065071821212769,False,joy → anger
"If you can't see how the mass killing of Landlords is related to Communist ideology, there is really no point discussing further.",anger,anger,0.7217997312545776,True,correct
I... don‘t see anything wrong with that?,joy,surprise,0.6087304949760437,False,joy → surprise
y i k e s,neutral,neutral,0.8833717703819275,True,correct
Franchise QB's are leaders who set the tone for the entire lockerroom. [NAME] is a terrible leader.,joy,anger,0.7933077812194824,False,joy → anger
[NAME] FIRED.,anger,neutral,0.625931441783905,False,anger → neutral
"I grew up in the south and we ate casseroles all the time. So I share your ""what?!?!""",neutral,surprise,0.4744220972061157,False,neutral → surprise
Except [NAME] still went with the happy ending instead of ending it at the Aningaaq scene.,joy,neutral,0.8299063444137573,False,joy → neutral
Yeah this is downright spooky; she's not even using that face mask.,neutral,fear,0.9318747520446777,False,neutral → fear
YOU LIKE TURTLES? Gimme a second.,anger,surprise,0.7130516767501831,False,anger → surprise
"""You can't stop me"" Ah yes, those playful words when referring to a sexual act...",anger,joy,0.5112828612327576,False,anger → joy
"Yeah, I wouldn't be too surprised by that either. I'm so excited to see or hear SOMETHING though.",joy,joy,0.902110755443573,True,correct
This is a toxic behaviour.. get rid of him as soon as possible.,anger,anger,0.9373906850814819,True,correct
Wouldn’t be shocked for a lot of those guys to follow him to TB.,surprise,surprise,0.7569183111190796,True,correct
[NAME]? Y’all [NAME] are weird AF (and I love it).,neutral,love,0.9538441300392151,False,neutral → love
"Well, he promised [NAME] it was over and he was out for good, right. So, no.",neutral,anger,0.42477354407310486,False,neutral → anger
"Wow that's amazing, I hope my situation is as good next year.",joy,joy,0.9838846325874329,True,correct
My dad loves playing sport......the sport of slam dunking my arse for a touchdown,love,love,0.9776745438575745,True,correct
Wow! That's awesome! Congratulations! Its wonderful to have hope of being off medications one day.,joy,joy,0.989778459072113,True,correct
I did this v recently and now my legs are covered in ingrown hairs >.<,neutral,sadness,0.595933735370636,False,neutral → sadness
I feel so bad for [NAME]. It was probably hard to concentrate on this match with the things going on in his personal life,sadness,sadness,0.988990306854248,True,correct
You credit yourself with acheivment you do not deserve. Not a first and defenitely wont be the last time.,anger,anger,0.7337201237678528,True,correct
I needed this today. Thanks stranger,joy,joy,0.9894036054611206,True,correct
Coming for dat golden state ass!,neutral,neutral,0.5553986430168152,True,correct
"I said to myself ""It's going to be reefer madness"" Clicked the link and it was Reefer Madness.",sadness,neutral,0.5280594229698181,False,sadness → neutral
shaved definitely makes things more swampy for me. I need the hair to soak up the swamp,neutral,neutral,0.46636998653411865,True,correct
I get hella pissed when people who are shorter than me complain about being too tall.,anger,anger,0.9656288623809814,True,correct
"""This droid has a bad motivator.""",sadness,anger,0.6167430877685547,False,sadness → anger
I would play the fuck out of this game,anger,anger,0.9548355937004089,True,correct
It's fairly modern.. It opened in 2007.,neutral,joy,0.5480595827102661,False,neutral → joy
Yeah after I showed it to my friend a few minutes later I realized what he meant but I forgot to remove my post.,sadness,joy,0.846510112285614,False,sadness → joy
"Those are different, you don't tie that shit to the weakest part, they just stay on there by magic",anger,anger,0.7465193271636963,True,correct
I never knew cringing could be so ...cathartic.,sadness,surprise,0.6997810006141663,False,sadness → surprise
"The co-worker thing is generally for the best,the rest I agree.",joy,joy,0.982797384262085,True,correct
Wtf if this is true it’s the funniest thing I’ve read all day.,joy,joy,0.9790778756141663,True,correct
"Change your mindset to not expect anything in return, if they do great if not...their loss",joy,joy,0.6763241291046143,True,correct
"I agree with you, I just don't believe it will happen.",joy,joy,0.8223005533218384,True,correct
You missed the point 🙃,anger,sadness,0.47489845752716064,False,anger → sadness
"Wow, so he was pulling his own little mini [NAME] scam. Explains why he couldn't use your reporting tool.",joy,surprise,0.8081534504890442,False,joy → surprise
"I just renewed my license today and they didn't check my proof of address, just looked at my us passport, license, and debit card",joy,neutral,0.8300960063934326,False,joy → neutral
Watching now. Oh wow we both didn't realize how much we hated this guy. This is one of the most quotable episodes by far.,joy,anger,0.6102896928787231,False,joy → anger
WHO WON THIS FIGHT My thoughts: neither side did a good job at explaining their positions and this entire interview was mostly useless,sadness,anger,0.8014298677444458,False,sadness → anger
Thanks lol someone else just filled me in on the backstory haha 😂,joy,joy,0.9895387291908264,True,correct
"Best form of government is 150 people tribe in a situation where there are no non-perishable goods, just food an clothes.",neutral,neutral,0.5956451892852783,True,correct
And they went to therapy. At least they made active steps to work on their problems unlike a lot of other people.,joy,neutral,0.51528000831604,False,joy → neutral
Why GPL instead of AGPL?,neutral,fear,0.6838866472244263,False,neutral → fear
"No one is holding a gun to their heads telling them to moderate the sub, either.",neutral,anger,0.5518431663513184,False,neutral → anger
I'm really happy he and [NAME] are finding success,joy,joy,0.9880692362785339,True,correct
I just say I don't know shit. I'm just a ape man on a rock.,anger,anger,0.8266789317131042,True,correct
"Mexico didn't start the war. Thats probably where you are confused. The US invaded Mexico in both occasions, Mexico only defended itself in both occasions.",neutral,fear,0.980409562587738,False,neutral → fear
Thank you thank you!,joy,joy,0.991104006767273,True,correct
What is everybody obsession with trading away young players in this sub?,surprise,surprise,0.8469617366790771,True,correct
I would not recommend contacting her. That would probably creep her out.,anger,anger,0.9344121217727661,True,correct
Audio on RiF. You have to manually turn it on,neutral,neutral,0.8900730013847351,True,correct
I suppose it is quite frustrating to have someone telling you the sky isn't blue,anger,anger,0.9486801028251648,True,correct
"Yeah, sure, but it's beatable. It's made to be beaten, not otherwise. That's what I meant with my speech.",joy,joy,0.764999508857727,True,correct
"I love your art style, that looks fantastic!",love,joy,0.9411329627037048,False,love → joy
Actually the Bills’ current uniforms make them look like the 1980-1999 Giants,neutral,neutral,0.7532602548599243,True,correct
"Welcome to The Church of Jesus Christ of Latter Day Saints, where families can be SEPARATED forever",joy,joy,0.7686082124710083,True,correct
Kinda reminds me of that pluto pic from nasa,joy,neutral,0.5807096362113953,False,joy → neutral
"You know it doesn't use the word ""boycott"" at all, right?",neutral,surprise,0.6626248955726624,False,neutral → surprise
"This happens to me all the time I’m so sorry 😣 it’s always with burgers, too. So painful.",sadness,sadness,0.9910711050033569,True,correct
my good girl,joy,joy,0.5318398475646973,True,correct
"BEN ""[NAME]"" LOVEJOY!",anger,love,0.9842654466629028,False,anger → love
Guy got the looks,neutral,neutral,0.6500971913337708,True,correct
Can’t stand that dwarfism [NAME] she is so cringe,anger,anger,0.9330407381057739,True,correct
I punch them in the throat before they get the chance to speak.,anger,anger,0.925057590007782,True,correct
Congratulations! Hard work always pays off! :) Hope you enjoy your new job!!,joy,joy,0.9915962815284729,True,correct
This is awesome. But also r/dontdeadopeninside,joy,joy,0.9844973087310791,True,correct
Oh my [NAME] that's so awkward,sadness,sadness,0.9858195781707764,True,correct
[NAME] and [NAME] are my favorite gay couple,joy,love,0.9644785523414612,False,joy → love
"Nice bosses are still just bosses here to exploit you, just to also make you feel bad for, instead of afraid of, defying them",sadness,joy,0.7909152507781982,False,sadness → joy
"Very cool toys, very cool video, very cool hostd",joy,joy,0.9862694144248962,True,correct
">the decades after WWII That includes 1950. If you want to insult me, read your own fucking post first",anger,anger,0.9672499895095825,True,correct
Its mr. Clean your room. This guys pretty whatever but comments from people who love him read like copy pasta,neutral,love,0.5643870234489441,False,neutral → love
Try wearing something unattractive when that student is around.,fear,neutral,0.46246233582496643,False,fear → neutral
!remindme 7 months,neutral,neutral,0.9545130133628845,True,correct
Its a half baked RP. If they wanted to kill each other they oculd have just started shooting.,neutral,neutral,0.7912939786911011,True,correct
Thanks for the heads up! I’ve been wanting to see this for a while.,joy,joy,0.9878941178321838,True,correct
and the duck shaped nozzle makes it easy to slam entire bottles!,neutral,neutral,0.7603318691253662,True,correct
I left the business never to come back. Then I met the owner of this place. I love this job.,love,love,0.9884189963340759,True,correct
He’s 60 and never had a HC gig. That should worry folks!,neutral,fear,0.8211885690689087,False,neutral → fear
Why? You can tell me all about it.,surprise,surprise,0.8632930517196655,True,correct
I really havent found any of these so far that funny. Although his backflips and other stuff are pretty impressive,joy,joy,0.9805903434753418,True,correct
"I want to go scuba diving so bad, but swimming in anything bigger than a pool terrifies me.",fear,fear,0.9799648523330688,True,correct
I'll see if I can find it Found it!,neutral,joy,0.37717291712760925,False,neutral → joy
I like how everyone is being so mysterious about the proof that has convinced them,joy,love,0.9000102877616882,False,joy → love
"Ha ha ha, thank you so much, he is a total gentleman. Ok, bull by the horns time!",joy,joy,0.9901319742202759,True,correct
It's a tool that idiots install so they can tag users who post in subreddits they disagree with and immediately discount or attack said users,neutral,anger,0.9525619149208069,False,neutral → anger
"Funny how some people criticize people for not following those laws, when they don't either.",neutral,joy,0.5002228617668152,False,neutral → joy
I hope that you still send her a bag each Christmas?,surprise,joy,0.5381981134414673,False,surprise → joy
"I love how you only see these types of comments on Japanese games, brings out the inner weep.",love,love,0.9870029091835022,True,correct
I dont get into politics much but if they want to echo chamber leave them alone it wont change them they will only get more angry,neutral,anger,0.9606983065605164,False,neutral → anger
"We don't know what would have happened if she'd said no, which is why most guys wouldn't ask.",fear,fear,0.8583289980888367,True,correct
"Don't worry, [NAME] is there.",joy,joy,0.8276010155677795,True,correct
i actually laughed at that lol good one man,joy,joy,0.9821203351020813,True,correct
"He meant if the comedian made a joke specifically about his grandpa, not any old grandpa, its when it is personal.",neutral,neutral,0.8590818643569946,True,correct
"Ive got these too, any tips on how to remove/make them less obvious?",neutral,surprise,0.8316236734390259,False,neutral → surprise
> the ruts laid out for you by the people who raised you I like that. It's the perfect imagery.,joy,joy,0.706690788269043,True,correct
I did something along those lines almost 2 years ago and got to 67 upvotes before I got banned,neutral,joy,0.5258176922798157,False,neutral → joy
I don't mind posts bashing NOED or DS. But I wish this one would make sense or would be funny.,joy,joy,0.9395796060562134,True,correct
Sorry. I know I should be grateful and happy.,sadness,joy,0.7221192717552185,False,sadness → joy
That is so cool!,joy,joy,0.9848734140396118,True,correct
"Wow look at this deep pockets eating a lentil a day, I have to slice mine to last me a month!!!",joy,surprise,0.6848763227462769,False,joy → surprise
I enjoy that general area. Sections 203-205 are good sections pricewide and view wise,joy,joy,0.9712121486663818,True,correct
Did you check the bowl?,fear,surprise,0.918211042881012,False,fear → surprise
"KNC is [NAME] syrian political party and a manifestation of the KRG, so yes indirectly.",neutral,neutral,0.8212916254997253,True,correct
"I mean, a lot of animals I've seen get terrified of regular stuffed animals, imagine having your fears super sized like that",fear,fear,0.9893788695335388,True,correct
"Did I present a braiwashing sect as something positive? Both are bad, but at least you can therapy your way out of emo.",anger,surprise,0.580929160118103,False,anger → surprise
"Same here. I just don't understand how NOBODY at Lucasfilm said during the production, ""Hey maybe this is a bad idea.""",fear,fear,0.9588909149169922,True,correct
They've provided plenty of evidence that you have only supported so far.,joy,neutral,0.6934577822685242,False,joy → neutral
Fine. I hope he has a fine wife and she’s fine if he shall need to pay a fine.,joy,joy,0.8782302737236023,True,correct
It's refreshing to not see comments with anti-china sentiments here every once in a while.,neutral,joy,0.6032302379608154,False,neutral → joy
"Sphh, that was badass. I say that went well.",neutral,joy,0.967216968536377,False,neutral → joy
Arguing the semantics of the word argument. Clever girl...,joy,joy,0.580542266368866,True,correct
"Seriously, I’ve been catching and loving this one since it first came out.",joy,love,0.9830595254898071,False,joy → love
Was not expecting that spongebob reference,anger,surprise,0.5522688627243042,False,anger → surprise
I do not trust our defense at all. I do not believe you can increase the range of Andujar.,surprise,anger,0.9716102480888367,False,surprise → anger
"At the same time, if the camera quality is so shitty you can be certain the mic is too.",neutral,anger,0.44191062450408936,False,neutral → anger
Meth and booze.,neutral,neutral,0.9311717748641968,True,correct
I love it when kids shut down these tired lines we adults feed them. She probably needed that. Well done.,love,joy,0.5279704332351685,False,love → joy
Pam Beesly and Jim... What a waste.,anger,sadness,0.5365033149719238,False,anger → sadness
They lived a good life! I honor them by using all their parts,joy,joy,0.9741994142532349,True,correct
I think that had to do more with not wanting to hurt the old man lol,joy,joy,0.9568620920181274,True,correct
The banana speaks! Do you just type one to three words in your comments or do you get an integer overflow if you go for four?,surprise,fear,0.6642805337905884,False,surprise → fear
"I don’t cry, either. It’s weird. I think it’s a personality/mentality thing. Just depends on how your brain is wired I think",joy,anger,0.8656548261642456,False,joy → anger
"Oh no that's so awkward, I don't understand how people don't understand how weird things like that are!",sadness,sadness,0.8563006520271301,True,correct
"She had really bad chronic back pain from what I can remember, so was self treating with alcohol",neutral,sadness,0.8566029071807861,False,neutral → sadness
Oh [NAME]...,neutral,neutral,0.4693032503128052,True,correct
"You freakin wizard, I love this.",love,love,0.9819369912147522,True,correct
a weird way to spell Boys Don’t Turbo Grafx 16,anger,anger,0.7773409485816956,True,correct
"Cheers, mate! I know you can do it! :)",joy,joy,0.9813891053199768,True,correct
K... I guess I'll just take your work for it.,joy,joy,0.8985207080841064,True,correct
"This was not only true, but pleasing to watch.",joy,joy,0.9142633676528931,True,correct
I know he comes with a lot of baggage but i’d probably go with [NAME]. Just look what he did for [NAME].,neutral,neutral,0.5519843697547913,True,correct
"I doesn't have nudity so i didnt NSFW it, but i get why you'd say that. thanks for the compliment tho",joy,joy,0.9134416580200195,True,correct
Seriously. The only thing that gave it away was no spelling errors.,anger,joy,0.7126312255859375,False,anger → joy
That’s always my worst fear when the idea of leaving during January comes up. I wish you the best of luck in unthawing them!,anger,fear,0.9214739799499512,False,anger → fear
He looks so dapper.,joy,joy,0.9330388307571411,True,correct
"Ohhh lol, gross and funny",joy,joy,0.9666927456855774,True,correct
> Clothing predates religions though Can you cite that? It seems like a somewhat interesting question.,surprise,surprise,0.9019915461540222,True,correct
Yeah I can understand there their confusion more but yeah. Reminds me of [NAME] haha.,joy,joy,0.867772102355957,True,correct
The more unattractive the leader looks now the more attractive the new one will look come 2020,neutral,neutral,0.4479482173919678,True,correct
I’d go [NAME]. [NAME] gets raked on any mistake I throw personally,neutral,neutral,0.7993913888931274,True,correct
I have always found them grating,anger,anger,0.7929521203041077,True,correct
"sadly it would take wayyyyyy more than this to ever change custody agreements. documenting it for her own sanity is a good idea, though.",sadness,sadness,0.9300063252449036,True,correct
"It was SO hard to click the upvote button on this one. It's one of those ""I hate it. Well done"" moments.",anger,anger,0.8513121008872986,True,correct
hahahaha!! the seedy underbelly of the competitve choir world - exposed!!,joy,joy,0.9774907827377319,True,correct
Lol maybe he is not but I think my point still stands 😄,joy,joy,0.9732382297515869,True,correct
They needed to insert the phrase “over maintenance” in there.,neutral,neutral,0.9118796586990356,True,correct
"Yeah it isn't the same singer. 'Don't hug me I'm scared' is voiced by [NAME], the lead singer of KKB is [NAME]",joy,fear,0.9782694578170776,False,joy → fear
My best friend missed the play using the restroom too. He thought there was a halftime-like break between the 4th and OT.,neutral,sadness,0.7629631161689758,False,neutral → sadness
Holy shit nice block [NAME],joy,joy,0.9520648121833801,True,correct
This is amazing. WTF.,surprise,joy,0.9730315208435059,False,surprise → joy
That’s the chelsea board will all know and hate.,anger,anger,0.7372307181358337,True,correct
"This whole episode is one of my favorites; it has this AND ""Requiem for a Tuesday"" AND ""the Low-Cal Calzone Zone""",love,love,0.9644638895988464,True,correct
Clearly not Cubs fans.,anger,anger,0.611477255821228,True,correct
Then feel free to link to that data rather than politico.,neutral,neutral,0.7463395595550537,True,correct
"Hell yeah, i agree ☺",joy,joy,0.9875373244285583,True,correct
He wants to be free to hit on other women. He may not take it any farther but that’s what it looks like to me.,neutral,neutral,0.811955988407135,True,correct
"I doubt people are *happy*, but they probably aren’t sad about someone who was potentially endangering others through their anti-science views.",sadness,fear,0.46816450357437134,False,sadness → fear
What a quote. Very perceptive.,joy,joy,0.9844557046890259,True,correct
I'm glad I could contribute some positivity! All the best to you and your kids!,joy,joy,0.9898781776428223,True,correct
"I love this; now when commies say they had the word ""libertarian"" first, we can say we had class analysis first!",love,love,0.9909442663192749,True,correct
This has to be a joke...,joy,joy,0.870468020439148,True,correct
When they hire him,neutral,neutral,0.9416401386260986,True,correct
Sexy teeth.,joy,joy,0.8989834785461426,True,correct
"If the cops arrested him, he must be guilty! (Good luck!! You got this!)",neutral,joy,0.8161068558692932,False,neutral → joy
he left the company 2 years ago. he is not listed as a shareholder in the parent company.,neutral,neutral,0.5222006440162659,True,correct
What a grim statistic for Canada.,joy,sadness,0.7526639103889465,False,joy → sadness
And I’m just sitting here wishing my cat would come at least sit by me.,neutral,joy,0.9146657586097717,False,neutral → joy
I just want to live. You're the sad loser for going out of your way to comment something so completely stupid,anger,anger,0.7829722166061401,True,correct
I wanna die I don't wanna live anymore I really wanna die so bad Please return me to the dark abyss I long for death’s sweet kiss,sadness,sadness,0.9640305042266846,True,correct
"You look the same to me, but I'm happy you had a goal and accomplished it!! You're a cutie !!",joy,joy,0.9880969524383545,True,correct
"Nope, it’s love.",love,love,0.9006777405738831,True,correct
"Lol I didn’t mind group projects much, I only did when I didn’t have friends in the class.",joy,joy,0.9704744219779968,True,correct
And here I am thinking that the animation after surrender/Victory is annoying ;-;,anger,anger,0.953320324420929,True,correct
"I clearly recall being told the same thing in ‘97, when I was driving a ‘74...except the years were different obv.",neutral,neutral,0.7416368126869202,True,correct
I actually do that,neutral,neutral,0.6411766409873962,True,correct
Sure but the news article with [NAME] vanishing has been there since the very beginning.,joy,joy,0.5338243246078491,True,correct
YOU GOT FAT!,neutral,neutral,0.8341364860534668,True,correct
i said first world :),neutral,neutral,0.9050880074501038,True,correct
"Xers and [NAME] would be more of age in the 90’s doh, signed [NAME].",neutral,neutral,0.9415830969810486,True,correct
Maybe so. Should I try to ask her about it? I'm worried that will only scare her more,fear,fear,0.9877020716667175,True,correct
"Is that you, [NAME]?",surprise,surprise,0.7584812641143799,True,correct
"I'm guessing ""Corporate Stooge"" didn't focus group well.",neutral,neutral,0.44431158900260925,True,correct
Buttons by PCD. I never stopped playing that song during summer of 2006.,neutral,neutral,0.7782596945762634,True,correct
#RejectingIslam because it is the *ideas* [RELIGION] promotes that turned me away from it.,joy,anger,0.8160616159439087,False,joy → anger
abattoir = slaughterhouse,neutral,neutral,0.9357588291168213,True,correct
How close I was to retaining last year,neutral,surprise,0.47266271710395813,False,neutral → surprise
Stands to reason. Those with the biggest stick(weapon) and all...,neutral,neutral,0.8687781095504761,True,correct
More camo pants!,neutral,neutral,0.8234621286392212,True,correct
Did the words get unbanned?!,surprise,surprise,0.7008339166641235,True,correct
I am removing this post because of sourcing. Read the sidebar.,anger,neutral,0.5877587795257568,False,anger → neutral
Read his post again. 'It's more fact based than Fox.' I'm sorry but you might have some extra chromosomes.,sadness,sadness,0.9635790586471558,True,correct
"Thanks for further justifying my support for Tulsi, Daily Gross.",neutral,joy,0.9857729077339172,False,neutral → joy
Ahhhhh you should start screaming and flailing. What a piss poor argument. Now I believe in invisible dragons.,anger,anger,0.9532203674316406,True,correct
"No he's right, and you're deflecting from his argument.",joy,anger,0.696201741695404,False,joy → anger
This is stupid,anger,anger,0.9770191311836243,True,correct
why I wonder?,surprise,surprise,0.9839587807655334,True,correct
Gee...what a guy...,neutral,joy,0.6302905678749084,False,neutral → joy
Just watched the ET interview and it really was good! Love that hoodie strategy haha,joy,joy,0.9429442882537842,True,correct
He wasn't beat over the top all season. I think the longest pass he allowed was around 20 yards.,neutral,neutral,0.6981055736541748,True,correct
Adapt and overcome,joy,neutral,0.5768875479698181,False,joy → neutral
This is garbage. No. My garbage has more compositional worth than this. Hipster pepto bismol vomit looking trash.,anger,anger,0.9593839645385742,True,correct
>tfw she was explaining to him what a nuclear explosion would do,joy,neutral,0.8696910738945007,False,joy → neutral
Going to my favorite greasy burger place in Madison tonight to celebrate my ability to eat delicious burgers whenever I want because I'm in my early 20's,joy,joy,0.9269462823867798,True,correct
I still maintain the packers were a worse team this year.,sadness,sadness,0.5971981883049011,True,correct
I love this. I really want to hug [NAME] now.,love,love,0.9921431541442871,True,correct
They call it the hub and spoke system. They neglected to include a wheel.,anger,neutral,0.7628136277198792,False,anger → neutral
I’m always reminded by my relatives on my birthday asking me if I have a girlfriend yet. Sorry bro ima yeet out of the social norm.,sadness,sadness,0.9807109236717224,True,correct
Nah hes just setting an image.. Hes backed by ps to play this tourny...,neutral,neutral,0.6678346395492554,True,correct
"""Thanks for showing me your red flags within the first 10 seconds of interaction.""",joy,joy,0.9834811091423035,True,correct
I live in Canterbury haha,joy,joy,0.9278990030288696,True,correct
"you wear a headband, what are you a girl? /s",neutral,surprise,0.7823013067245483,False,neutral → surprise
Happy Together. It feels so natural.,joy,joy,0.9845303297042847,True,correct
"Thanks for the clarification, appreciate that.",joy,joy,0.9917113780975342,True,correct
I just come right out and admit it. Saves on disappointment.,neutral,sadness,0.9493246078491211,False,neutral → sadness
I think [NAME] said it best. When two people watch the same video and see completely different events....there's no fixing that.,joy,joy,0.4194692373275757,True,correct
Looks like a poached egg.,joy,neutral,0.628795862197876,False,joy → neutral
Glad I tend to post pics of my cats and not myself.,joy,joy,0.9537729620933533,True,correct
"I don't think WI is lean red, after 2018 I'd argue for it being either tossup or lean blue.",anger,anger,0.5686935186386108,True,correct
Is he your source?,surprise,surprise,0.8544934391975403,True,correct
“I do too. One of them is Hulu.”,neutral,neutral,0.6899400353431702,True,correct
"""I'm here for the strings"" I like this.",love,love,0.971290647983551,True,correct
Had my suspicions but didn't want to mindread such a civilized honest actor.,surprise,neutral,0.5189388394355774,False,surprise → neutral
It’s always nice to say something [nice]!,joy,joy,0.9557614922523499,True,correct
Oh hell yeah,anger,anger,0.8916512131690979,True,correct
"Dam boys, we announcing players back in training like new signings!",joy,neutral,0.7527408003807068,False,joy → neutral
They are very heavily scripted which is why it can be borderline unethical.,joy,anger,0.713782012462616,False,joy → anger
"No worries, thanks for replying back! Rotary means you teach one subject and see different classes instead of teaching multiple subjects to the same class :)",joy,joy,0.9792665839195251,True,correct
i'm enjoying this so much,joy,joy,0.9869454503059387,True,correct
"I thought V had great gameplay, but the big character switch that no one asked for really held it back.",joy,joy,0.9323936700820923,True,correct
Worst dad ever!,anger,anger,0.9363363981246948,True,correct
Or just spend ten seconds around some fire and realize that it's super hot.,joy,joy,0.8699827194213867,True,correct
Thats How femboy works,neutral,neutral,0.683606743812561,True,correct
He was already hard when I came in,neutral,neutral,0.8008251786231995,True,correct
The loading screen has the circle at the bottom that just keeps spinning. I tried uninstalling the app and that didn't work either.,sadness,sadness,0.8005791902542114,True,correct
"No particular sauce, I'm just kinda tired of having to search that tiny lil speck of pan for at least 2 minutes before I find it.",fear,anger,0.48798325657844543,False,fear → anger
I don’t like [NAME] in the slightest but I hate [NAME] even more. Get her Belcalis,anger,anger,0.9710116982460022,True,correct
Kick him out. Overgrown baby.,anger,anger,0.8980871438980103,True,correct
[NAME] looks veeeery nervous,neutral,fear,0.9789515137672424,False,neutral → fear
"It's like an Arts school but with dangerous, easily weaponizable spells being flung all over the place!",fear,fear,0.5743987560272217,True,correct
Man of the people....,neutral,neutral,0.9349651336669922,True,correct
That sounds like an appropriate response. Thank you for saving me the time.,joy,joy,0.9908646941184998,True,correct
Wouldn't it be easier to find 10% then multiply by 2?,fear,surprise,0.5911933779716492,False,fear → surprise
"Funny part is There ISNT a wall (but maybe should be) and there ARE already plenty of ""Sensible"" Gun laws",joy,joy,0.9652378559112549,True,correct
I do this but but feel better in the end because I use it for procrastination. It's a weird combinational to feel better and worse while cleaning.,anger,joy,0.3815080523490906,False,anger → joy
"I have worked at a shitty, south side smoke shop before so I can imagine all of these interactions perfectly hahahaha",joy,joy,0.9025521874427795,True,correct
"If Studio MDHR did this, I'd buy it.",joy,joy,0.592302680015564,True,correct
KAMALA 2020!!!!!!,neutral,neutral,0.6636096239089966,True,correct
Such bullshit. Reloading components included? Not that they'd let that stand in subsequent laws if it is.,anger,anger,0.9283133745193481,True,correct
"Thank you, I appreciate it. It was, and still is hard to deal with.",joy,joy,0.9850094318389893,True,correct
Feeling insecure now,fear,sadness,0.8535134196281433,False,fear → sadness
Thank you so much. I am sorry for what happened to you.,joy,joy,0.9005428552627563,True,correct
"Wow, your ex partner sounds exactly like mine.",joy,surprise,0.5641508102416992,False,joy → surprise
Found my flair.,joy,joy,0.7706781625747681,True,correct
it's so funny how the mods in that sub behave in comparison to the mods in this sub,joy,joy,0.9682221412658691,True,correct
Ask him if he’d consider opening a makeup store if you gave him $6000,neutral,surprise,0.5220245122909546,False,neutral → surprise
"just realized the pic is unrelated kinda, whatever though. proud of me despite my anxiety about puttin myself or there",joy,joy,0.9569343328475952,True,correct
I've realized after more than 100 hours that you can dismount a horse without jumping off,joy,joy,0.8743473887443542,True,correct
If too many medical professionals die then life will be worse as we cannot get medical treatment,anger,sadness,0.9151683449745178,False,anger → sadness
Aha thank you!. I didn't know there is a ca one,joy,joy,0.9757385849952698,True,correct
"We had 3 whole pallets of this one doll and I'm like ""wtf"" so I checked and the location said 8000 something lmao.",anger,joy,0.7622746229171753,False,anger → joy
Stop giving this idiot attention.,anger,anger,0.9771624207496643,True,correct
Wish I was this happy,joy,joy,0.9894161820411682,True,correct
Good luck with writing in the future :D Everyone has to have their critics...right?,joy,joy,0.7242790460586548,True,correct
This isn't even his highlight of his week. It's the highlight of the last few decades. Damn onions.,joy,anger,0.7119755148887634,False,joy → anger
Oof nice one bro,joy,joy,0.9752597212791443,True,correct
"Greetings, fellow resident of a rectangle with a pointy bit in the corner.",joy,neutral,0.5036692023277283,False,joy → neutral
Way too much fuuuck,anger,anger,0.9745477437973022,True,correct
Wondering why they change it,fear,surprise,0.9782671928405762,False,fear → surprise
Ok im om the hunt thanks,joy,joy,0.9877996444702148,True,correct
Well since they hate cops and love criminals... this fits for them,joy,neutral,0.5796505808830261,False,joy → neutral
make those damn lazy millennials find a job sooner /s,neutral,anger,0.8605246543884277,False,neutral → anger
"I wouldn't ever make a broad generalization like that. Typical honkies, assuming stuff",anger,anger,0.5849553942680359,True,correct
"What’s populism? I’ve seen it a lot lately and it seems to have, as far as I can tell...no meaning.",fear,fear,0.6534894108772278,True,correct
"I don't think either of them is a bad director. They are both bad writers, though.",anger,anger,0.9191950559616089,True,correct
"As an [NAME], I apologize for the cranky old conservatives who are probably making ridiculously uninformed comments about your country right now :/",sadness,sadness,0.9372797608375549,True,correct
That poor snake,neutral,sadness,0.9754968881607056,False,neutral → sadness
How many surprise Pikachu memes are we gonna have this episode? Like 6?,surprise,surprise,0.9745766520500183,True,correct
I saw a story last month about a lady who was so big she killed her boyfriend with her fat or something. I think that's their plan.,neutral,neutral,0.5113361477851868,True,correct
"Uh, loved and lost, for sure. I’d like at least one pleasant memory to look back on.",love,love,0.9752748608589172,True,correct
"They stole my joke, damn them!",anger,anger,0.8947781920433044,True,correct
Just keep it. You’re going to go through more brain damage than it’s worth.,neutral,joy,0.7865894436836243,False,neutral → joy
Sorry my teams gave you your only two losses this season ;),sadness,sadness,0.9672759771347046,True,correct
A few coworkers think [NAME] will mount a challenge with fairly high effort on his part. No one thinks it will succeed as long as there's no massive events.,neutral,neutral,0.6224504709243774,True,correct
Why the fuuuhhh,anger,anger,0.7862072587013245,True,correct
whatup [NAME]?,neutral,surprise,0.6119688749313354,False,neutral → surprise
Good luck!,joy,joy,0.9856331944465637,True,correct
The worst thing is when you find it in a place you know you looked first.,neutral,anger,0.9297787547111511,False,neutral → anger
See my other responses,neutral,neutral,0.9414273500442505,True,correct
He a cute sneck,joy,joy,0.8952064514160156,True,correct
Anyone know how I can tune in. Without paying for Blaze Tv subsription. This gonna be good.,surprise,joy,0.7092486619949341,False,surprise → joy
"I haaaaaate vanilla scents and they are a 100% NOPE for me. I wear more neutral/woodsy scents and boyfriend loves it, so win.",anger,love,0.7761147022247314,False,anger → love
"If we can’t close these type of games at home, we don’t deserve the playoffs.",joy,anger,0.7015643119812012,False,joy → anger
"I will say that her housing bill left a very bad taste in my mouth, and this is coming from someone with a very high opinion of [NAME].",anger,sadness,0.6248826384544373,False,anger → sadness
"Yep, you can go around crashing into things and run people over and completely get away with it.",joy,joy,0.5932512879371643,True,correct
"You said it baby, can't wait to see what marvelous wonders the rest of 2019 will bring!",surprise,joy,0.5348291993141174,False,surprise → joy
Couldn’t agree more,anger,anger,0.9653183817863464,True,correct
Like wtf how is that angle 114 degrees,surprise,anger,0.7473106384277344,False,surprise → anger
I'll have one in front and one behind. Please and thank you!,joy,joy,0.9886660575866699,True,correct
Literally arrived last week solo. You can use Hellotalk to meet people or go to social events on,neutral,neutral,0.85399329662323,True,correct
We really need to stick to having helpful titles or a quick tldr.,joy,joy,0.7220820784568787,True,correct
"Of course, us first borns gotta stick together. ❤️",joy,love,0.951191246509552,False,joy → love
"This hits hard, sadly both of my relationships have been toxic so I've decided not to start any new ones until I start going to uni",sadness,sadness,0.9848276376724243,True,correct
This!!! 🐃 and 💍 for your hard work!,joy,joy,0.9670196175575256,True,correct
Is that going up? It seems like back in the 90's it was 16-17.,neutral,surprise,0.720434844493866,False,neutral → surprise
Kids can't have fun anymore...:(,sadness,sadness,0.8241831660270691,True,correct
SHE SHOULD BE ON A HILL SOMEWHERE WITH THE SUN AND THE CLOUDS ABOVE HER!,neutral,neutral,0.9069318175315857,True,correct
I'M MR. [NAME]! HOW DID WE GET ROPED INTO THIS?,surprise,surprise,0.697117805480957,True,correct
Anyone else feel like [NAME] came dressed as [NAME]?,surprise,surprise,0.8399098515510559,True,correct
The USA welfare spend is quite low per gdp compared to first world countries. The safety nets are ridiculous or nonexistant and the inequality is ridiculous...,anger,anger,0.9409570097923279,True,correct
Live about 2 mins from there. Love the view of Waramaug from Tanner Hill.,love,love,0.9837700128555298,True,correct
Well done OP for acting on your words. I hope you have a great day together!,joy,joy,0.9889383316040039,True,correct
Why? I love it.,love,love,0.9224426746368408,True,correct
"> It leads to touching and doing inappropriate things with the opposite sex I prefer the same sex, so are these things not inappropriate for me?",fear,fear,0.6048120856285095,True,correct
You don't really work for the TSA if they aren't paying you. You are a slave. Go home.,anger,anger,0.8374865651130676,True,correct
It’s shocking isn’t it? I paid less for a flight from London to Manchester than it would have cost for the train.,surprise,surprise,0.9844932556152344,True,correct
Alright now you're intentionally misinterpreting what I say. Whatever.,neutral,anger,0.7311321496963501,False,neutral → anger
I'm more worried about it randomly saying daddy across the top ... Like that's normal,fear,fear,0.9541879892349243,True,correct
>!I always assume that Motoyasu's team changes once every week or something.!<,joy,neutral,0.748932957649231,False,joy → neutral
Not watched it yet pal. You?,neutral,surprise,0.8299071192741394,False,neutral → surprise
air supply? the irony of life,neutral,surprise,0.7760571837425232,False,neutral → surprise
yeah this doesn’t represent our fan base well. gg guys!,neutral,sadness,0.7169440388679504,False,neutral → sadness
> It’s generally viewed upon as being one of the worst [NAME] games ever made. No it isn't. Source that claim.,anger,anger,0.9303090572357178,True,correct
"My house. Excluding that since it was bank money, we plan to pay cash for a kitchen renovation this year that will be about 7k",neutral,neutral,0.733876645565033,True,correct
Its hard to explain i feel everything is distant.,sadness,fear,0.6450222730636597,False,sadness → fear
Standing ovation. Nicely done.,joy,joy,0.9889068603515625,True,correct
Noooo no more NEXTs anymore! They are obviously just a kid who is excited to discover music. Give them a break! :/,anger,joy,0.5740166902542114,False,anger → joy
Subway is the smartest option unless you have tones of stuffs to carry !,joy,joy,0.5841236710548401,True,correct
He’s really good.,joy,joy,0.9895308017730713,True,correct
It was this one apparently it was for forever ago. I’ll delete this post If somebody says so.,neutral,neutral,0.7937237620353699,True,correct
* yes * yes * yes * yes,joy,neutral,0.6854448318481445,False,joy → neutral
"I thought we were unlucky for having to put up with [NAME]. Man, you guys got the short straw with Ninja.",neutral,sadness,0.851927638053894,False,neutral → sadness
This is awesome! do you have any more artwork on a website or social site? Is this for sale!?,joy,joy,0.6182524561882019,True,correct
Did you see that ludicrous display last night?,surprise,surprise,0.8580036163330078,True,correct
Free weed lol don't get what you're complaining about.,joy,joy,0.682007908821106,True,correct
Can't wait for it.,joy,joy,0.5190361142158508,True,correct
I can't wait to see what us skilled workers get. Thanks government for telling businesses how to run and wrangle unskilled workers with no ambition.,joy,joy,0.8934413194656372,True,correct
"Nice rifle. I have a T3 in 7mm rem mag. N Mine would suck as a SHTF rifle, but it's great for hunting.",joy,joy,0.9400441646575928,True,correct
See you all tomorrow for FIN - USA! End of the evening iguana,joy,neutral,0.5553919076919556,False,joy → neutral
I used the call screening on my sister for a laugh.. she was not as amused as I was :),sadness,joy,0.9156315326690674,False,sadness → joy
"I realised after I typed it, but I left it up. I feel sometimes in life, you just gotta take the L.",joy,joy,0.749858021736145,True,correct
yeah you're right. i just glanced over and thought it was a swish haha,joy,joy,0.9833516478538513,True,correct
I love that you made sure not to let the last 4 or 5 fall over. That’s important.,joy,love,0.9604393839836121,False,joy → love
"want* a source on that, sorry.",sadness,sadness,0.9704108834266663,True,correct
Mom used to do it all time when I was a kid.,neutral,neutral,0.8420575261116028,True,correct
"We had so much pvp before, during, and after this alliance was formed.",neutral,neutral,0.764938473701477,True,correct
"Seriously, it really made me happy! I hope when OP scrolled through she felt a little tingle of happiness too.",joy,joy,0.9900522828102112,True,correct
"Her lying, narcotics addicted, pedophilic grandmother with physical ailments that cause her to be a serious lethal danger on multiple levels.",anger,fear,0.44199830293655396,False,anger → fear
Same. I was not rooting for the Pats. I WAS rooting against the chiefs. The AFC West is ours and ours alone :),joy,neutral,0.4207565486431122,False,joy → neutral
"Oh, [NAME], don't bring THAT story up!",anger,anger,0.6792434453964233,True,correct
[NAME]. The third generation [RELIGION] stripper!! Hell yes I watcg 90DF!!!!,neutral,neutral,0.5053555965423584,True,correct
Didn't know they were doing matches on smaller pitch in the combine to see how they do with less reaction time. Thought that was interesting.,joy,surprise,0.799889862537384,False,joy → surprise
"Fat is always unhealthy, and never a sign of beauty.",anger,anger,0.8468127250671387,True,correct
That looks like an expensive hobby.,neutral,anger,0.4846210479736328,False,neutral → anger
This is not r/lostredditors material if we just try to find something stupid on it.,anger,anger,0.844757616519928,True,correct
I always move back and always regret it.,sadness,sadness,0.9911948442459106,True,correct
Digital Wellbeing,neutral,neutral,0.5532212853431702,True,correct
"I knew you had kids, i didnt know they were old enough join the military lol. Well happy bday to your son, dad.",joy,joy,0.9780327081680298,True,correct
"Ah, that's why they say don't run in the corridor",neutral,neutral,0.5789426565170288,True,correct
apparently since you won't do it,neutral,neutral,0.6876243352890015,True,correct
he's being immature,neutral,anger,0.7542510032653809,False,neutral → anger
Old timbermill. Was that the long payload defense and attack?,surprise,surprise,0.7275482416152954,True,correct
"Okubo thanks JP/EU for their work over the weekend on the patch notes, and then EU doesn't post their patch notes :-/",joy,joy,0.8058272004127502,True,correct
That all-star who won the calder,joy,joy,0.47672080993652344,True,correct
> if i no longer lived in a nuclear armed/~~major power~~ a *somewhat important but nowhere near as important as they think* power FTFY,neutral,neutral,0.8728976845741272,True,correct
not the traps,neutral,neutral,0.6376937031745911,True,correct
We don't have any options. Having said that I think [NAME] should have started.,neutral,neutral,0.612508237361908,True,correct
I hope your daughter gets the help she needs and someday gets better.,joy,joy,0.9838581681251526,True,correct
Yeah super confused about that considering it was only [NAME] she had beef with lol,joy,fear,0.9138656854629517,False,joy → fear
It's MLK Day so we're offering our best deals on our Ford F250s!,neutral,joy,0.8148558735847473,False,neutral → joy
Does negging ever actually work?,surprise,surprise,0.6866392493247986,True,correct
Tell [NAME] it was me....,neutral,neutral,0.9176371097564697,True,correct
there is also r/foreskin because why not,neutral,neutral,0.5545703768730164,True,correct
LOL how he not amused?! They dont like the truth haha,joy,joy,0.8777595162391663,True,correct
36 and definitely not what I used to be... still ok though!!!,joy,joy,0.7473039627075195,True,correct
"Oh yeah, from the vulcan council",joy,neutral,0.7231473922729492,False,joy → neutral
Art degrees are useless! Now excuse me while I go watch a Pixar movie. /s,anger,anger,0.7555447220802307,True,correct
Orange you just soo cute.,joy,joy,0.7415359020233154,True,correct
"Damn, thanks for the source!",joy,joy,0.9851424098014832,True,correct
I'm really sorry for your loss friend. I hope everything is okay on your end too.,joy,sadness,0.7888714075088501,False,joy → sadness
Noice! I hope to improve my Mika with this~ Thank you and may the Muscle Spirit be with you!,joy,joy,0.9912482500076294,True,correct
Whoa am I reading this right? The lowest cost is $3.66 now? and not $2.66?,fear,surprise,0.8673431277275085,False,fear → surprise
Man we are sloppy,neutral,anger,0.6394847631454468,False,neutral → anger
I literally didn’t but ok,sadness,neutral,0.38721510767936707,False,sadness → neutral
"Living with her, he just might be!",neutral,neutral,0.8376659750938416,True,correct
"Hey, [NAME] isn't *that* annoying",anger,anger,0.8576081991195679,True,correct
">I want to ride my bicycle I want to ride my bike Ah yes, truly makes you think",joy,joy,0.6133546233177185,True,correct
I love that this is written on notebook paper.,love,love,0.9916893243789673,True,correct
Is that [NAME]?,neutral,surprise,0.5607499480247498,False,neutral → surprise
You missed a golden opportunity here 22meirl4meirl42meirl4meirl,neutral,sadness,0.8048418760299683,False,neutral → sadness
Okay but how about someone who doesn’t believe the Wifi signals are going to kill us?,surprise,fear,0.46539756655693054,False,surprise → fear
We should have just taken him regardless and told them to deal with it but we also might not have [NAME] if we do,neutral,neutral,0.7068638801574707,True,correct
Enjoy :) You won't regret it. The first couple seasons will be a little confusing but wiki helped me understand this show a lot!,joy,joy,0.914705753326416,True,correct
"Yeah, it's pretty funny how incapable most of them are of actual satire and subtlety.",anger,joy,0.983410656452179,False,anger → joy
IT'S NOT FUNNY HOLLY.,anger,anger,0.944483757019043,True,correct
This thread is loaded. Never seen so many coins exchanged at once :) it's nice to see friendly internet interactions.,joy,joy,0.9437380433082581,True,correct
"I have no idea, lol. Have my upvote.",joy,joy,0.9349983334541321,True,correct
Don’t indulge OP’s master hacker fantasy,neutral,anger,0.7021169662475586,False,neutral → anger
[NAME] hilarious,joy,joy,0.9350460767745972,True,correct
I’ve always used a medium sized screwdriver but it can mess up the prongs so use a chopstick and you should be fine,joy,joy,0.608458399772644,True,correct
Well they got removed so I’m not sure if I want to see it anyway.,anger,fear,0.9828192591667175,False,anger → fear
He is sacrificing himself for our sins. [NAME] bless.,joy,joy,0.9207192659378052,True,correct
Made me think of that video from the BBC about dating in Shetland .,neutral,neutral,0.6942887902259827,True,correct
That doesn't sound right but I don't know enough about stars to dispute it,anger,anger,0.9171172380447388,True,correct
Well don’t complain here about another media outlet lol,joy,joy,0.769615888595581,True,correct
"Look on the bright side, you might never need to worry about that ever again.",joy,joy,0.9238377809524536,True,correct
This made me gag lol,neutral,joy,0.9578717947006226,False,neutral → joy
"Oh wow this is good to know, it was always my go-to spicy ketchup when I make frozen fries at home.",joy,joy,0.9617393612861633,True,correct
The frequency with which I hear “gone overseas to defend our country” without a hint of irony should be criminal in itself,neutral,anger,0.5743473172187805,False,neutral → anger
I didn’t understand because it’s not dark mode,anger,fear,0.9491847157478333,False,anger → fear
"yes please, would make thing less overthinking and stressful",joy,joy,0.8568750619888306,True,correct
This is a hate sub,anger,anger,0.9516187906265259,True,correct
I felt the same guilt when I stopped believing in [NAME],sadness,sadness,0.9902912974357605,True,correct
So kinda like an assistant? Interesting,surprise,surprise,0.8841447234153748,True,correct
I I'm so honored,joy,joy,0.9879627823829651,True,correct
Split ends on leg hair is how I determine when it is time to shed my winter coat,neutral,neutral,0.7908185124397278,True,correct
You are gone right now probably my trip is just kicking in i took half that amount lol cuz im low you are having a hell of a ride rn,joy,joy,0.9536441564559937,True,correct
Very clever!,joy,joy,0.980925977230072,True,correct
Can Dr. [NAME] confirm this? Edit: Doesn't matter. T H I C C D O N is actually zaddy af.,neutral,surprise,0.563238799571991,False,neutral → surprise
I was JUST thinking about how much I enjoyed Swalla la laaaa last night too!,joy,joy,0.9768672585487366,True,correct
That number seems a bit low to me,sadness,sadness,0.41224205493927,True,correct
I think it was [NAME] and I'm not even convinced [NAME] caught on to it lol. Then he was made to be the moron.,joy,joy,0.675383985042572,True,correct
Approaching doesn't work unless you are [NAME] or something. I've only seen 2 approaches in my life and both were rejections.,neutral,sadness,0.5524188280105591,False,neutral → sadness
"Great. Now some girl in Utah will appropriate it for her prom this year because she ""appreciates"" the culture.",joy,joy,0.9828131198883057,True,correct
"So more [NAME]? No thanks. Love the guys, but that’s for side projects.",love,love,0.6145277619361877,True,correct
Leaving [RELIGION] and planning to FINALLY live MY life to the fullest without white men in white shirt telling me what to do every second of my day!!,neutral,joy,0.741609513759613,False,neutral → joy
Op is likely young and clueless. There’s likely a reason they’re in retail.,joy,neutral,0.39171266555786133,False,joy → neutral
They are all good right now. Pick the one that interests you and enjoy yourself.,joy,joy,0.9805606603622437,True,correct
I rarely like or comment on YouTube. But I make hella playlists so I guess I use it more as a tool than a community.,joy,anger,0.7300697565078735,False,joy → anger
"I think ignoring intentions is ridiculous too, but I also think that only looking at intentions (and at face value) is a bit naive",neutral,anger,0.886735200881958,False,neutral → anger
I'm just glad we'll be getting either [NAME] or [NAME]. They both seem like they'll be beasts and it'll fill our greatest position of need,joy,joy,0.965340256690979,True,correct
"Unlikely, but who knows? Memory speed rarely makes a difference in gaming, but I've seen stranger things.",surprise,surprise,0.7688435912132263,True,correct
I like waitresses. Aren't they swell.,joy,love,0.5713530778884888,False,joy → love
Text ain’t a great medium for sarcasm.,neutral,anger,0.9000325798988342,False,neutral → anger
by deep pockets do you mean the Fleshlight?,fear,fear,0.5217348337173462,True,correct
"Damned if nobody knows who they are, damned if they do",neutral,anger,0.7826330065727234,False,neutral → anger
"It's delicate, so it's clear for those flesh toned jeggings [NAME].",joy,neutral,0.5954816937446594,False,joy → neutral
I love it! Cute sprite work....,love,love,0.712232768535614,True,correct
"Was already mad when it wasn’t center. Then when it got knock over, i was furious. Damn machine has no brains.",anger,anger,0.9771314263343811,True,correct
"I see notifications of people commenting the source but this sub must auto delete or something. Sorry, guys. I binged her and found me quick though.",sadness,sadness,0.9771233797073364,True,correct
"There are good reasons but you potatos just brush it all off with ""hurr life is bad cause bad things happen sometimes""",neutral,anger,0.39085063338279724,False,neutral → anger
Ya I’m not opening any PDF from The Company. Rather get my malware the old fashioned way....from porn.,neutral,anger,0.4954446852207184,False,neutral → anger
This is amazing!!,joy,joy,0.9886651039123535,True,correct
"Hey buddy, wear did you ear like van-go.",neutral,neutral,0.8983045816421509,True,correct
👍 excellent! I was wondering if anyone else knew this little known nugget from history.,joy,surprise,0.6219732761383057,False,joy → surprise
i mean I love the smell of race fumes,love,love,0.9913193583488464,True,correct
It's the [NAME] of hot dogs,neutral,neutral,0.9374303817749023,True,correct
People who don’t want to own houses,neutral,neutral,0.805702269077301,True,correct
"You're my mvp for the night haha. I'll drop by there tonight, thanks!",joy,joy,0.9906032681465149,True,correct
Good luck on the change.,joy,joy,0.98232102394104,True,correct
He had to much red dead 2,neutral,neutral,0.6629294157028198,True,correct
I know it's like this hipster phrase it's so stupid like you're not from the south you dumb motherfuker.,anger,anger,0.9772157073020935,True,correct
"It’s not about the money, it’s all about the love of the game.",joy,love,0.962745189666748,False,joy → love
It kinda makes sense. What’s the debate here?,surprise,fear,0.5183236598968506,False,surprise → fear
The one where MIL flooded the whole house,neutral,neutral,0.6344409584999084,True,correct
Damn you [NAME]!,neutral,anger,0.9697737693786621,False,neutral → anger
Theres not really any structure or composition to this. The color scheme is tight but it's just kind of thrown on there without any direction.,neutral,neutral,0.6596687436103821,True,correct
"Thanks for the reply! I’ll probably just smoke, as you said, once maybe twice a month. Thanks again!",joy,joy,0.9902480244636536,True,correct
Sometimes those are the only options. Laughing makes other people feel better at least so that's what you gotta do.,joy,joy,0.871742844581604,True,correct
"Not my opinion either, but the soundtrack is easily one of the best parts of the game. It’s incredible.",joy,joy,0.9689890742301941,True,correct
"Text to speech is a very very bad idea. You do not want to give 4,000 people full control over what gets said out loud on a stream.",anger,anger,0.940161943435669,True,correct
Some of them are delusional and believe their victims want it,anger,neutral,0.5507806539535522,False,anger → neutral
Thanks I hate it.,joy,anger,0.8600124716758728,False,joy → anger
Title made me think I was on r/boottoobig for a second,neutral,neutral,0.7510228157043457,True,correct
what the fuck do you learn in first grade that’s so important anyway?,anger,anger,0.9675341248512268,True,correct
">Have a good time debating the people in your head, looks like you're having fun.",joy,joy,0.9678484797477722,True,correct
You're telling me you dont get your meth from there?,neutral,surprise,0.6639378666877747,False,neutral → surprise
[NAME] revealed that's what [NAME] called it at a reunion. [NAME] was backstage with steam coming out his ears 😂,neutral,neutral,0.8974828720092773,True,correct
Big yikes. Biiiig yikes. I do feel your pain. I wish I could upvote you more than once.,joy,joy,0.956598162651062,True,correct
Srs that shade range is abysmal smh,neutral,sadness,0.583711564540863,False,neutral → sadness
I am [NAME] total lack of suprise,surprise,neutral,0.4855690896511078,False,surprise → neutral
"It kind of replaces the home button, you use it to swipe up and out of an open app",neutral,neutral,0.9040126204490662,True,correct
They said Texas! #Woooooo TEXAS,joy,neutral,0.7853640913963318,False,joy → neutral
Thank you! 💓❤,joy,joy,0.99186772108078,True,correct
I bet you could get away with this at work just fine.,joy,joy,0.7730081677436829,True,correct
From your username and the fact that you had to type that you’re NOT underage: now feels like you are,neutral,neutral,0.8095223307609558,True,correct
Enough food to feed the whole village just wasted,sadness,sadness,0.9086204767227173,True,correct
"We've been pretty good for the most part the last 5 years. I mean, [NAME] saying [NAME] betrayed him isn't ideal but could be worse.",joy,joy,0.7901400327682495,True,correct
The ending was so badass as a young kid! He wasnt even in his mech!,joy,joy,0.9327137470245361,True,correct
She’s had her ass pounded before.,neutral,anger,0.4160892963409424,False,neutral → anger
Signed up! This is brilliant!,joy,joy,0.9872038960456848,True,correct
Leave they don't deserve you and you don't need those sacks of shit,anger,anger,0.9350183606147766,True,correct
"Well you wrote out this big comment, and it reads well but when you actually think about what you’ve said, IMO it really means nothing.",sadness,neutral,0.42435333132743835,False,sadness → neutral
"Damn, I really been playing this series all my life...and I ain’t got any regrets.",neutral,sadness,0.6025448441505432,False,neutral → sadness
I tried to but i ended up booing the postman,neutral,anger,0.6505303978919983,False,neutral → anger
!RemindMe 10 hours,neutral,neutral,0.9535993933677673,True,correct
That woman is on the fast track to being ostracized from that group real quick.,neutral,neutral,0.465776264667511,True,correct
Former [NAME]? I've been scared already by [NAME] who were former d-line,surprise,fear,0.9882398843765259,False,surprise → fear
[NAME] is known to make a short video hella fucking long. Not many want to see even more people do that. I'll stick to [NAME].,anger,anger,0.8136789798736572,True,correct
"""Don't eat pork! Not even with a fork!""",neutral,anger,0.8516629934310913,False,neutral → anger
The uncanny valley of creepy.,fear,fear,0.9447113871574402,True,correct
Right its not because they look ugly but their personality is ugly. That’s what’s driving everyone away.,neutral,anger,0.9372735023498535,False,neutral → anger
Ask him out for a drink.,neutral,neutral,0.8785014152526855,True,correct
Yeah I’m working with my therapist to help me identify certain behaviors early and pay attention to the red flags.,joy,joy,0.9276220798492432,True,correct
I want to thank you for seriously entertaining me today. Best clip ever.,joy,joy,0.9903490543365479,True,correct
As a society we should be ashamed of the fact that this is even a question. Let the suffering stop obviously.,sadness,sadness,0.9835429191589355,True,correct
Which one is he playing?,surprise,surprise,0.7827550768852234,True,correct
If people don't act the way I want it is because they have bad reasons. Lol,joy,joy,0.8770757913589478,True,correct
This article is stupid.,anger,anger,0.9780144691467285,True,correct
I would think that I hope the Wilpons die.,joy,joy,0.8616580367088318,True,correct
It’s a cruel thing to say to someone with depression.,anger,anger,0.6122203469276428,True,correct
"I mean, she is",neutral,neutral,0.8845272660255432,True,correct
Garlic butter baked chicken.....put garlic butter on chicken and bake.,neutral,neutral,0.9010857343673706,True,correct
Still makes no sense how [NAME] beat corrupted [NAME] while [NAME] and [NAME] couldn't beat his normal version,neutral,anger,0.47615277767181396,False,neutral → anger
"That’s so scummy, I’m hoping the pepperoni just slid down?",joy,fear,0.43155622482299805,False,joy → fear
I’ve never seen such dramatic tongue involvement.,neutral,surprise,0.8097640872001648,False,neutral → surprise
"Us girls are taught to always be polite. Screw that, safety is more important.",joy,joy,0.49093061685562134,True,correct
I wish I could be desensitized to my sadness sometimes lol,joy,joy,0.9413508176803589,True,correct
"Because they're all done by the same, really, really old guy",neutral,neutral,0.7646591067314148,True,correct
"I realize that, but the picture is still funny",joy,joy,0.9837201833724976,True,correct
At least she showed a reaction...,neutral,neutral,0.5264455080032349,True,correct
Omg rattos are the best aren’t they<3,joy,surprise,0.7016187906265259,False,joy → surprise
Good luck with your procedure! Be strong and don't try to let anyone even think they can try to change your mind. This is your decision.,joy,joy,0.9437363147735596,True,correct
I really relate to this.,joy,joy,0.9246810078620911,True,correct
"[NAME] wouldn't breathe the same air as an anti vaxxer, don't slander her like this.",neutral,anger,0.8457137942314148,False,neutral → anger
Women are more neurotic.,neutral,neutral,0.6021870970726013,True,correct
Well how’d the planters pull this off? Step by step.,surprise,surprise,0.8881213665008545,True,correct
I didn't downvote you but Emirates 1st class suites are ridiculously nice.,joy,joy,0.881830632686615,True,correct
"What a horrible way to find out, though. My sympathies to the dead man.",fear,fear,0.8854885697364807,True,correct
For me it's New York City FC since it's just a train ride away,joy,neutral,0.7646397948265076,False,joy → neutral
Oh my [NAME] yea!,joy,surprise,0.9580187797546387,False,joy → surprise
Thank you! I need to practice these things and change the dialogue within my head,joy,joy,0.9881316423416138,True,correct
I had forgotten it was coming up until I saw this. That us my level of excitement and anticipation.,joy,joy,0.9575059413909912,True,correct
I'm [RELIGION] and I'm disgusting lol,joy,anger,0.7113689184188843,False,joy → anger
I barely recognize a picture of current day Pearl Harbor.,neutral,fear,0.7331201434135437,False,neutral → fear
I hope you are not living in Australia. That heat has been killing Masturbators left and right.,joy,joy,0.8283217549324036,True,correct
I'm replying just bask in the glow with someone else! Yay!!,joy,joy,0.768020510673523,True,correct
"Uh, people kept asking me if I was jailor and I said no, and based on this chat you can also see that jailor is not smart.",anger,anger,0.7391557693481445,True,correct
Now this exactly what I came to this sub for,neutral,neutral,0.6313538551330566,True,correct
Does that caption say [NAME] and [NAME] are planning to move to Austin....? Dear [NAME] PLEASE no we already have [NAME]!,fear,surprise,0.40869957208633423,False,fear → surprise
I agree totally. Talk about fucking insanely bizarre. He's stuck in the shining,anger,joy,0.769547164440155,False,anger → joy
It was received on Jan 25th at 9:22 am .81627 BTC and $3800. for it with a $600. fee. Happy!,joy,joy,0.9559009075164795,True,correct
When I think about [NAME] and [NAME] at the same time I get a fucking aneurysm from the stupidity.,anger,anger,0.9379560351371765,True,correct
Not needed position? What team have you been watching?,surprise,surprise,0.7483614683151245,True,correct
Yeah well first god says it’s an abomination. Also if people find out everyone will hate me and my parents will be extremely angry,anger,anger,0.9244353175163269,True,correct
"Was going to say, that’s common practice for most women’s health appointments to help deal with relationship abuse.",neutral,neutral,0.6140252947807312,True,correct
Conservatives never believe a word they say. They only believe they do.,joy,neutral,0.771967351436615,False,joy → neutral
Lol the outbreak is gone but I'm still stubborn. With this conversation I'll make my effort to come back as soon as I'm ready.,joy,joy,0.9766854643821716,True,correct
"Good meme, but unfortunately the pic is fake.",joy,joy,0.6648252606391907,True,correct
"OP, u/christiangreyisdraco and u/lurkerturndcommenter, thank you for trying to make the point about focus. I appreciate your many attempts!",joy,joy,0.9873242378234863,True,correct
Ded game we should be happy we have a new hero,joy,joy,0.9536429047584534,True,correct
Are you okay?,joy,surprise,0.7597064971923828,False,joy → surprise
[NAME] bless them and their racist logo,joy,joy,0.6981107592582703,True,correct
[NAME] doesn't believe in tipping.,neutral,anger,0.6022630929946899,False,neutral → anger
"I'm shocked! Shocked! Well, not that shocked.",surprise,surprise,0.983831524848938,True,correct
Because it was a common age for women to be engaged and married at that time.,neutral,neutral,0.8211202621459961,True,correct
Great post. ( you are learning to let it go),joy,joy,0.9893817901611328,True,correct
We’ve bombed plenty of innocent people. How is it any different?,surprise,surprise,0.5910953879356384,True,correct
Yeah! Despite being from the east coast I've never been in the car when it's hailing so it was a full on argument. Thank you!,joy,joy,0.966386079788208,True,correct
Well I WISH SOMEONE WOULD'VE TOLD ME THAT,joy,joy,0.9353201985359192,True,correct
You have no regard for due process or the law if you're suggesting [NAME] be charged with evidence tampering because there is nothing to back up that claim.,neutral,anger,0.7273842096328735,False,neutral → anger
Ironically every /pol/ meetup is more diverse than the people pushing diversity and race mixing. Weird how that works huh,anger,surprise,0.9240695238113403,False,anger → surprise
Did you noticed they removed my post? Yep.,surprise,surprise,0.7926941514015198,True,correct
No you don't. The average opinion of ISIS for example is way below zero.,neutral,anger,0.9333705306053162,False,neutral → anger
"good luck, little 3 year old",joy,joy,0.9834578037261963,True,correct
"""I love animals but I hate PETA."" - [NAME]",anger,love,0.839630126953125,False,anger → love
Not pay for the child he helped create? Wow... great advice.,joy,joy,0.8465954065322876,True,correct
her in the causing a commotion lsfyl is one of the best lip-sync performances in s8 change my mind,joy,joy,0.7993102669715881,True,correct
This is not unique to [RELIGION]. There are various sects and denominations in every world religion.,neutral,neutral,0.8201215863227844,True,correct
"can't remember much of what happens. All I do remember is I was miserable. Good performances, but it was a bit dour for my taste.",joy,sadness,0.5730477571487427,False,joy → sadness
"Hruska is amazing. Their sausage kolaches or I guess klobasnik have the best sausage I’ve ever eaten. It’s in Elliger, TX.",joy,joy,0.9857535362243652,True,correct
"I equally love and despise them when they talk about a player diving as ""flopping""",love,anger,0.9294381737709045,False,love → anger
Can't look at batting average. [NAME] 90 wRC+ in 3799 PA [NAME] 92 wRC+ in 4917 PA,neutral,neutral,0.7616243958473206,True,correct
Right. All a delusion in order to control people.,neutral,joy,0.8352456092834473,False,neutral → joy
When my Dad ([NAME] all the way) is Tsar of the Earth I'll have him make doxxing a crime with mandatory sentencing to terrible things.,neutral,neutral,0.4311383366584778,True,correct
Waiting until Saturday or you test the method on someone sick.,neutral,neutral,0.7871353030204773,True,correct
"Worst bit is that it keeps snowballing, and growing and suddenly it this mess you can't make sense out of or clear up",neutral,anger,0.9179717898368835,False,neutral → anger
gotta love the random spidey head to the left on the third shelf,joy,love,0.9913661479949951,False,joy → love
Your repeated need to retreat into victimhood is a snooze.,neutral,anger,0.5791344046592712,False,neutral → anger
"They put whoever has the highest gamescore on a winning team that night, and that happened to be [NAME]",neutral,neutral,0.8776673674583435,True,correct
the 12 steps of AA are not the only rehab programs in the world.,neutral,neutral,0.7870768904685974,True,correct
Better than mine.,joy,joy,0.7122911214828491,True,correct
Well duh. The Chinese government control all Chinese language media in New Zealand. That's a fact.,joy,neutral,0.502438485622406,False,joy → neutral
I sent this to my mom and she actually watched it,joy,neutral,0.7889500260353088,False,joy → neutral
I friggin love the [NAME] hug!!!!,love,love,0.990860104560852,True,correct
Dude your source on the school says they would investigate. Not a condemnation. Not in any stretch.,neutral,neutral,0.48450469970703125,True,correct
His smile is so damn creepy,fear,anger,0.6450194120407104,False,fear → anger
Gotta think [NAME] was also tired after all the hard work they put out Most likely it'd be easier for a fresh player to run passed players,neutral,neutral,0.7762466073036194,True,correct
It’s amazing what can happen if you work and want to win.,joy,joy,0.9673508405685425,True,correct
"Just spend the next few months emotionally detatching, it makes the break up less debilitating.",joy,sadness,0.851809561252594,False,joy → sadness
"No, but it changes the expectations that people have for you. You have so deliberately change who you are to play to your target audience.",neutral,anger,0.5183115601539612,False,neutral → anger
Got damn look at that body,anger,anger,0.5605233311653137,True,correct
Any source on the college split the second time that outlines the stats? Interested to see.,joy,surprise,0.968643844127655,False,joy → surprise
It's when you least expect it that people hit you in the face with life It brings you back to earth,sadness,neutral,0.5728358626365662,False,sadness → neutral
You really dont have a day off do you,surprise,neutral,0.35434266924858093,False,surprise → neutral
This was definitely worth the $1000+ it cost to do,joy,joy,0.8999332189559937,True,correct
I would say make it NSFW but I won't joke. We don't work here,anger,anger,0.7213488817214966,True,correct
is a recent article interesting read.,joy,joy,0.8880466222763062,True,correct
"BOUNDARIES. have some boundaries. say no. don't go. this is frustrating to read, honestly. don't do things that you hate doing.",anger,anger,0.9681603312492371,True,correct
I feel like this is just a really old meme lol,joy,joy,0.9781612157821655,True,correct
Yo infected turn into evil clone troopers !!!,neutral,anger,0.4914843738079071,False,neutral → anger
Downvote because prophet,anger,neutral,0.5495001673698425,False,anger → neutral
I met my partner online. It was romantic interest right away. No friendship period for us.,love,love,0.38678258657455444,True,correct
> [NAME] doesn't even agree with you. What does she not agree with?,neutral,anger,0.7313697934150696,False,neutral → anger
"And you were too stupid to find your own sriracha, or you thought that $7.50 entitled you to your personal dancing monkey.",anger,anger,0.9508985280990601,True,correct
[NAME] a pro,neutral,neutral,0.7297857999801636,True,correct
I feel this!,neutral,joy,0.4712134599685669,False,neutral → joy
"100%. This is made up. If her claim was true, she'd have it on video.",neutral,neutral,0.5043171048164368,True,correct
I agree. This is assault. Leave the ignorant hill [NAME] alone.,joy,joy,0.8622713685035706,True,correct
Literally one visit to that subreddit is proof enough it's mentally addictive. Brain craving dopamine when it's not producing it.,neutral,neutral,0.7051315903663635,True,correct
How hard is it to kill 9 year olds!? One of my favorite movies.,love,love,0.8183443546295166,True,correct
"This is **NUTS**!!! I still use both of these on my boyfriend, who thankfully watched this season with me and also hated [NAME].",joy,joy,0.4586135149002075,True,correct
Bless you.,joy,joy,0.8457849025726318,True,correct
"And he was like “umm you woke me up for this, [NAME]?!” Lmao. That made me laugh.",joy,joy,0.9407171607017517,True,correct
"Tell us your story, too, [NAME] :) Sooooo many more details to mine, ooooofffff... i tried to be brief",joy,surprise,0.5790974497795105,False,joy → surprise
I love daydreaming because I daydream about having conversations with people and it is the most pleasing feeling in the world when the conversation happens.,love,love,0.9645052552223206,True,correct
Idk why you got downvoted but heres an upvote,fear,fear,0.8885364532470703,True,correct
Someone tell me how to feel about this,fear,fear,0.7222329378128052,True,correct
Gulags... Brexiteering. The mental condition where delusional and psychotic thinking occur simultaneously.,neutral,neutral,0.7704260349273682,True,correct
How many wins are they into those ranks and at what winrate. Regardless thanks for the info.,surprise,surprise,0.45524221658706665,True,correct
Keep branching out guys.,neutral,neutral,0.710830569267273,True,correct
"The constant pressure definitely isn't helping. I'm already on anti-depressants, but I am terrified of PPD.",fear,fear,0.9892706871032715,True,correct
My uncle was hit by some kids doing the bird box challenge a few weeks back. It’s ridiculous.,anger,anger,0.9432092905044556,True,correct
Yea this past season her outfits were horrid,anger,fear,0.946842610836029,False,anger → fear
I call [NAME] fraud! That's not the first time she saw [NAME] after prison.,neutral,anger,0.676207423210144,False,neutral → anger
I love it! Mazel Tov you crazy kids!,love,love,0.9634366035461426,True,correct
"To quote [NAME], ""What an eyesore!""",neutral,anger,0.8055843114852905,False,neutral → anger
I rarely get full manic. Lithium just took away my mixed irritable angry episodes and I'm pretty sure those aren't superpowers lol,joy,joy,0.9211766123771667,True,correct
I disagree with many picks in this list,anger,anger,0.979670524597168,True,correct
[NAME] is the gift we all deserve,neutral,joy,0.8722375631332397,False,neutral → joy
Stay at home dads are awesome gender non conformists.,neutral,joy,0.9734213948249817,False,neutral → joy
They both have water wings on is she trying to kill them,neutral,fear,0.59889817237854,False,neutral → fear
"I do have a drain beside the water heater, thanks I'll look into getting a drain pan.",joy,joy,0.9816723465919495,True,correct
Standing O for the biggest Knick loser in franchise history... and that's saying something!!,neutral,neutral,0.5259251594543457,True,correct
Wondering why this hasn’t been made a thing yet 😂,joy,surprise,0.9827172160148621,False,joy → surprise
Its more about Russia not making such overtly antagonistic statements about Iran.,neutral,neutral,0.7764644026756287,True,correct
I love your response. I wish I were this witty.,joy,love,0.8659279942512512,False,joy → love
The hardest part is trying to figure out what anyone is talking about with all these F degrees.,neutral,fear,0.7167884707450867,False,neutral → fear
The beauty of the horseshoe effect.,joy,joy,0.9539607167243958,True,correct
I just say i appreciate the depths of these Boiler Room vid are like this.,joy,joy,0.9867199063301086,True,correct
Yes! Adoption is an amazing generous gift you can give to people that really want to be parents.,joy,joy,0.9870162010192871,True,correct
Is that her phone in her back pocket?,surprise,surprise,0.5402737259864807,True,correct
Haha Orange man bad,joy,joy,0.9412007331848145,True,correct
My cousin is coming back as interim exec chef this week until we get a new chef. If you are my cousin the answer is NO!,anger,anger,0.8290290832519531,True,correct
One thing I appreciate about the Prequel trilogy is that it explores the rise of fascism better than *Fantastic Beasts* movies could do.,joy,joy,0.9776198863983154,True,correct
I like this one,love,love,0.9873176217079163,True,correct
Most vancouverites know of these scams. Especially #1 broken credit card machine. Complaints go unheard.,neutral,sadness,0.46542009711265564,False,neutral → sadness
beautiful by [NAME],joy,joy,0.9713610410690308,True,correct
This guy was my high school government teacher. This stuff is all classic to read about,neutral,joy,0.5296173691749573,False,neutral → joy
do you......do you actually believe this!?,surprise,surprise,0.965578019618988,True,correct
"Hey congrats man, that’s what I’m hoping happens as well!",joy,joy,0.9782463312149048,True,correct
Grow a beard.,neutral,neutral,0.6046908497810364,True,correct
"I just rewatched season 5. My god, I had forgotten how horrible [NAME] is.",anger,fear,0.503273606300354,False,anger → fear
"A friend of mine is like that, and they seemed quiet upset when someone form middle school said hello after they hadn't talked for 13 years.",neutral,sadness,0.9351340532302856,False,neutral → sadness
"> I don't understand why a reasonable person would perceive it as being objectively mean. Simply put, journalists are not reasonable people.",neutral,fear,0.4926252067089081,False,neutral → fear
It’s one of the nine characteristics of BPD. Probably most people in this sub have struggled with some sort of addiction to a degree.,neutral,neutral,0.6423100233078003,True,correct
These were one of the worst commentators I have ever been forced to listen to. The jokes were so cringe-worthy.,anger,anger,0.8543410301208496,True,correct
It would work just fine. I wear medium shirts and a small or medium jersey fits me great.,joy,joy,0.9485113620758057,True,correct
#YES.,neutral,joy,0.5068634152412415,False,neutral → joy
I haven’t read the Quran and I doubt you have either so I can’t agree or disagree with this statement.,fear,anger,0.8712959289550781,False,fear → anger
And just the “stop looking at me” was so old school. It was nice!,joy,joy,0.8689598441123962,True,correct
Triple P Positive Parenting Program is excellent.,joy,joy,0.9816586375236511,True,correct
"LOL you are mental ,love it",joy,joy,0.9311423897743225,True,correct
"I think this qualifies as r/prorevenge, honestly. Dude needs to face consequences more often, otherwise he will keep trampling over people’s boundaries.",joy,anger,0.48032817244529724,False,joy → anger
"Omg enough of all the damn hashtags, it’s not 2016 anymore",anger,surprise,0.5666077733039856,False,anger → surprise
"No, not related to [NAME]. I forget where we found it. It was in some legal documentation on WISDOJ (I think).",anger,fear,0.7578417658805847,False,anger → fear
I was more concerned that your comment held a frame of reference assuming it was real.,joy,joy,0.8664987087249756,True,correct
Beautiful. Up there with that retro '14 Timbers kit for my favorite non-Atlanta MLS kits.,joy,joy,0.9860657453536987,True,correct
This is adorable! But I don’t understand how he does that😂,joy,joy,0.9394538402557373,True,correct
"[NAME] is a warmonger. Other than that, he’s pretty libertarian.",joy,neutral,0.6168507933616638,False,joy → neutral
Omg I love it,love,love,0.9891266226768494,True,correct
Lucky for me the yellow ones are my favourite,love,joy,0.6489633321762085,False,love → joy
"Considering you could do it and be out over a highschool summer vacation, why not?",surprise,surprise,0.5177683234214783,True,correct
Too greasy.,neutral,neutral,0.6771591305732727,True,correct
Thank you!,joy,joy,0.9909840822219849,True,correct
Or you end up getting innocent Chinese civillians who were just browsing reddit arrested and have their organs contributed to the system.,neutral,neutral,0.6228346824645996,True,correct
"[NAME] and [NAME] aren't cousins in this timeline, I believe. Just best friends.",joy,neutral,0.7207263708114624,False,joy → neutral
Oh well that's that then :),neutral,neutral,0.6839661002159119,True,correct
I'm really excited for [NAME]. He seems to be continually improving in this stretch of games. I'm hoping he stays up once [NAME] is healthy.,joy,joy,0.9892721176147461,True,correct
It kills me how much Oklahoma State and Iowa State are able to beat KU but [NAME] and [NAME] just couldn’t regularly get the job done.,neutral,sadness,0.966184139251709,False,neutral → sadness
[NAME] should worry you.,neutral,fear,0.9086363315582275,False,neutral → fear
"will do, thanks for the heads up!",joy,joy,0.9872732162475586,True,correct
"The last hour is great, but I would definitely say to at least leave 15 minutes before close so you can avoid the crowds in the street.",joy,joy,0.9850012063980103,True,correct
That has gotten me killed a few times lately.,neutral,sadness,0.7210221290588379,False,neutral → sadness
Luckily for her former therapist maybe she can no longer leave her home.,neutral,joy,0.7981349229812622,False,neutral → joy
"I didnt know that sub existed,im faaaaaar too excited, thats my next hour of skivving work sorted!!",joy,joy,0.9066632390022278,True,correct
Saving this. Happy 2019 to ya!,joy,joy,0.987007200717926,True,correct
Not sure how kittens “lol” but I’ll take your word for it.,joy,joy,0.9679486751556396,True,correct
wow - resonates with me.,surprise,surprise,0.8610164523124695,True,correct
I literally cried out IS THAT MATT BERRY?!?!?!?!?!,sadness,surprise,0.8038666248321533,False,sadness → surprise
Oh and I forgot to add: he doesn't take your money and become a financial burden on your life,neutral,neutral,0.539936900138855,True,correct
Good luck and Godspeed.,joy,joy,0.9824615120887756,True,correct
Ok but it’s easy to worry when the legal drinking age in your nation is one of the lowest among first-world countries.,neutral,fear,0.7212162613868713,False,neutral → fear
Damn. As a [NAME] [NAME] I fear who the last Greek restauranteur in this death triangle will be :(,fear,fear,0.9805323481559753,True,correct
"Take a note to PM me if you do, I'll happily pay for one!",joy,joy,0.8267539143562317,True,correct
2 weeks! thats my dream!,neutral,joy,0.6883736848831177,False,neutral → joy
I feel like its got to do with the bad desync in the game right now.,anger,sadness,0.33428192138671875,False,anger → sadness
"I mean, ya, but this has been his stance for as long as I have been a fan. It isn’t really new for him.",joy,neutral,0.7111859917640686,False,joy → neutral
Cinesphere and Trillium Park are both fantastic spots and I see absolutely zero reason to change them.,joy,joy,0.9838426113128662,True,correct
How is [NAME] fleshed out? His entire role in ep1 was that he cooks. He's about as important as [NAME].,fear,surprise,0.8879597187042236,False,fear → surprise
Bad sarcasm in response to a bad joke seems about right to be fair.,joy,joy,0.43672052025794983,True,correct
"How offensive. I, am NOT a duck!",anger,anger,0.9644342064857483,True,correct
So then use shotguns?,neutral,fear,0.4118906855583191,False,neutral → fear
"I mean, I hope so. I bought his jersey, which would be embarrassing if he was out the league in two years.",sadness,sadness,0.9688528776168823,True,correct
I think she said he hit her through the car window,neutral,neutral,0.8624255657196045,True,correct
trailer fabulous!!! i miss it,sadness,sadness,0.4942561984062195,True,correct
Chattel slavery is uniquely different from other types of forced labour and indenture.,neutral,neutral,0.7330682277679443,True,correct
"bcash is not bitcoin. its a fork if bitcoin, and you brought up [NAME] yourself which is pretty odd considering you think of him as a distraction.",neutral,anger,0.7415335774421692,False,neutral → anger
"As a woman, I have to say I think you aren’t wrong about this.",joy,joy,0.8870862722396851,True,correct
My turn should arrive this year. At least this place will allow me to leave my last words.,joy,joy,0.5925222039222717,True,correct
Omg I thought you were paraphrasing. I'm so happy that those were the exact words they said.,joy,joy,0.8549914956092834,True,correct
What a perfect timing though.,joy,joy,0.8798869252204895,True,correct
This is my favourite game of all time and I miss it dearly. I made most of my best friends playing this game.,joy,love,0.6467219591140747,False,joy → love
"Gee, thanks for waking up after being told for over a decade.",joy,joy,0.9780586957931519,True,correct
Can't wait to see her looks in S11!,surprise,surprise,0.5193756818771362,True,correct
Then you get home and realise they managed to bill you for the booze. That's half your winnings gone.,neutral,sadness,0.6555995941162109,False,neutral → sadness
I'm sorry your trust has been that badly broken.,sadness,sadness,0.9889959096908569,True,correct
But you ARE!,neutral,neutral,0.8165094256401062,True,correct
It's going to get awfully dark and cold at night.,anger,sadness,0.5667909979820251,False,anger → sadness
That means nothing beyond the fact that I couldn’t be asked arguing with you. It was a no contest essentially.,neutral,anger,0.8300743103027344,False,neutral → anger
"[NAME] gimmie more, [NAME] more. “[NAME] is making you all this money and all you do is talk crap about her.”",neutral,anger,0.6910225749015808,False,neutral → anger
Utah is a beautiful state. I’ll give you that. I spent a week at Bear Lake and it was pretty amazing.,joy,joy,0.9896960258483887,True,correct
I love that username,joy,love,0.992605447769165,False,joy → love
so basically free money for those wealthy enough to take vacations annually. wonderful.,joy,joy,0.9879447221755981,True,correct
"There’s no evidence that 12-step programs work any better than no program, so you’re not missing anything if you quit. Good luck.",joy,joy,0.9409409165382385,True,correct
Great game. Love winning in NOLA.,joy,joy,0.9731199145317078,True,correct
I personally wish that they stuck with the spin offs but if their happy I’m good.👌,joy,joy,0.9752827882766724,True,correct
Especially the Lexus peeps. Just baffles me how they dash in their nice cars.,neutral,surprise,0.725945770740509,False,neutral → surprise
"Why's it called going into 86'ed mode though? I've never heard that before, it's interesting",surprise,surprise,0.9523025155067444,True,correct
Wow that's some great facts and logic you're arguing with.,joy,joy,0.9803438186645508,True,correct
Studying something doesn't make you bright. Getting a degree does.,joy,anger,0.39568212628364563,False,joy → anger
How is this world politics?,neutral,surprise,0.6758359670639038,False,neutral → surprise
"bushwick, and playing a drum doesn't mean someone cannot work a job.",neutral,anger,0.5238381028175354,False,neutral → anger
Cue uncontrollable giggles.,joy,joy,0.8062620759010315,True,correct
What's does the future hold for you two? You're not happy with him. You deserve better.,surprise,surprise,0.5896565914154053,True,correct
Y’all are just jealous that this individual identifies as a fish hook. On a serious note though going through an airport tsa must be a nightmare,anger,anger,0.4224590063095093,True,correct
This is why I came to the comments section,neutral,neutral,0.7863115072250366,True,correct
Hahahaha. Wow. Pure gold!,joy,joy,0.969054639339447,True,correct
"None. If you get anything at all, it's a bonus, but don't expect anything.",neutral,joy,0.5428765416145325,False,neutral → joy
(#1)Just love him/her (#2) Be forgiving,joy,love,0.9807413220405579,False,joy → love
"Praying for the one who wrote that, that he isn't gonna caught...",joy,joy,0.6940906047821045,True,correct
"He can have his opinion, but he doesn't have to state when *no one* asked.",anger,neutral,0.7311072945594788,False,anger → neutral
This isn't meant to be a diy thing I think it's a YouTube craft channel they exist because it's calming to watxh,neutral,neutral,0.5111624598503113,True,correct
It’s true. Icebergs can’t melt steel beams.,joy,joy,0.8711048364639282,True,correct
thats why she is going crazy lmao,joy,joy,0.9063799381256104,True,correct
I absolutely thinky wife is more beautiful now than when I met her.,joy,joy,0.9675737619400024,True,correct
Those Boys risked their lives for a strong independent woman.,neutral,neutral,0.5164927840232849,True,correct
"That's a nice way to say ""being forcibly removed as illegal immigrants."".",joy,joy,0.7791799306869507,True,correct
Yeah would be exciting!,joy,joy,0.984495997428894,True,correct
His music is bad starting with that yeezus album,anger,anger,0.7236937880516052,True,correct
"My nipples are rock hard right now, just ruined my shirt.",anger,sadness,0.8803368210792542,False,anger → sadness
Calling (some) media the Enemy of the People and Fake News - is that not impeachable in a non-bizarro world?,anger,fear,0.5590855479240417,False,anger → fear
I didn’t know [NAME] disliked Pittsburgh so much,surprise,surprise,0.8628318905830383,True,correct
This is so bad that I immediately retold it to everyone I know.,sadness,anger,0.6140124797821045,False,sadness → anger
!RemindMe 10 days,neutral,neutral,0.961361289024353,True,correct
"Even if it was true, what would they actually gain from misrepresenting the data?",neutral,fear,0.4924303889274597,False,neutral → fear
"JFC, they can't help themselves.",neutral,neutral,0.6334449648857117,True,correct
Bike snob here. $400 is hella cheap for any bike that gets raced.,neutral,anger,0.7206266522407532,False,neutral → anger
"wasn’t it just reported that the [NAME] report will be “anticlimactic?” Don’t like [NAME], I’m just keeping it real.",neutral,anger,0.7596210837364197,False,neutral → anger
Crap. Absolutely missed that when typing my paragraph mountains. Fixed.,sadness,sadness,0.7399991750717163,True,correct
Lol sounds great but that's probably not what the OP wants to hear 😉,joy,joy,0.980721116065979,True,correct
[NAME] [NAME] Bros are losing their minds over this tweet.,joy,sadness,0.5374739170074463,False,joy → sadness
Honestly? I dont know. My parents told me that itd be seen as suspicious,surprise,fear,0.8429740071296692,False,surprise → fear
"For example, I think this picture of [NAME] character from southpark) is soooo cute",joy,joy,0.6134697198867798,True,correct
"Via Napoli in Epcot is amazing, but no garlic bread (the pizza is great though).",joy,joy,0.9872129559516907,True,correct
"Yeah, that one. I forgot the name earlier.",neutral,joy,0.6665624380111694,False,neutral → joy
Downvoting in hopes it will make this news go away,joy,neutral,0.7063573598861694,False,joy → neutral
Take your pick bro.,neutral,neutral,0.8153954148292542,True,correct
"Hello, Could you try exiting the game and restarting? Please let us know if you're still getting the pop-up afterward. Thanks!",joy,surprise,0.4663885533809662,False,joy → surprise
"If you have schools in your city, I got bad news for ya champ...",sadness,sadness,0.970241367816925,True,correct
Vr chat is free and you can play it without vr,neutral,neutral,0.8432503342628479,True,correct
"That's just, like, your opinion, man",neutral,neutral,0.6060582399368286,True,correct
This is some of the worst passing I've ever seen.,anger,anger,0.7750452756881714,True,correct
"Maybe they'll change their mind one day! That sounds good, I'll give it a go some time!",joy,joy,0.9483574628829956,True,correct
"Wait, what? [NAME] wasn't allowed a *bank account*?",surprise,surprise,0.6739828586578369,True,correct
FYI not all skinheads are racists. [NAME] suck and should be confronted.,anger,anger,0.8755961656570435,True,correct
"Reminds me of ""It's your city!"" back in The Flash 2X08.",neutral,neutral,0.6687986850738525,True,correct
"Thanks; it is a major turn-off because there's no reasoning - he ""knows"" it's a fact. I appreciate your perspective.",joy,joy,0.9851052761077881,True,correct
Thanks for adding the link. I'm not that reddit savvy,joy,joy,0.9611653685569763,True,correct
Adoption is an option. You don't have to force someone to exist but you can let them have a good life.,neutral,joy,0.6326702833175659,False,neutral → joy
Can’t believe [NAME] era is coming to an end... feels like yesterday I saw his 1st win against the cowboys with tiki breaking the rushing record.,sadness,surprise,0.9561529159545898,False,sadness → surprise
I WANTED GENERAL LUCK TO MARCH TO NEW ENGLAND AND *THEN* GET SPANKED UP AND DOWN THE FIELD FOR 60 MINUTES.,joy,joy,0.5523433685302734,True,correct
Are you saying the ones who suffer most are billionaire psychopaths? I’m confused by the wording.,fear,fear,0.9892176389694214,True,correct
You know even when women wear their hair natural they’re still putting products in it right?,neutral,surprise,0.6319879293441772,False,neutral → surprise
"A best friend would get me a vibrator. Not something that’ll make me feel like an oily, ugly piece of shit.",joy,anger,0.8454099297523499,False,joy → anger
Looks like goodfellow,joy,neutral,0.6029270887374878,False,joy → neutral
"He's been playing better this season though, in my opinion.",joy,joy,0.9108241200447083,True,correct
Great to hear you're so loving together! Wishing you all the best. Feel free to PM me anytime!,joy,joy,0.7069522738456726,True,correct
Those are sexist theories not facts.,neutral,anger,0.8762588500976562,False,neutral → anger
I find this aspect of the law so ridiculous. I suppose pepper spray is lethal to people with respiratory conditions like asthma or certain rare allergies.,anger,anger,0.9541900157928467,True,correct
I HEARD SOMEONE SAID THE F WORD,neutral,neutral,0.8943580389022827,True,correct
Can’t really do much about it since our only other ball handler available today is Napier,neutral,neutral,0.6131771206855774,True,correct
I’m always weirded out whenever I see him without a beard because in my game I got the longest beard I could,neutral,anger,0.8942123651504517,False,neutral → anger
"You spend time in The Donald, do you not understand irony?",anger,surprise,0.7399373650550842,False,anger → surprise
AS..... YOU.... WISSHHH!!!.. Inconceivable! My first ever silver. Thank you kind stranger.,joy,joy,0.9354886412620544,True,correct
I will! This is a great new excuse for never leaving my house,joy,joy,0.9874115586280823,True,correct
They really dont understand the value of an inch do they,neutral,neutral,0.3244294226169586,True,correct
[NAME] I loved [NAME].,love,love,0.9936071634292603,True,correct
I love how having high standards is used as an insult here.,love,love,0.9730601906776428,True,correct
You’re an inspiration,joy,joy,0.9729489088058472,True,correct
"I'm glad it only sprayed soda when his thumb went into the can, and not blood everywhere.",joy,joy,0.9629474878311157,True,correct
[NAME] has consistently being volatile. It's just a matter of time until she's being rude to [NAME] again.,anger,neutral,0.559219479560852,False,anger → neutral
I think they might be! I'll let her know - thank you :),joy,joy,0.984179675579071,True,correct
Thank you! Good night!,joy,joy,0.9907270669937134,True,correct
It isn't incorrect to use 'they' even when a person is explicitly a women/man.,joy,neutral,0.5308663845062256,False,joy → neutral
"Glad to see you were able to get this worked out, thx for the update!",joy,joy,0.9912539124488831,True,correct
I thought they were talking about the cat.,neutral,fear,0.5992151498794556,False,neutral → fear
"looks unreal, like it's a toy or something.",surprise,neutral,0.41136977076530457,False,surprise → neutral
"The attraction and the action are two separate things, and you know that. No one chooses who they are attracted to. Stop it.",anger,anger,0.8297332525253296,True,correct
Interesting theory.,joy,joy,0.7902925610542297,True,correct
"Im there as well, You get into these habits and become complacent its like your watching your life in 3rd person. For me that is.",joy,neutral,0.46927112340927124,False,joy → neutral
I mean yeah we were the best counter attacking team. That counter was so disappointing,sadness,sadness,0.9822916984558105,True,correct
There are Cubs fans that died at 95 without ever having seen their favorite team win a title. At what point is the LOILTY worth it?,sadness,surprise,0.48918187618255615,False,sadness → surprise
"Also. Read the sidebar, thank you.",joy,joy,0.9878416657447815,True,correct
he was stellar the Memphis game down the stretch. honestly forgot about that,neutral,joy,0.9208373427391052,False,neutral → joy
He’s been going to a restaurant for 40 years and forgot what it looked like and where it was.. uh huh.,neutral,neutral,0.6369739174842834,True,correct
PC Plod. The old bill,neutral,neutral,0.9470738172531128,True,correct
There is clearly something really goddamned wrong with the policy then.,joy,anger,0.7778812646865845,False,joy → anger
Don’t blame us because you’re a dumbass..,anger,anger,0.9506324529647827,True,correct
Oh my god are you [NAME]? If you are I am huge fan. I completed the IX EE earlier today using your guide,joy,surprise,0.7259438633918762,False,joy → surprise
Stay strong dude,joy,joy,0.9225119948387146,True,correct
"That's what everyone says but they are ugly. I want a Diavel, m109, or a Vrod.",anger,anger,0.953546404838562,True,correct
IIRC there is a Simpsons episode where [NAME] has programmed the emergency button on the phone to call the pizza place.,neutral,neutral,0.9002259373664856,True,correct
. . . Wait a fucking second,anger,anger,0.6768944263458252,True,correct
Wondered 'why doesn't it seem like theyre making any progress' before I realized how short the loop was....,joy,surprise,0.936744749546051,False,joy → surprise
"[NAME] is amped, I'm excited that he's excited",joy,joy,0.9883302450180054,True,correct
“[NAME] you’re still here? Geez you really are slow.”,sadness,surprise,0.7074944376945496,False,sadness → surprise
"Thought you were gonna go steak with ketchup in that last bit, ya pulled a sneaky",joy,neutral,0.6347847580909729,False,joy → neutral
Oh I'd wager it was as addictive :-) 7x70's :-/,neutral,joy,0.5366132855415344,False,neutral → joy
Did you taste it,surprise,surprise,0.9505934715270996,True,correct
Marriage takes 2 to be successful. Love him enough to let him go.,neutral,love,0.9873074293136597,False,neutral → love
"Besides a petty theft conviction out of Florida in 2003, there's nothing. No other convictions.",neutral,neutral,0.8752609491348267,True,correct
Reminds me of the podcast Welcome To Nightvale.,joy,neutral,0.5123555064201355,False,joy → neutral
You came here to cry,anger,sadness,0.8796193599700928,False,anger → sadness
The best part of froyo is getting to do it yourself. Robot is useless and bad at it's job.,joy,anger,0.5899931788444519,False,joy → anger
"You guys can downvote me all you want, but this sub is every day looking more and more alike r/gameofthrones",anger,neutral,0.5994758009910583,False,anger → neutral
But should I? And who would I report that too? since none of us 3 are in the same country,neutral,fear,0.8580948114395142,False,neutral → fear
Oh wow I forgot [NAME] and [NAME]. I have not read it.. have a link?,surprise,surprise,0.9579649567604065,True,correct
It’s a metaphor. No one cares how big his anatomy is.,neutral,neutral,0.6823673248291016,True,correct
Perfect! Thanks,joy,joy,0.9917305111885071,True,correct
"If [NAME] gets the better of [NAME] today, EV should learn not to start [NAME] at RB against pacy attackers m",neutral,neutral,0.6010216474533081,True,correct
I can't stand having my motives questioned.,neutral,anger,0.87447190284729,False,neutral → anger
>The only way change will happen is when the national media actually focuses on them. Precisely what a protest is aimed at engendering.,joy,neutral,0.7846413254737854,False,joy → neutral
"I believe that this may be meant for the person above me, for I have moved into the realm of monetized bananas.",joy,neutral,0.5790802240371704,False,joy → neutral
"Make nachos, get a beer, and get ready to yell SUEY!!",joy,neutral,0.7087332010269165,False,joy → neutral
"One post, 155 updogs. I've seen this raw power only once before.",surprise,surprise,0.5751722455024719,True,correct
"For the people and finding out how they end up? Sure. Other than that, it’s not great. Frustrating at best.",anger,anger,0.8107231259346008,True,correct
[NAME] - I misspelt and can’t correct it now,joy,sadness,0.9375520348548889,False,joy → sadness
>cat beby the fuck is wrong with you,anger,anger,0.9681636095046997,True,correct
Alberta needs to get with the times.,neutral,neutral,0.6260161399841309,True,correct
"You shouldn't be so hard on yourself. Just relax, take a deep breath, let the blood flow. Everything's going to be fine.",joy,joy,0.8647658824920654,True,correct
I said this somewhere else.. but I swear that man in the hood is caucasian... But that was actually hilarious,joy,joy,0.9799681901931763,True,correct
You da real MVP,neutral,neutral,0.76502925157547,True,correct
"Omg, *please*",anger,surprise,0.935217559337616,False,anger → surprise
"Omg what the ever loving bloody hell did I just read?? As an artist, this was extra painful to me.",sadness,sadness,0.9434079527854919,True,correct
"This video was uploaded in October 2013, over five years ago now. This just feels like an unnecessarily inflammatory post for karma to me.",sadness,anger,0.8235664367675781,False,sadness → anger
I got mine on the exact same mission!,neutral,joy,0.5544105172157288,False,neutral → joy
Nice! I haven’t listened to them or Tool in so long. Will def be getting back into them now.,joy,joy,0.9707486629486084,True,correct
I'm not being told I have issues by a guy who actually and genuinely has an interest in coprophagia.,anger,anger,0.780153751373291,True,correct
"Nothing against bartenders at all. Dumbass people like [NAME], I make fun of because I can.",joy,anger,0.6012877225875854,False,joy → anger
The west is so unfair :(,anger,sadness,0.85097336769104,False,anger → sadness
Don’t worry about it I meant what I said thank you really,joy,joy,0.9904542565345764,True,correct
Things were significantly worse back then than they are now.,anger,anger,0.5178446173667908,True,correct
ELABORATE plz!!!!,surprise,joy,0.9012242555618286,False,surprise → joy
I've probably put a couple hundred miles on my space saver tire. It's still on there right now.,neutral,neutral,0.8291996121406555,True,correct
"It's 2019 and people are *still* saying ""SJW's?"" Ha! Hahahahaha! Oh my life. [NAME].",joy,joy,0.9174007773399353,True,correct
[NAME] is trying not to laugh through his lines and hoesntly I love it.,love,love,0.9842053055763245,True,correct
Oh ok I never watched that show. I love that judge though.,love,love,0.9720767140388489,True,correct
"If you want any hope of getting better, you must stop everything and anything with underage girls...forever",joy,joy,0.43252822756767273,True,correct
"No offense taken, and I agree with your last statement.",joy,joy,0.9716945290565491,True,correct
Same clothes and the door is black on the other side - looks so real!!,joy,joy,0.8504708409309387,True,correct
"I don't doubt that, but there's a difference between doing something as a social activity and a psychoactive drugs that actually makes you feel more social.",joy,joy,0.49153614044189453,True,correct
I've always found it weird how popular Nandos is in Britain.,anger,anger,0.7175679206848145,True,correct
We tell our girl friends too when we get asked out :),neutral,neutral,0.8492018580436707,True,correct
"I can relate. It kind of breaks your heart and your spirit, doesn’t it?",joy,surprise,0.5590674877166748,False,joy → surprise
My 2 best girls in the series combined into one and [NAME] with [NAME] colors is so beautiful :),joy,joy,0.9691941738128662,True,correct
The more I look the worse it gets,joy,sadness,0.6685070395469666,False,joy → sadness
I liked [NAME] updated “I thought this was a teaching hospital!”,love,love,0.9702853560447693,True,correct
Neither am I. I'm mocking her alongside you.,anger,anger,0.8720357418060303,True,correct
"Thanks man, I appreciate it, I love her but this was way to far, thanks man 💜",joy,joy,0.9536768198013306,True,correct
So get a job and leave. It's just going to get worse. First the tv then you. Get out while you can,anger,anger,0.9336094856262207,True,correct
I hate it and I love it.,love,love,0.6408406496047974,True,correct
Bdo is love,love,love,0.9776608943939209,True,correct
Very sweet of [NAME],love,love,0.6770498752593994,True,correct
They are the modern day Nickelback.,neutral,neutral,0.8672577738761902,True,correct
"America is not a country, it's a fucking business. if you have zero money, no one cares about you.",anger,anger,0.9444006681442261,True,correct
Eat the apple butthole first. It's the best way to eat the apple.,joy,joy,0.8518770337104797,True,correct
Its onky been 6 years i think you read the second line,neutral,neutral,0.736141562461853,True,correct
I am. I do! You're welcome.,joy,joy,0.9823085069656372,True,correct
Thank you! I’ll contact you tomorrow! :),joy,joy,0.9909612536430359,True,correct
Wow damn this some good words,joy,joy,0.9581923484802246,True,correct
"Do y’all consider Cadillacs as “luxury” cars similar to Audis, BMW, Lexus ?",surprise,surprise,0.8775874972343445,True,correct
WHAT THE HELL!,anger,anger,0.9759539365768433,True,correct
"Hey, thank you. :) I appreciate it.",joy,joy,0.992037296295166,True,correct
I'm more saying that I think the south is a joke.,joy,joy,0.7941702008247375,True,correct
What about Governor [NAME]?,surprise,surprise,0.8922520875930786,True,correct
After he did the one year contract last year I'm not seeing him staying here with no improvement from our team.,anger,sadness,0.4302408993244171,False,anger → sadness
Pets are the best ❤,joy,love,0.7540456652641296,False,joy → love
dom will be used as outfield depth,neutral,neutral,0.923959493637085,True,correct
"If you look at her from a distance, she's super cute. Then you get close and it's a [NAME] painting of tweaky, delusion.",joy,joy,0.8815839290618896,True,correct
[NAME] for best actress,neutral,neutral,0.5465928316116333,True,correct
Is he really your buddy if you have to ask us how to talk to him?,fear,surprise,0.5638905763626099,False,fear → surprise
Yeah 150 is a little much. Reverting to 125 would be perfect,joy,joy,0.8602426648139954,True,correct
[NAME] has cast a Magic Shield of Jesus [NAME] Claims He Cast “Shield of Protection” That Will Send Hurricane [NAME] Back Out to,neutral,neutral,0.8930169939994812,True,correct
Caution: [NAME],neutral,neutral,0.7663149237632751,True,correct
Um... I’m extremely concerned as to which one’s business and which one’s casual.,fear,joy,0.5230844020843506,False,fear → joy
Thanks for being here. :-) We can always use allies.,joy,joy,0.9890455007553101,True,correct
congrats to everyone who picked the over,joy,joy,0.9842819571495056,True,correct
"My point is that IQ basically works. As with literally everything, there are flaws, but it's not junk science.",joy,joy,0.5679779052734375,True,correct
We already had that fake news before. There's no such discussion.,anger,anger,0.8822901248931885,True,correct
"And the shit like ""like for [NAME], Ignore for satan""",anger,anger,0.8316509127616882,True,correct
you are so welcome. I’m glad I could bring sunshine to your day.,joy,joy,0.9907021522521973,True,correct
"Thimerosal isn't even in vaccines anymore, due to the controversy.",neutral,neutral,0.4994492530822754,True,correct
It's all greek to me,neutral,neutral,0.8373087644577026,True,correct
There is no such Thing as [NAME] or an Almighty !,anger,neutral,0.6804750561714172,False,anger → neutral
"Both Islanders goaltenders support [NAME] and they are having career years, coincidence? I think not.",fear,fear,0.5211418867111206,True,correct
That sounds so awesome. Thanks for talking about it.,joy,joy,0.9915056824684143,True,correct
Oh. Sorry.,sadness,sadness,0.9914201498031616,True,correct
Oh wait that's tonight?!?! Totally watching 😎,surprise,surprise,0.8975215554237366,True,correct
they dont pay shit,anger,anger,0.7907780408859253,True,correct
Looks like you just finished eating a shit covered ass.,anger,anger,0.8901439309120178,True,correct
"Sorry, but [NAME] is too POWERFUL, not to be his own character. But seriously i definitely now want this.",joy,joy,0.7559077143669128,True,correct
hey the 5 riders per van per day are upset,sadness,sadness,0.9874264001846313,True,correct
Hello autism my old friend,anger,neutral,0.8023618459701538,False,anger → neutral
I'm guessing HIS blood type is mountain dew,neutral,fear,0.5220606327056885,False,neutral → fear
yikes i thought it was just a joke transformer [NAME],anger,joy,0.659590482711792,False,anger → joy
Fight milk 🥛 lol,joy,joy,0.942499577999115,True,correct
wow. thank you. you dont know how badly i needed that tbh,joy,joy,0.9803683161735535,True,correct
“Hello darkness my old friend...”,neutral,neutral,0.823083221912384,True,correct
"Oh no way is it miners, it's blockstream fault they bought every developer that had commit access to bitcoin's repository. End of story.",neutral,anger,0.7533620595932007,False,neutral → anger
This is bloody disgusting.,anger,anger,0.9826750159263611,True,correct
Is the use of stone that common for the medical field in the UK?,surprise,surprise,0.8502792716026306,True,correct
oh yeah? Mines real,neutral,surprise,0.5623821020126343,False,neutral → surprise
Rip the guy from psych,sadness,neutral,0.6105448007583618,False,sadness → neutral
"That’s a good idea, thanks",joy,joy,0.991014301776886,True,correct
My ecology professor hated outdoor cats for that reason. They're extremely destructive animals.,anger,anger,0.9591307044029236,True,correct
Don't doubt yourself. They're wrong.,neutral,anger,0.5817015171051025,False,neutral → anger
"You love her knowing her limitations, adjusting your expectations, and keeping boundaries firmly set and enforced hard.",love,love,0.9751893281936646,True,correct
When people say [NAME] should be an All star just show them that last possession,neutral,neutral,0.8895568251609802,True,correct
"Weirdly enough Salad Fingers is one of [NAME] weaker animations, highly recommend ‘The Unfixable Thought Machine’",anger,joy,0.45822131633758545,False,anger → joy
Nahhh just as they came to me,neutral,neutral,0.855573296546936,True,correct
The itching probably happens when your skin vibrates from the brush.,joy,neutral,0.6599791049957275,False,joy → neutral
Lots of internalized rage and mom guilt daily leading to a good shower cry once a week or so.,anger,anger,0.29351213574409485,True,correct
happy new year buddy!,joy,joy,0.977584183216095,True,correct
All these years I didn't know he escaped just to go to florida and kill some more smh,neutral,neutral,0.2685900032520294,True,correct
Thank you. [NAME],joy,joy,0.9904794096946716,True,correct
Thanks [NAME]. We hardly knew ye,joy,joy,0.9823984503746033,True,correct
She’s sexy I’d hit.,joy,joy,0.9333191514015198,True,correct
"Just out of curiosity, what age group are you? Your boyfriend seems real decent nut the scenario sounds like teenagers I'm confused!",fear,fear,0.535737156867981,True,correct
I sure do.,joy,joy,0.6778244376182556,True,correct
"Ooh, [NAME] not happy.",neutral,sadness,0.9717016220092773,False,neutral → sadness
Wow that was such a beautiful drive by [NAME]. Really wish we could see more of that,neutral,joy,0.9860072135925293,False,neutral → joy
"This whole ordeal seems entirely pointless, but i don't want to turn away in case i miss some drama",anger,sadness,0.7166708707809448,False,anger → sadness
"most conservatives have been pissed at cities in Minnesota raising the age to buy tobacco, I guess i'm a little confused on what you are talking about.",fear,fear,0.984451174736023,True,correct
"Ahh, I see. Well, he wasn't wrong!",joy,joy,0.6897734999656677,True,correct
A crappy situation... Man oh man...,sadness,sadness,0.6416503190994263,True,correct
"You're going to be free one day, but never if you stop trying. Every weeks a new week, goodluck !",joy,joy,0.8908474445343018,True,correct
He wasn’t hot to me but he has that attitude I find attractive af.,joy,joy,0.5229272246360779,True,correct
"I’d say her knee is more done, ankle looks ok but I’m n doctor lol",joy,joy,0.9579396843910217,True,correct
"I haven't gone by the name [NAME] since, oh before you were born.",neutral,neutral,0.8796160221099854,True,correct
Yah. I unfortunately was sitting and watching this documentary with my Mother. That was very awkward.,sadness,sadness,0.9919785261154175,True,correct
"Being a nice, interesting person has helped me get a lot of friends but hasn't really gotten me anywhere with regards to women.",sadness,joy,0.8304345607757568,False,sadness → joy
I like it,love,love,0.9871625304222107,True,correct
"Good potatoes, good pasta.",joy,joy,0.9752570390701294,True,correct
"If y'all didn't like OKC before, you hate 'em now.",anger,anger,0.8705585598945618,True,correct
Yeah fuck all of them down votes xD instantly had this run through my head when I saw the post. One of my favorites as well...,anger,love,0.7217481136322021,False,anger → love
"Okay. Thanks for the information, I guess? I'm not really sure what your point is.",fear,fear,0.8971063494682312,True,correct
Funny how we get more anxious about our heroes than their victims,joy,joy,0.8288979530334473,True,correct
"If the fan doesn't work, then I'm fine with it.",joy,joy,0.8254268169403076,True,correct
"I’m hugging you back!!! Not in a weird way. :-). Thank you, internet stranger.",joy,joy,0.9822289943695068,True,correct
"Canada here, yup..... gods damned homophobic leftovers.",anger,anger,0.9194285869598389,True,correct
16-37 and 25 fta. [NAME] is so fucking overrated. Volume chucker/flopper in a fast paced no defense league.,anger,anger,0.9414376020431519,True,correct
This made me laugh so hard I farted and woke my dog up. Only thing missing is the confetti.,joy,joy,0.9748015403747559,True,correct
Wasn’t it 99% of the WORLD’S population? Like how in the fuck is that even possible...,surprise,anger,0.6853490471839905,False,surprise → anger
The thing to understand about [NAME] is that he's a complete moron.,anger,anger,0.9284499883651733,True,correct
His main goal is attacking KSI's comment section,neutral,neutral,0.7802205085754395,True,correct
Like you said your tired probably mentally and physically. You need a dam break is what it sounds like my friend.,joy,joy,0.5131925940513611,True,correct
It's alright old man we're almost to your room,joy,joy,0.7425532937049866,True,correct
"[NAME], [NAME] mother. I loved her in the one episode. She had great chemistry with everyone she met.",joy,love,0.9400920867919922,False,joy → love
"Oof, thanks",joy,joy,0.9879465699195862,True,correct
"If she deleted your Snapchat just because you showed up to a bingo, then it seems she's a bit of a bad person",anger,anger,0.7176585793495178,True,correct
A *Pontiac* Montana?,surprise,surprise,0.5051596164703369,True,correct
The new persona is only if you get the true ending. Not sure if the thread poster has but just in case he didn’t,neutral,fear,0.7487500905990601,False,neutral → fear
Love your username,love,love,0.9908678531646729,True,correct
"If you’re a solo player, then I understand...",joy,joy,0.82582026720047,True,correct
Thanks for your comment. This makes sense with the time frames too.,joy,joy,0.9879189133644104,True,correct
I only wrote it down as a last choice if I have trouble meeting people on campus.,neutral,neutral,0.5474134683609009,True,correct
On days like this you can get an extra scoop. Just to make sure you have the finnnnnessst meals ;),joy,joy,0.6664736270904541,True,correct
Well banano is pretty memeorable,neutral,joy,0.8826218247413635,False,neutral → joy
1. They don't understand football fundamentals. They play [NAME]. 2. They are short and want someone to identify with.,neutral,neutral,0.7892906665802002,True,correct
Truth is hate. Men are women.,neutral,anger,0.8481460213661194,False,neutral → anger
"No, the full video shows that the kids surrounded and berated the native elder man",anger,anger,0.7253255844116211,True,correct
Finally Mesut!,neutral,neutral,0.7475643157958984,True,correct
Don't endorse violence against people.,anger,anger,0.9239997863769531,True,correct
It's your boy [NAME]!!,neutral,neutral,0.6301095485687256,True,correct
He was young and he thought he was doing the right thing. No need to be rude about it.,joy,joy,0.567898690700531,True,correct
Exactly. It’s all about control,neutral,joy,0.8066847324371338,False,neutral → joy
"YAAAS! Even though you're a stranger on the internet, this has made my day.",joy,joy,0.9653292894363403,True,correct
"Today's Recaptchas were fun. I'm very good at identifying store fronts, apparently...",joy,joy,0.977165699005127,True,correct
Say you ate something or say things they cannot measure.,neutral,neutral,0.8720921277999878,True,correct
Ok! I like making friends,love,love,0.5025750398635864,True,correct
That is in no way sexual harrassment...,anger,anger,0.8734905123710632,True,correct
"Right, but we want to shit talk them directly. Not agree with other people shit talking them.",anger,anger,0.960536003112793,True,correct
Look on the bright side. I dont know what your bright side is but just look at it.,joy,fear,0.7178280353546143,False,joy → fear
We mess up on a draft so we just nvr draft anymore?,neutral,anger,0.4723784923553467,False,neutral → anger
Yep just googled it and she’s freezing her eggs and telling EVERYONE how I missed this...who knows,neutral,sadness,0.5842663645744324,False,neutral → sadness
Before.revolution can happen in the streets it first has to happen in their minds - Stuck Mojo,neutral,neutral,0.8982436060905457,True,correct
"Last game I think someone said it well, ""[NAME] like a toddler in an NBA Pro's body.",joy,neutral,0.6886640191078186,False,joy → neutral
Just in time to get excited for a mediocre Twins season!,joy,joy,0.9865087866783142,True,correct
I feel like I have to call bs on this one. I hope lol,joy,joy,0.9789349436759949,True,correct
I just physically *shuddered* at the idea of redoing middle school..,sadness,fear,0.7856020331382751,False,sadness → fear
"Probably [NAME] tbh. I feel like what [NAME] did in the long run was a bit scummier, not by much tho.",neutral,neutral,0.5222498178482056,True,correct
Hi everyone!,neutral,neutral,0.7578398585319519,True,correct
"Get a second opinion from a different doctor. Eczema can get exacerbated by home remedies sometimes, so be sure to check with another doc first.",joy,joy,0.6618334054946899,True,correct
Just saw your history. Makes complete sense now. Your a trumptroll. Bye.,anger,joy,0.6574456095695496,False,anger → joy
Do you people just sit in meme economy and wait for something new to come up?,neutral,surprise,0.8271282315254211,False,neutral → surprise
Cheers lad :),joy,joy,0.9360193014144897,True,correct
I’m ready to unsubscribe from this sub,joy,neutral,0.7114606499671936,False,joy → neutral
If you bought it from Levi’s I think they do it for free at their flagship store,neutral,neutral,0.6831091046333313,True,correct
And how long ago was this?,surprise,surprise,0.8772562742233276,True,correct
Makes sense. So I need 2 USB drives according the the TAILS website.,neutral,neutral,0.6412721276283264,True,correct
Thanks!!,joy,joy,0.9909233450889587,True,correct
Will try. Thank you,joy,joy,0.991810142993927,True,correct
Alright imma set small goals for myself thanks for tip man!,joy,joy,0.9883761405944824,True,correct
"That's a little girl, not a sandwich.",sadness,neutral,0.6583062410354614,False,sadness → neutral
Wiggins and towns pick and roll use it more,neutral,neutral,0.9393527507781982,True,correct
"If we're talking about the person in the middle, that's a man. [NAME].",neutral,neutral,0.9097461104393005,True,correct
Reminds me of the old lady in Police Academy 4 shooting the .44 magnum. Damn that was fun!,joy,joy,0.9805457592010498,True,correct
I bet we'd all die. Thank [NAME] for colds and germs or we'd all be dead upon birth,joy,joy,0.9487760066986084,True,correct
I think he's in it. I know [NAME] is killing me on my fantasy team right now,sadness,sadness,0.7765969038009644,True,correct
You have your opinion and I have mine why does that make only one of us a victim?,surprise,surprise,0.5727564692497253,True,correct
"Thank you for writing this, for letting us into your world so that we can better understand our own. I am very grateful for this gift.",joy,joy,0.9898786544799805,True,correct
"Play hard, but we don't want to reveal our secret raptor killing strategy until the playoffs...",joy,joy,0.5126993656158447,True,correct
Weird flex but ok,neutral,anger,0.6120736598968506,False,neutral → anger
I'm a little disappointed that the tier markings werent' just different shades of green.,sadness,sadness,0.9921720027923584,True,correct
Thanks for your input into this discussion. It has been very productive.,joy,joy,0.9897716641426086,True,correct
If we can get a 1st rounder it is without a doubt worth it.,neutral,joy,0.9152268767356873,False,neutral → joy
"Autism (mechanistic thinking, lack of theory of mind) is the opposite of intuition (thinking without thinking).",neutral,neutral,0.773781418800354,True,correct
[NAME] ! Glad that we helped you.,joy,joy,0.9868627786636353,True,correct
"I don't wanna be controversial, but the streak might end...",anger,anger,0.4966234564781189,True,correct
Make sure you actually try sativas. Don't just listen to people bsing about Sativa causing paranoia/anxiety etc.,neutral,joy,0.5335147976875305,False,neutral → joy
Some people are just very special lmao,neutral,joy,0.8695091605186462,False,neutral → joy
>Feminism is how we get to equality how do you know that?,surprise,surprise,0.6786592602729797,True,correct
"Rapists can have parental rights in some states, assuming they find him.",sadness,neutral,0.9059776067733765,False,sadness → neutral
"Same here, after she initiated the divorce and acussed me of not doing anything to stop it.",sadness,anger,0.5128511786460876,False,sadness → anger
"Horseshoe effect going on with FBPE and the no deal brexiteers, basically if you're soft remainer or brexiteers they hate you. The irony ha",neutral,anger,0.4803007245063782,False,neutral → anger
Greatest part of that goal is the pique backheel for me. What is he even doing there :)),surprise,joy,0.6716789603233337,False,surprise → joy
Thanks. I guess.,joy,joy,0.9876351952552795,True,correct
"For me, the only thing that makes it cringe is [NAME] covering his mouth",neutral,fear,0.9252578616142273,False,neutral → fear
Wrecking Ball clips are the best,joy,joy,0.92026686668396,True,correct
We know blocking [NAME] was [NAME] choice because he said it was.,neutral,neutral,0.8339654207229614,True,correct
The only death that made me feel any emotion. And it wasn’t even the death itself.,sadness,sadness,0.9729025363922119,True,correct
Lol ok 👌🏾,joy,joy,0.9813624620437622,True,correct
Mumbling on twitter and r/politics. Also [NAME] is getting annoyed as well. He is mr appropriations after all.,neutral,anger,0.9203727841377258,False,neutral → anger
That is amazing!,joy,joy,0.9888245463371277,True,correct
Lets see how [NAME] goes in Round 6,surprise,surprise,0.4185584485530853,True,correct
When her daughter says she wants to take all the weight from her and put it on her own body so her mom can go outside and play 😢❤️😢,neutral,neutral,0.8643845915794373,True,correct
Omg didn't even think of that! So clever! Yes!,surprise,joy,0.9006466269493103,False,surprise → joy
To me his not doing it right because he is breaking contact with the skin. Keep contact and go back and forth!,anger,anger,0.6785731315612793,True,correct
Here we go again I hate [NAME] *becomes a Dodger* I mean I love [NAME],love,love,0.9333193302154541,True,correct
"Wait a minute, the rich own ranches.... You're one of them!",surprise,surprise,0.6085585951805115,True,correct
NOT TODAY REINHARDT,neutral,anger,0.5415067672729492,False,neutral → anger
The third period is going to be uncomfortable and I preemptively hate it.,anger,anger,0.9733822345733643,True,correct
"I'd imagine the confusion would be far greater, especially amongst the [RELIGION] community considering there is no aspect of Ramadan that prevents [NAME] from doing exams.",fear,fear,0.9811244606971741,True,correct
"holy shit that's bad, maybe the extremist right can't meme either?",anger,anger,0.5210973024368286,True,correct
fake gamer girl didnt know [NAME] is already a rapper,neutral,neutral,0.7194113731384277,True,correct
The last thing you see before entering Hell.,anger,neutral,0.5220901370048523,False,anger → neutral
And desks clapped,neutral,neutral,0.8564342260360718,True,correct
I didn’t know they ventured outside Facebook,neutral,surprise,0.3569282591342926,False,neutral → surprise
That’s because [NAME] thinks he’s the man oin this team. [NAME] I can’t wait till he’s gone,joy,surprise,0.4487007260322571,False,joy → surprise
I'm saying your question is irrelevant to the post's topic. Stop being passive aggressive.,anger,anger,0.948714017868042,True,correct
OMG she reminds me of Ginger from Ginger Snaps! I'm in love!,love,love,0.9858430027961731,True,correct
To be fair how often has someone drafted in the top 5 not immediately joined the team.,surprise,surprise,0.9247464537620544,True,correct
They forgot the part where everyone started clapping.,neutral,neutral,0.7484837174415588,True,correct
"Ok, care to elaborate on what your mysterious link is?",surprise,surprise,0.9430915713310242,True,correct
Only 2 days ?,surprise,surprise,0.604200005531311,True,correct
Sacrilege! :-P,neutral,joy,0.6311389803886414,False,neutral → joy
Once some joked that I was a [NAME] just because my family had moved to West Germany for a couple years when I was a infant.,joy,joy,0.4958086311817169,True,correct
I love this. Thank you,joy,joy,0.9254569411277771,True,correct
"None. If she has insecurities, I latch onto them like a barnacle.",neutral,neutral,0.7441759705543518,True,correct
Oh my [NAME] I just noticed this too! I just rewatched it recently and noticed him just drinking some tea next to [NAME] and [NAME].,surprise,surprise,0.8396573662757874,True,correct
Leave chicken in a vat of blue dye overnight and you'll lose all the pink,neutral,neutral,0.7583534121513367,True,correct
This guy doesn’t physics.,neutral,neutral,0.4924439787864685,True,correct
"I just got banned from one of his subreddits, I haven't been this excited for a ban since the snap from /r/thanosdidnothingwrong!",sadness,joy,0.8402601480484009,False,sadness → joy
[NAME] has been a pleasant surprise,surprise,surprise,0.9775142669677734,True,correct
Has Medicaid stopped? Most people I know who support this want Medicare or Medicaid for all.,surprise,surprise,0.6018276810646057,True,correct
"eh, no. Maybe wood can be an alternative if thon is out of the option, but i will never get the allure behind ersan",anger,fear,0.404236376285553,False,anger → fear
I didn't read the entire article. That's great. Thanks for letting me know. Peace and happy 2019,joy,joy,0.9905868172645569,True,correct
When it didn’t work in r/aww r/funny or r/animalsbeingderps he came here,neutral,neutral,0.8620623350143433,True,correct
"Just ride the subway in NYC and watch how everyone behaves. Don’t stare, though.",neutral,neutral,0.6925354599952698,True,correct
I just started watching Brooklyn 99 this week and was looking for this reference. Thank you.,joy,joy,0.9894603490829468,True,correct
"Do you ever get extremely inspired at night, make plans and then wake up with no drive at all? Or is this just a general thing?",surprise,surprise,0.6598905324935913,True,correct
Love and marriage,neutral,love,0.7803903818130493,False,neutral → love
"Yeah odd, as those items would identify her. And it would seem like an easier job to burn them to unrecognisable remains.",joy,anger,0.45786675810813904,False,joy → anger
"Such a good doggo, and no one gets to pet her and let her know.",joy,joy,0.8008096814155579,True,correct
"I don't have a smart phone; however, I wouldn't need one in this case.",neutral,anger,0.5008271932601929,False,neutral → anger
"It's a good thing that liopleurodon was actually only about six meters long and went extinct 155,000,000 years ago...",joy,joy,0.7455257773399353,True,correct
"Well, at least you'll have plenty of company",neutral,joy,0.6387550830841064,False,neutral → joy
Call your attorney general. 615-741-3491,neutral,neutral,0.8755576014518738,True,correct
I'm so glad you have access to that trans group. You will make friends and be able to support each other.,joy,joy,0.982952356338501,True,correct
I understand the confusion,neutral,fear,0.9762694835662842,False,neutral → fear
How is the JC-01 with juul pods. I've heard mixed reviews.,surprise,surprise,0.5571730732917786,True,correct
Is the misspelling on the cake the only thing you see wrong with this post?,surprise,surprise,0.7208647727966309,True,correct
I unironically agree with everything on the left side of this.,joy,joy,0.9783539175987244,True,correct
You will find the words that work for your dynamic. The fact you are worried and thinking about it is 75% of the battle,neutral,joy,0.6204260587692261,False,neutral → joy
"Checking in from Nashville, a merged city-county that’s thriving precisely because it’s a merged city/county.",joy,neutral,0.5558065176010132,False,joy → neutral
The furthest thing from my mind and likely everyone else since you’re the first to mention it.,neutral,neutral,0.8135413527488708,True,correct
I loved [NAME] as much as anyone but he started to become really inconsistent in his final stretch here before he ended up in Charlotte.,love,love,0.9785794615745544,True,correct
The god of metal does not approve,neutral,anger,0.880583643913269,False,neutral → anger
"Yikes, maybe [NAME] can pull some [NAME] magic with him",neutral,neutral,0.7998435497283936,True,correct
"I'd be careful with that, could be construed as cybersquatting which is illegal.",joy,joy,0.8666900396347046,True,correct
Or just use a fast weapon. He's pretty predictable once you get his patterns down.,neutral,neutral,0.5382707118988037,True,correct
"Omg, unbelievably scary. Insane",fear,fear,0.9849326014518738,True,correct
Happy birthday!,joy,joy,0.98296058177948,True,correct
you are a good man,joy,joy,0.9836022853851318,True,correct
And the ability to get time off for all these trips,neutral,neutral,0.7941976189613342,True,correct
Went in to the comments to look for this. Thanks!,joy,joy,0.9855157732963562,True,correct
Thanks for your kind words. They made me tear up a bit.,joy,joy,0.9904622435569763,True,correct
"Ooo... ""authentic incel porn."" Not gonna lie, I would watch an incel lose his virginity if the production value was even half decent.",neutral,neutral,0.5601983070373535,True,correct
"""RUDY! RUDY! RUDY! RUDY! RUDY! RUDY! RUDY!"" Come on, gimme more [NAME].",neutral,neutral,0.9030786156654358,True,correct
"Ah, pillars of society. No wonder MLS is so highly regarded.",joy,joy,0.7868993282318115,True,correct
That escalated quickly,neutral,neutral,0.4842455983161926,True,correct
The leader of the revolutionaries would be exploiting the labor of the revolutionaries below him!,neutral,neutral,0.7321367859840393,True,correct
Is there a link for razz discord?,neutral,surprise,0.7360974550247192,False,neutral → surprise
For the record I don’t necessarily want him either. I just think he’s a compelling person.,anger,joy,0.8107510805130005,False,anger → joy
So ungrateful. I wouldn’t have even offered that bc ppl who try to argue with closing times are not people who settle.,anger,anger,0.9274150133132935,True,correct
Fackin foreigners trying to steal ar players! #WeAreAllTommyWright,neutral,anger,0.8832829594612122,False,neutral → anger
"You are stating your opinion as if it were fact. [NAME] has face tattoos and I think they are incredibly sexy, attractive and appealing.",neutral,joy,0.9665615558624268,False,neutral → joy
"What is the $250,000 figure based on?",surprise,surprise,0.7504620552062988,True,correct
They'd never give her a crown but it would be so good to see her back on my screen.,joy,joy,0.6571342349052429,True,correct
Care to explain?,neutral,surprise,0.867699384689331,False,neutral → surprise
"...be careful, guys",joy,joy,0.8934237957000732,True,correct
You’re a liar. 😂,anger,anger,0.956142246723175,True,correct
We will welcome you with open arms <3,joy,joy,0.847029983997345,True,correct
I tried to google up another but they were the only one reporting at the time.,neutral,neutral,0.5489442944526672,True,correct
[NAME] IS girl number 3,neutral,neutral,0.9123865365982056,True,correct
I have trophy jeans and a trophy bra! Although RIP my boobs because they were the one thing I liked about my body back then :),sadness,sadness,0.3701540231704712,True,correct
I think the biggest fucking thing is that apparently reaper has a goddamn family himself.,anger,anger,0.9633433818817139,True,correct
Don't do [NAME] dirty like this smh,anger,anger,0.8489571213722229,True,correct
> complains about fun > plays game mode with the most fun > loves it FTFY,love,love,0.8855799436569214,True,correct
Thats great... Here same with me,joy,joy,0.9921030402183533,True,correct
THATS WHAT SHE SAID...HAHAHAHAHAHAHA!,joy,joy,0.9613264799118042,True,correct
"Nihilism makes me happy, but I know that’s just my opinion.",joy,joy,0.9810252785682678,True,correct
Uffda. What a hero.,joy,joy,0.9650344252586365,True,correct
I got that reference,neutral,neutral,0.7330339550971985,True,correct
"[NAME], what? That's pretty hilarious and disgusting.",anger,joy,0.9250925779342651,False,anger → joy
Oh no [NAME] bb what is you doin?,neutral,surprise,0.8283320665359497,False,neutral → surprise
"I mean, this just looks more like a case of a guy being overrated coming out of high school.",neutral,anger,0.6648046970367432,False,neutral → anger
And it’s only 100 degrees with 90% humidity.,neutral,neutral,0.8298560976982117,True,correct
Actually that specific detail is one of the few you can actually use as Lucio. Because it has a horizontal aspect you can wall ride it.,neutral,neutral,0.7728798389434814,True,correct
"Yes, because I've always wanted a father figure who throws a tantrum every time he doesn't get his way.",joy,joy,0.7359617948532104,True,correct
"I don’t know ,I kinda find this funny",joy,joy,0.9860684871673584,True,correct
Yikes. Be careful out there.,joy,joy,0.8944007754325867,True,correct
Still helpful. Thank you!,joy,joy,0.9918667674064636,True,correct
I used to do shit like this...back when I had a serious drinking problem I was in denial about,anger,anger,0.7221276164054871,True,correct
Glad I took the 1st half spread,joy,joy,0.9756175875663757,True,correct
"Thank you for your message, I read it when I woke up and it helped. Thank you for showing kindness to a stranger",joy,joy,0.9907960891723633,True,correct
Both of you should!,neutral,neutral,0.6244889497756958,True,correct
And leave a beautiful corpse,neutral,joy,0.9344057440757751,False,neutral → joy
Fuck a newspaper,anger,anger,0.976235032081604,True,correct
Didn't realize I'm so famous!,joy,surprise,0.5959493517875671,False,joy → surprise
WHERE IS THE JOKE,anger,surprise,0.5721184611320496,False,anger → surprise
Doubters. I'm still waiting on a status report of the 2 fluffers from a few weeks ago. WOOF!,sadness,surprise,0.509145200252533,False,sadness → surprise
>Eat more salad Might I also suggest some vegetables too. You'll feel infinitely better,joy,joy,0.8213793635368347,True,correct
They always blab about IQ and other garbage but they have the intelligence of a bag of hammers.,anger,neutral,0.488895058631897,False,anger → neutral
Shoulda picked up [NAME] smh. Y’all had a golden opportunity to pick up the god himself as a sub.,neutral,neutral,0.6691960096359253,True,correct
I've invested 9 goddamn years watching these twits. I'm going down with the ship.,anger,anger,0.6640099287033081,True,correct
"Found the militant long time Southwest employee? ...and if not, I am constantly amazed at what random people will get mad about these days.",surprise,surprise,0.9483788013458252,True,correct
It's actually somewhat maddening to me that there are people who watch his video and actually think he is doing a public service. Yikes..,anger,anger,0.467900812625885,True,correct
"I do not disagree with any of this. Good take, sir.",joy,joy,0.7758929133415222,True,correct
Flair checking in! I love it when they don't change the template messages!,love,love,0.989422619342804,True,correct
I’ve never heard of a vet adopting out pets before.,surprise,surprise,0.6980955600738525,True,correct
Miami - Dade,neutral,neutral,0.947282612323761,True,correct
I don't like football but the 10 minutes of actual football has been pretty entertaining so far,joy,joy,0.7326058745384216,True,correct
"Sadly, it ran. :( I hope you're enjoying your trip overseas! :D",sadness,sadness,0.6945931315422058,True,correct
59 days until opening day!!!!!,neutral,neutral,0.7814791798591614,True,correct
"Totally agree, except I usually (this occasion included) lack the pity haha.",joy,joy,0.9709785580635071,True,correct
Still is glitched to this day.... sad,sadness,sadness,0.9910446405410767,True,correct
POINTER!!!!!! YOU DA REAL ALL STAR!!!,joy,joy,0.6901648640632629,True,correct
I just love that this is appropriate for football now/again. #FuckLA,love,love,0.9779746532440186,True,correct
Boner. I'd have the weirdest boner.,sadness,anger,0.7873289585113525,False,sadness → anger
It's also not worth the costs because most of the time people are being petty don't actually have a claim to make.,anger,anger,0.8931899666786194,True,correct
I enjoy gameplay grind. Don't shoot me lol.,joy,joy,0.9825316667556763,True,correct
"I was not expecting the giant ""POLICE STATION"" sign. That just makes it all the better.",neutral,joy,0.6786800622940063,False,neutral → joy
"What was the ""injustice?"" Nothing happened to him. Assuming his story was not hugely exaggerated to fit the victim card.",anger,surprise,0.877254843711853,False,anger → surprise
"Maybe so , i just dont know about him, team has enough turmoil they just dont need any more distractions",fear,fear,0.8690475821495056,True,correct
That is insanity,anger,anger,0.8047490119934082,True,correct
#29 GINNNO ODJICK,neutral,neutral,0.9416253566741943,True,correct
I wanna put baby shoes on my giant adult feet and baby stomp all over a cheesebreather's fucking toes,joy,anger,0.9484766125679016,False,joy → anger
they will also hate the eagles for years to come because their fans were a bunch of meanies,anger,anger,0.8115292191505432,True,correct
Y'all i have option one. Lemme tell you. Sex is important. I miss it,neutral,sadness,0.9162823557853699,False,neutral → sadness
"Other form of distractions such as shopping, reading, media, being here and also being surrounded by people I find attractive :-/",neutral,love,0.4190727770328522,False,neutral → love
You have an amazing instinct to protect him. It’s beautiful,joy,joy,0.9887816309928894,True,correct
Tu eres very nice man,joy,joy,0.9599452018737793,True,correct
But you appear to think you have some amazing insights on how to handle a pwBPD. Have you considered the possibility that you don't?,joy,surprise,0.6650741696357727,False,joy → surprise
Keep going! Every day you stick with it is another victory you can cherish!,joy,joy,0.9260535836219788,True,correct
No no. totally justified,joy,anger,0.7092195749282837,False,joy → anger
"What happened? Did something set you off? THough sometimes we can have good days and bad days, don't let it offset the progress you've made",surprise,surprise,0.760399580001831,True,correct
Well ya ideally should be cleaning piercings with sterile saline anyway sooo.,neutral,joy,0.5950719118118286,False,neutral → joy
Thank you so much. That means a lot. ❤,joy,joy,0.9898339509963989,True,correct
"[NAME], this is your MLA, right? Dude *does* seem like a plug.",neutral,surprise,0.49880486726760864,False,neutral → surprise
"lmaooo you're right I did mean [NAME] by that haha ""she"" lol",joy,joy,0.9809670448303223,True,correct
But sweat pea it’s a MAN wearing makeup! My gay bestie BABES 🍭🍆🧖‍♂️,neutral,neutral,0.8120067715644836,True,correct
"When you decide to root against your favorite team, for a better future “The hardest choices require the strongest will”",joy,neutral,0.6016883850097656,False,joy → neutral
"Wow. These people really deserve some *clove*, especially on subshops.",joy,joy,0.7127075791358948,True,correct
"He is a right click bot now lol, but seriously you do the same but with worse mobility.",joy,joy,0.9279724359512329,True,correct
Cant wait to draft my man early to mid second round next year. If I'm drafting late first I might really go wr/wr,neutral,neutral,0.5817457437515259,True,correct
"See, guys??? It’s happening!!!!",neutral,surprise,0.5699484348297119,False,neutral → surprise
"> If it concerns you a lot, after 3 times you can actually just register another card. Good idea.",joy,joy,0.9467714428901672,True,correct
Yeah he's a cunt but that doesn't mean he should be prosecuted for a joke. No matter how bad taste it was.,anger,anger,0.9544451832771301,True,correct
"Lord [NAME] called, he wants his style back",joy,neutral,0.8420818448066711,False,joy → neutral
"YES CIZ so glad I saw this here, really well done, there is no end to your creativity.",joy,joy,0.9883604049682617,True,correct
To much of a good thing is a bad thing,joy,anger,0.627910315990448,False,joy → anger
(i'm tickled to see the tag Kalamity catching on around here),neutral,joy,0.6306746006011963,False,neutral → joy
"Oh no! No, there was nothing wrong in your comment. I appreciate you taking the time!",joy,joy,0.9459604620933533,True,correct
You’re so perfect :),joy,joy,0.9849460124969482,True,correct
Situation in chess where it is better not to move or you will end up in a worse position is called Zugzwang.,neutral,neutral,0.560859203338623,True,correct
Welcome to Reddit!,joy,joy,0.8989073634147644,True,correct
RIGHT?! My mom would literally never forgive the bitch 😂,joy,anger,0.9378069043159485,False,joy → anger
I know they don’t want it. I just wish they did.,joy,joy,0.8311898112297058,True,correct
Oh sure. I bet [NAME] is sick. Sick of Skyward Sword.,sadness,sadness,0.6667759418487549,True,correct
okay but where to find bara that isnt fetish/sex stuff and is more wholesome and romantic?,neutral,surprise,0.45632022619247437,False,neutral → surprise
Oh wow. You really know your stuff. Luckily I don't have diabetes yet so that's something,joy,joy,0.931873619556427,True,correct
Is it weird if I said I forgot how brutal things could get? Like what happened to [NAME] oh my-I was appalled.,anger,surprise,0.5050541162490845,False,anger → surprise
"Bro, he left his team in the middle of the game... idc what argument you have with [NAME] you still left your team.",anger,fear,0.6008599400520325,False,anger → fear
That partially explains why season 4 was such a fucking mess,sadness,anger,0.9549880027770996,False,sadness → anger
"Edward Lear, lovely chap.",joy,love,0.615043044090271,False,joy → love
"If he moved on, it’s time you do too. Plain and simple... your 15 years old... lots of time to find someone new.",neutral,neutral,0.7608616948127747,True,correct
Viral marketing for [NAME] new tour?,neutral,surprise,0.6033424735069275,False,neutral → surprise
It was a beautiful week,joy,joy,0.9850988388061523,True,correct
"Correct. I still play NHL Faceoff 98 and I always turn that rule off, because it's terrible.",joy,joy,0.7279765605926514,True,correct
You are a great grandmother.,joy,joy,0.975109875202179,True,correct
A blanket. My friend crocheted me a blanket a few years ago and I use it every day. Love this thing!,love,love,0.9878491163253784,True,correct
[NAME] loves rui too afterall,neutral,love,0.9497030973434448,False,neutral → love
"Yeah, he does. Just because he draws different conclusions than you doesn't mean he isn't reading [NAME]. Get out of your little bubble.",anger,anger,0.6393092274665833,True,correct
That’s awesome! Heal up quickly,joy,joy,0.9911076426506042,True,correct
Politicians be like yo we cant raise minimum wage because then companies will just replace all their workers with robots...,neutral,anger,0.7164871096611023,False,neutral → anger
I don’t understand how her parents were able to take kid when she claims they are horrible alcoholics,fear,fear,0.9358391165733337,True,correct
"Irrelevant, actually You're both talking about different things",anger,anger,0.9534018039703369,True,correct
This comes to mind.,neutral,neutral,0.8641646504402161,True,correct
"Thanks, it’s funny how to me this seemed a leap but not one person agrees, lol",joy,joy,0.9880145192146301,True,correct
Yea I would've lost it there,joy,sadness,0.947725236415863,False,joy → sadness
“Those floors with *that* paneling? Ugh! Disgusting!”,anger,anger,0.9330132007598877,True,correct
[NAME] deserves better,joy,joy,0.6406214237213135,True,correct
You sound like you're going to be a great PA! Good luck in your new career.,joy,joy,0.9904906749725342,True,correct
It was at that moment she decided to go back to college.,neutral,neutral,0.7361069917678833,True,correct
Like this game from a week ago? 26 points 14,joy,surprise,0.720380425453186,False,joy → surprise
I wanna know about the sky being LCD! You ever hear the one about the [NAME] faking the return of [NAME]?,neutral,surprise,0.9703204035758972,False,neutral → surprise
">They played three games in a week three separate times. [NAME], that's absolutely brutal",surprise,anger,0.746555507183075,False,surprise → anger
oh man. it took me so long to figure out what you are saying. its literally [NAME],fear,surprise,0.8900635838508606,False,fear → surprise
Yeah their passes are crazy.,joy,joy,0.841116189956665,True,correct
Thought he dislocated his shoulder at first,neutral,fear,0.5071095824241638,False,neutral → fear
I’d like to know too. How lucky am I that my first ever relationship was with a pwBPD. sigh,neutral,surprise,0.7254002690315247,False,neutral → surprise
"For I second I thought he was a sophomore learning to drive based on that figure, baby face from a distance and choice of clothing",joy,neutral,0.7810333967208862,False,joy → neutral
"Personally, I prefer my seafood not tainted by oil spills. But you do you!",joy,joy,0.6275532841682434,True,correct
Please do. lol,joy,joy,0.9786810278892517,True,correct
OMG [NAME]!,joy,surprise,0.9549122452735901,False,joy → surprise
She’s clearly hanging at least part way into the space. She’s so dumb,anger,anger,0.9411994814872742,True,correct
"Grew up watching avatar and [NAME] is one of my favorite video game protagonists, especially when RDR2 came out.",love,love,0.9381205439567566,True,correct
I’m in Florence right now on a holiday and my [NAME] does it make me want to replay that game,joy,joy,0.7857797145843506,True,correct
They'll just confiscate it here. I remember I had a pocket knife in my bag that I forgot about. They just took it away.,neutral,neutral,0.6984875798225403,True,correct
When you open Boost for Reddit in dark mode and you're greeted with this post,neutral,neutral,0.9150680303573608,True,correct
Fuck so obvious,anger,anger,0.9369330406188965,True,correct
So you then took that lie and began aggressively cheating on him? Your post history. Wow.,anger,surprise,0.8737891912460327,False,anger → surprise
"Really visually haunting though. For me, it makes me think of strange alternate futures and dystopian sci-fi worlds.",fear,fear,0.9545369148254395,True,correct
It's probably easier when they're stuck on an island,joy,neutral,0.6045587658882141,False,joy → neutral
good luck with your baby! i hope everything goes well for you and your SO lol,joy,joy,0.9903072118759155,True,correct
"Aaaand I'm still here. I don't have a alt account but whoever you reported I""m sure is alive and well. You're terrible.",fear,fear,0.8960443735122681,True,correct
Is that what happens is [NAME] route? I chose [NAME] and he only does once.,surprise,surprise,0.5972835421562195,True,correct
Idaho lot rather we stop with these amas.,neutral,neutral,0.9354884028434753,True,correct
"I think that’s beautiful, and it looks so easy for whoever has to clean it, no fiddly bits.",joy,joy,0.9870924949645996,True,correct
[NAME] is my life!,neutral,neutral,0.6993390321731567,True,correct
Can't stand having sex with you...?? Just horrible thing to say... You deserve better!!!,sadness,anger,0.7408740520477295,False,sadness → anger
It's fishphobic!,neutral,anger,0.865105152130127,False,neutral → anger
Glossing over [NAME] doesn't do justice to how crippled my team was after picking him,anger,sadness,0.9188528060913086,False,anger → sadness
Vote every one of them out that was quoted as being upset about the wire and not the corruption.,anger,anger,0.7497501969337463,True,correct
"The lead designer, not the producer :)",neutral,neutral,0.7047390937805176,True,correct
"Sorry, but anarcho-anything are bot welcome there",sadness,sadness,0.8976101279258728,True,correct
"Where did he say he's superior to [NAME], anyway?",fear,surprise,0.4461984634399414,False,fear → surprise
"Same reason the KKK, a radical [RELIGION] group, burns crosses.",neutral,neutral,0.8008077144622803,True,correct
i never thought i would read the phrase 600 lb cinematic universe but i am glad i did,joy,joy,0.9427255988121033,True,correct
I mean I would be a [NAME] and I’m pretty reasonable.,joy,joy,0.8602859377861023,True,correct
Probably yes. Impossible to say without details. Has he tried giving the bill to his insurance?,surprise,surprise,0.6182955503463745,True,correct
Im so sad how that movie turned out. We could have achived something good,sadness,sadness,0.9895045757293701,True,correct
"Well, only the fringe dissipates into the ether.",neutral,neutral,0.92743319272995,True,correct
"Ty! I was going crazy tryin it, canging things... i'l wait then :-)",joy,joy,0.7181680798530579,True,correct
Try really warm water instead. It's awesome.,joy,joy,0.9854623079299927,True,correct
"I now live in the Mediterranean, which is nice.",joy,joy,0.9599739909172058,True,correct
What’s with the video being off?,neutral,surprise,0.7157726287841797,False,neutral → surprise
Thank you for the support!,joy,joy,0.991884708404541,True,correct
ok now you are being adorable on purpose i see what youre doing,neutral,joy,0.8310188055038452,False,neutral → joy
I worked at a hospital in northern NJ and float pool was only $4 extra,neutral,neutral,0.6719373464584351,True,correct
"lol Whatever that proves, sure.",joy,joy,0.9727662801742554,True,correct
Wrong. Im a [NAME].,neutral,anger,0.6355721354484558,False,neutral → anger
My condolences.,sadness,sadness,0.9887682795524597,True,correct
I beat my dad,anger,joy,0.4447430968284607,False,anger → joy
This hits a little too close to home,neutral,neutral,0.7488307952880859,True,correct
"Red, Green, Blue. It's like a Christmas tree Edit: lol",joy,joy,0.9317370057106018,True,correct
Has any news been confirmed of whose playing [NAME]. I hope we see him soon to grasp how charasmatic he can be,joy,joy,0.8508440852165222,True,correct
We should strip [NAME] of his Stoney badge for being so soft.,neutral,neutral,0.5485318899154663,True,correct
"yeah I figured, that's actually incredibly annoying. that only flies because they don't care about bf4 anymore? time to start favoriting servers I guess",anger,anger,0.9652418494224548,True,correct
I am still missing money from a August 2018 withdrawal with no update and no success. Quadriga - give me back my money!,anger,sadness,0.9441882967948914,False,anger → sadness
"Aww!! Thank you! I had fun making it, I also ADORE [NAME] 😍",joy,joy,0.9924532771110535,True,correct
Except forming an opinion of a topic without even having basic knowledge of said topic makes you sound pretty arrogant and entirely undercuts your opinion.,anger,anger,0.8405569791793823,True,correct
Sorry I'm a reddit noob but why do I get notifications of comments on my thread but then they disappear and I can't read them? Lol,joy,joy,0.5132296085357666,True,correct
Wonder how he feels about [NAME] now,surprise,surprise,0.9755708575248718,True,correct
Triple single son,neutral,neutral,0.9051908254623413,True,correct
Folks are complaining about the new buses.,neutral,anger,0.8930949568748474,False,neutral → anger
[NAME] boxing gym in Ross is super inviting to everyone! It's a legit boxing club that is also friendly to folks just looking for a workout.,joy,joy,0.8706499934196472,True,correct
What made you so interested in great whites?,surprise,surprise,0.9384508728981018,True,correct
There are far more bad ones than good ones. Stepparents that treat their stepchildren as their own are noteworthy for a reason.,neutral,neutral,0.5776124000549316,True,correct
"""By far one of the best"" Mmmm",joy,joy,0.9379118084907532,True,correct
Also part of the idea is that it’s nothing special. It’s just our flag. You don’t have to order something different.,neutral,neutral,0.6290936470031738,True,correct
It's perfectly fine,joy,joy,0.8979175686836243,True,correct
Glad I'm not the only one,joy,joy,0.9698810577392578,True,correct
Dude the speed which the cop came running is amazing,joy,joy,0.9806447625160217,True,correct
It's realistically his last chance to get a big payday.,neutral,neutral,0.5738940834999084,True,correct
"Watching a friend go through her wedding made me decide to marry at city hall. I wanted a marriage, but not a wedding.",joy,neutral,0.44850990176200867,False,joy → neutral
Worried me there,fear,sadness,0.981635332107544,False,fear → sadness
"Bzzzzt, try again",neutral,neutral,0.72613525390625,True,correct
"I own literally no red shirts, would grey, tan, or purplish be okay?",neutral,fear,0.49606946110725403,False,neutral → fear
That's a really cheap cop-out for rather common criticism of those games.,anger,anger,0.7270112633705139,True,correct
So can we all collectively accept that [NAME] has a high placement for this week? Okay thank you,joy,joy,0.49500253796577454,True,correct
"So America and the USSR are the exact same thing to you? Sorry you're so small minded, hope you learn to grow in the future.",joy,surprise,0.5198222994804382,False,joy → surprise
It’s not even news.,anger,anger,0.7606011629104614,True,correct
Refusing to pay someone for work that they've done is theft. You can try to justify it any way you want but that's what it is.,anger,anger,0.6499077677726746,True,correct
I've just listened to it on my way from school today! [NAME] anatomy introduced some beautiful music.,joy,joy,0.9066469669342041,True,correct
This is my ex and I rib about this all the time,neutral,neutral,0.8256784081459045,True,correct
Great pick! Especially when I realized she was meant to lose yesterday...good luck!,joy,joy,0.9842537641525269,True,correct
"As long as you don't kiss her whole face you will be fine. If you both want it, it shouldn't be awkward.",neutral,joy,0.6950154304504395,False,neutral → joy
Hahahah this is awesome.,joy,joy,0.9907714128494263,True,correct
"Fake news! but really, that's awesome to have a parent that actually understands how to teach their child accountability.",joy,joy,0.9622458219528198,True,correct
The music caught me off guard,surprise,surprise,0.8055594563484192,True,correct
i passed thanks everyone,joy,joy,0.9903171062469482,True,correct
"I gotchu bro, house By Gucci Mane I’m a huge Gucci mane fan.",joy,love,0.6699321866035461,False,joy → love
The description of the cut marks that KZ gave in MaM sounds as if a sawz-all was used.,neutral,neutral,0.8792856335639954,True,correct
Absolutely glorious morning. There is no better weather.,joy,joy,0.9751680493354797,True,correct
I'm not seeing eye patch guy,fear,neutral,0.6104997396469116,False,fear → neutral
"I recently came upon the term ""that slaps"" in reference to delicious food, or simply an enjoyable experience.",neutral,joy,0.775661051273346,False,neutral → joy
Help me [NAME] I'm bully in high school for no reason.,fear,sadness,0.9372625946998596,False,fear → sadness
Rose coloured glasses get rosier as time goes by :) You'll move on eventually. Treasure the memory but be present in your current and future relationships.,joy,joy,0.641864538192749,True,correct
that was so sad :(,sadness,sadness,0.9913357496261597,True,correct
Reminds me of [NAME] in IASIP,joy,neutral,0.8291398882865906,False,joy → neutral
Fair enough. I considered it malicious compliance because I followed the letter if the rules while purposely not following the spirit.,neutral,joy,0.6596511602401733,False,neutral → joy
people have built such a stigma around it that it's what comes to mind first instead of positive thoughts.,neutral,anger,0.4561467468738556,False,neutral → anger
I thought that type of camouflage failed horribly because the high contrast and defined shapes made the ships really stand out.,fear,anger,0.5795261263847351,False,fear → anger
I'd say Rick and Morty fans. I'm a fan of both but I feel that Rick and Morty fans take everything way more seriously.,neutral,joy,0.6198689937591553,False,neutral → joy
"Honestly the rarity is fine, I find it once every 25 games but the health needs work.",joy,joy,0.9107425212860107,True,correct
Seems like cutting out the middleman. They already know they are fat so no need to go to the doctor,neutral,neutral,0.7518225908279419,True,correct
Oh my. Bless this dog. He is a big boy. I love him so much. Tell him I love him.,love,love,0.9383136034011841,True,correct
I thought there's a top 5 and they filmed each elimination? What makes you say [NAME] isn't there (though I'd love [NAME] to be),surprise,love,0.6029872298240662,False,surprise → love
Best thing about making moonshine is the ether vapors you get to collect :),neutral,joy,0.9178063869476318,False,neutral → joy
I came.,neutral,neutral,0.8518555760383606,True,correct
Look like when i wake up in the same bed with my uncle,neutral,neutral,0.6086112260818481,True,correct
And AI will somehow be magically more disruptive than the industrial revolution. Because... reasons.,neutral,neutral,0.6779823899269104,True,correct
Something is eating this poor redditor and I don’t think it’s the injustice of society at large to accept face tattoos.,anger,sadness,0.6029417514801025,False,anger → sadness
Have you ever consider knocking three times and that hide and seek/stalker vibe is terrifying. It's the most disturbing thing I can link you my AR 15.,anger,fear,0.9835236668586731,False,anger → fear
> we can't john beard that big,anger,anger,0.5754696726799011,True,correct
I'm literally screaming.,sadness,fear,0.9219789505004883,False,sadness → fear
Weird as I do know I've seen CoC waste/recycling services trucks picking up bins as early as 6:30AM.,anger,neutral,0.5504323244094849,False,anger → neutral
[NAME] scratched again lmao. Lines are good though. Pretty optimal considering what we have imo. I like [NAME] playing with [NAME],joy,joy,0.9127326607704163,True,correct
"Super [NAME] with a hat, or providing a buffed hat sounds really funny, if incredibly useless.",joy,joy,0.9625508189201355,True,correct
Yeah you better hope. I just switched to combat pro from standard and I gotta say my builds are 🗿,joy,joy,0.8205146789550781,True,correct
What exactly is insane about this,surprise,surprise,0.9063107967376709,True,correct
Analytics and instagram... are you joking?,fear,surprise,0.7945972084999084,False,fear → surprise
Ah to be a young teen again,joy,joy,0.49230337142944336,True,correct
This is the first time in the last two years I've seen somebody compare current politics to a series other than Harry Potter,neutral,surprise,0.6707475185394287,False,neutral → surprise
No you are providing more than enough evidence. Post histories do exist. Now fuck off.,anger,anger,0.945557177066803,True,correct
> he might not have seen the truth by the time he had posted the video That's kinda the *whole fucking problem.* Fake Motherfucking News,anger,anger,0.9503493309020996,True,correct
What the hell kind of university schedules a class at 6am?,anger,anger,0.9570675492286682,True,correct
OMG... Dad!,surprise,surprise,0.9513317942619324,True,correct
That's exactly what I thought too!!!!,joy,joy,0.8231574892997742,True,correct
Wise choice. You had kebab.,joy,joy,0.9195923805236816,True,correct
[NAME] and [NAME]? High five on the cheers tho,surprise,neutral,0.4629839360713959,False,surprise → neutral
Listen to only [RELIGION] music.,neutral,neutral,0.8734345436096191,True,correct
Saw this on r/teenagers first haha,joy,joy,0.9340487718582153,True,correct
"I guess some people just hate fun, lol",anger,joy,0.8727139234542847,False,anger → joy
Can’t even tell what’s happening here. This isn’t cringe.,fear,fear,0.9420692920684814,True,correct
Post the shaved [NAME] bro! #1 guard all over!,neutral,neutral,0.7498143911361694,True,correct
For both of us to be done school. To be in a secure spot financially.,neutral,joy,0.5979346632957458,False,neutral → joy
I'm just too lazy to count a subreddit for 20 characters every time I see one,neutral,anger,0.6026720404624939,False,neutral → anger
"True, but it is deceptive when dealing with c diff, it may give them a false sense of security.",joy,joy,0.40860700607299805,True,correct
Yeah thats exactly what I said. Im too weak to do it.,joy,joy,0.4232930839061737,True,correct
"Probably not, and I'm fine with that. Not exactly the position nor type of person a rebuilding team needs.",fear,anger,0.551050066947937,False,fear → anger
Shut up and dance,neutral,anger,0.9519747495651245,False,neutral → anger
Lmao servers in America make like $2 an hour with no tips.,joy,joy,0.713628351688385,True,correct
That sounds really cool! I'll be there,joy,joy,0.9882164597511292,True,correct
"I was a [NAME] fan for a good bit, so that swayed me a little towards his teams",neutral,neutral,0.5836386680603027,True,correct
Maybe when they get away from David cage finally the plots won't be so Melodramatic and on the nose.,neutral,neutral,0.5089229345321655,True,correct
Just keep going and don't lose hope. Stuff like this can happen all the time to anybody. It's just bad luck,sadness,sadness,0.47225144505500793,True,correct
"Oh, I see what you did... Trying to confuse me.",fear,fear,0.9847790598869324,True,correct
"Yep. I did this in uni, got mad respect for holding my ""booze"".",joy,joy,0.6886789202690125,True,correct
"You can't see me, Vern.",neutral,neutral,0.7470325231552124,True,correct
You're an idiot and no one believes you and your telegram jerk-off buddies.,anger,anger,0.9662473797798157,True,correct
This is good. Thank you!,joy,joy,0.9921791553497314,True,correct
Anyone else think [NAME] talks too much in this and drowns destiny and hbomb out My man be talkin,anger,neutral,0.5205604434013367,False,anger → neutral
Be single for a while and get your mind right before being with either of them or anybody else.,neutral,neutral,0.5701172947883606,True,correct
Chat Room or Messages??,neutral,fear,0.6274135112762451,False,neutral → fear
Man you take your sims really seriously.,anger,neutral,0.36146092414855957,False,anger → neutral
You’re doing so good! We’re all so proud!,joy,joy,0.9906224608421326,True,correct
"Oh, what a tangled web we weave When first we practise to deceive!",joy,neutral,0.5035372376441956,False,joy → neutral
The only one I'd recomend is [NAME] to be honest,neutral,neutral,0.5886647701263428,True,correct
What kind of behaviour is considered unattractive? I'm pretty clueless when it comes to dating.,fear,fear,0.9822180867195129,True,correct
You can make a complaint and get damages if this happens. They are required to not pester you for two years if you fill it in online.,neutral,neutral,0.6690435409545898,True,correct
I thought my [RELIGION] boarding school was weird but now it seems pretty tame and mild in comparison.,joy,joy,0.37346771359443665,True,correct
My bio is pretty funny... I got ‘If you’re a Catfish then you’ll be charged a call out fee of £120.49’,joy,joy,0.9635562300682068,True,correct
Damn [NAME] is KILLING it,anger,anger,0.967482328414917,True,correct
"Memes that were made 2 or more years ago don’t count. They were probably funny back then, just not now.",joy,joy,0.5375384092330933,True,correct
Thank you for sharing this with us,joy,joy,0.9909212589263916,True,correct
Oh. I have anxiety for her and this conversation.,surprise,fear,0.9902474284172058,False,surprise → fear
"Also, [NAME] has reached the ""retweet fans pressuring him to run"" stage of unofficially running.",neutral,neutral,0.8989420533180237,True,correct
Hoping LSU can kill 2 minutes and 20 seconds of clock here and not let UCF score more...,joy,joy,0.9042537212371826,True,correct
One more thing don't try to like eavesdrop or anything just kinda bring it up organically,neutral,anger,0.6509188413619995,False,neutral → anger
Well it obviously helps you rationalize your total unwillingness to take action to make the world a better place. I hope that you grow past that.,joy,joy,0.9445039629936218,True,correct
I recently got a job that I wanted so now I don't have to live paycheck to paycheck.,joy,joy,0.9235821962356567,True,correct
Thanks [NAME] for winning so we don't have to see so much of [NAME] laughable career dwindling away.,joy,joy,0.9587117433547974,True,correct
Sadly no... I’m in Delaware 😩. But I’d love to help in any way I can. Keep me posted.,love,love,0.6342311501502991,True,correct
Watch it! He has the diabeetus.,neutral,neutral,0.703040599822998,True,correct
Holy fuck. Best idea ever. Thank you.,joy,joy,0.9810887575149536,True,correct
That facial hair....guy just finished playing red dead redemption 2 probably,neutral,neutral,0.8907129168510437,True,correct
good news is his fall was cushioned by [NAME] soft hairy body,neutral,joy,0.9017467498779297,False,neutral → joy
Sadly there's a good chance that you still need a car anyway because that affordable neighborhood will involve a one hour commute.,sadness,sadness,0.9384188652038574,True,correct
"I would never have believed it. Having experienced it, it is true. Completely. Different. World.",joy,joy,0.5730131268501282,True,correct
Deep down you know pain is temporary and you'll do it all over again the next weekend,neutral,joy,0.6490190625190735,False,neutral → joy
No justice with a cop's bullet in your head,neutral,anger,0.48416176438331604,False,neutral → anger
You fool! Now look what you've unleashed!,anger,anger,0.9027408957481384,True,correct
[NAME] will have to redeem himself by getting a hatty. LGP!,neutral,neutral,0.7072872519493103,True,correct
Guice was a fuckin monster.,anger,anger,0.9581443071365356,True,correct
Just take them and get them vaccinated without his knowledge. Only one parent is needed. Dont even tell him after it's done.,joy,neutral,0.7428902387619019,False,joy → neutral
"Yeah, be sure to choose an option that won't be painful and has no chance of survival. And make it quick.",joy,joy,0.752899706363678,True,correct
This is really helpful to point out!!,joy,joy,0.9802876710891724,True,correct
"nah it takes it a lot more than one time, I reckon you'll be fine considering your aware of the risk",joy,joy,0.9159370064735413,True,correct
I'm in the UK dude. It's happening everywhere and most people are either busy hating or living in a bubble so are oblivious.,neutral,neutral,0.4901520311832428,True,correct
"I see you with Zangetsu, and I like it",joy,love,0.9719823598861694,False,joy → love
Because physical contact promotes bonding. Healthy relationships increase both partner's wellbeing. Routine can be frustrating. Especially when you want to try something new.,neutral,anger,0.7147018909454346,False,neutral → anger
"I think it's normal. Don't analyse how you look like and worry about it btw, those idiots sure don't when they say their bullshit",anger,anger,0.9063562154769897,True,correct
"welcome to a whole new world, my friend",neutral,joy,0.946503758430481,False,neutral → joy
If by probe you mean “ask questions” then it’s To fully understand what you’re trying to say — why else?,neutral,fear,0.48603999614715576,False,neutral → fear
Looks like backyard [NAME] and the gang have a new member... [NAME]!,joy,neutral,0.8479500412940979,False,joy → neutral
There is literally NO reason as to why the Japan ratings are necessary in this post. Zero.,neutral,anger,0.672937273979187,False,neutral → anger
Also N.e.r.d and [NAME] reference lmao,joy,joy,0.5783033967018127,True,correct
She has a good voice for a yoga teacher,joy,joy,0.9320510625839233,True,correct
"Lmao, this guy is a tool.",joy,joy,0.9215151071548462,True,correct
Sounds like a great chap,joy,joy,0.9876797199249268,True,correct
"[NAME] is 110% 24/7/365 all the time Swag, I just can't fathom.",neutral,neutral,0.40340203046798706,True,correct
"Unfortunately, successful and rich people blame foreigners too :(",sadness,sadness,0.9677109122276306,True,correct
Kid thinks he’s [NAME]! Mmm... Pound cake...,neutral,neutral,0.8761578798294067,True,correct
What happened in his personal life? I know he had a bunch of head injuries; is there more than that?,surprise,surprise,0.8874208927154541,True,correct
When you insult someone you might want to start by insulting them to where they can understand what you're trying to say...who givES A fuck .,anger,anger,0.9440721869468689,True,correct
[NAME] will be livid if he does not get a burger but see [NAME] stuffing his face.,neutral,anger,0.7938933372497559,False,neutral → anger
I'm surprised he survived the primary.,surprise,surprise,0.9869289398193359,True,correct
The altcoin thread!? This is the first time I've seen it in 6 months.,surprise,surprise,0.9441792964935303,True,correct
"Can we not say ""Team [NAME]"" or ""Team [NAME]"" etc. That's too close to us style politics for my likes...",surprise,neutral,0.5581879019737244,False,surprise → neutral
The cognitive dissonance is strong with you.,neutral,neutral,0.7453935742378235,True,correct
I find it unfortunate that you use gender-non-conformance as an insult.,sadness,sadness,0.568779706954956,True,correct
"The only ignorant person here is you, and the Pope who makes the same baseless claims as you.",anger,anger,0.8946571946144104,True,correct
It's the issue with a lot of 'activists' who think all's they have to do is exist.,neutral,anger,0.7077041268348694,False,neutral → anger
"Oh, I realized that moments after rolling down my window, when his hand came through the space.",joy,joy,0.8194870352745056,True,correct
[NAME] is a MOTHERFUCKER,anger,anger,0.9736148118972778,True,correct
Oh sweet I get [NAME] powers,neutral,joy,0.3719315528869629,False,neutral → joy
This response is highly unexpected yet logical. I’m fixin to chew on it for a spell.,surprise,surprise,0.9605530500411987,True,correct
hahah if only he had reddit,joy,joy,0.8991825580596924,True,correct
Not a fan of Hot Space. I like one song on there and that's Under Pressure.,love,love,0.7276950478553772,True,correct
I love it! It’s strangely charming lol!!! Especially when she comes back to camera speaking normally.,joy,love,0.5766197443008423,False,joy → love
Having a good list of alternatives would be something great we could produce,joy,joy,0.9804860353469849,True,correct
The must be on the prowl because I've been getting these calls a lot lately.,neutral,neutral,0.6746732592582703,True,correct
People are disgusting and insane.,anger,anger,0.9814783334732056,True,correct
Quite enjoying this tbh,joy,joy,0.9840114712715149,True,correct
UNLESS THEY ARE ABUSIVE OR IT'S AN LDR!,neutral,neutral,0.5727275013923645,True,correct
"0.1% is a 1 in a thousand chance there, dumbass.",anger,anger,0.8895647525787354,True,correct
Just a simple man trying to make his way in the galaxy,neutral,neutral,0.5789506435394287,True,correct
Damned asshole trouble maker!! Someone has mummy issues. 👀,anger,anger,0.977257251739502,True,correct
What reason do you have for not already having been prepared?,surprise,surprise,0.7665555477142334,True,correct
I am shocked they don’t have a vanity plate that reads “Beer Cheez”,surprise,surprise,0.9853848814964294,True,correct
"Gotta love how ""QUESTIONING"" is front and center in the list of things these warriors for [NAME] consider brainwashing.",love,love,0.9860280752182007,True,correct
Imma say this didn’t happen,neutral,anger,0.6480647921562195,False,neutral → anger
Soooo [NAME] is f**ked,anger,anger,0.9434245824813843,True,correct
Intp:(,neutral,neutral,0.9657037854194641,True,correct
Just report his comments let the mods take care of this misogynistic twit,neutral,anger,0.8792821168899536,False,neutral → anger
"[NAME] has had this problem forever. Hopefully she fixes it, because it gets old and is a relationship killer",joy,joy,0.5317367911338806,True,correct
They're a Queens family. [NAME] would be one of those dudes who sits outside of Bodegas and bothers high school girls when they walk by.,neutral,neutral,0.5950900912284851,True,correct
What a brave man.,joy,joy,0.9839293956756592,True,correct
"he's clearly not equipped to argue, i can't decide if he's a dumbass teenager or a dumbass boomer.",anger,fear,0.9115085601806641,False,anger → fear
"Wouldn’t doubt its for good reasons, just didn’t understand what the were.",neutral,fear,0.8574445247650146,False,neutral → fear
Mirror,neutral,neutral,0.9170913696289062,True,correct
Never heard of anything other than brain freeze. Are the cheese heads moving south?,neutral,surprise,0.7377570271492004,False,neutral → surprise
"...Nobody ever remembers [NAME]. If you could see those others, you certainly could see [NAME], which is the second biggest of the lot.",joy,neutral,0.9151145219802856,False,joy → neutral
"That’s a pretty high amount to pay per week over here, don’t know about the us though.",joy,joy,0.4477936029434204,True,correct
Oh well maybe your cousin gave his account info to someone lol.,joy,joy,0.9408431053161621,True,correct
"My thoughts exactly, I hope [NAME] doesn't get too much hate.",joy,joy,0.740405261516571,True,correct
Good luck! Let ~~me~~us know how it goes!,joy,joy,0.978078305721283,True,correct
"Yep, she's completely isolated. Part of the abuse.",neutral,sadness,0.6349756121635437,False,neutral → sadness
"And then if you don't go out and actually sin, you've done nothing wrong.",neutral,neutral,0.5361875295639038,True,correct
What a deliciously glorious rant. I suspect he is not alone in his opinions.,joy,joy,0.9300318360328674,True,correct
Try your luck with ranked. it you stick it out enough you'll get high enough to play with good players,joy,joy,0.8183855414390564,True,correct
No I am still friends with the person I value his friendship he can just be...judgy?,joy,joy,0.5687479376792908,True,correct
[NAME] is soft as hell boi got bullied in Minnesota,neutral,sadness,0.7310181260108948,False,neutral → sadness
Wonder what [NAME] [NAME] thinks about all this,surprise,surprise,0.9664689302444458,True,correct
I havent done a full rewatch since the finale. I think I might be ready,joy,joy,0.449229896068573,True,correct
FUCKING RIGHT COLIN WHITE AND OF COURSE MARK STONE,joy,anger,0.957606852054596,False,joy → anger
Hands to the back,neutral,neutral,0.9233961701393127,True,correct
"hard working, alpha male, jackhammer, merciless, insatiable",neutral,neutral,0.4299577474594116,True,correct
"Laughing at ""indoctrinated by traditional values"". Good luck in life.",anger,joy,0.978042483329773,False,anger → joy
I’ve massively improved but it never really gets cured. There are always situations that will give you anxiety.,fear,fear,0.9276788830757141,True,correct
In Rainbow is super amazing album as well.,joy,joy,0.9899052977561951,True,correct
"[NAME] sub, dolphins sub, and [NAME] subs are having a field day right now lol same old jets",neutral,joy,0.8878382444381714,False,neutral → joy
Your heart stopping is technically a natural cause.,joy,neutral,0.49364742636680603,False,joy → neutral
"How about texts between them? ""On my way home."" ""Ok, see you soon.""",surprise,surprise,0.6331793665885925,True,correct
I'm not too excited to see [NAME] and [NAME] throwback offense again. Run 3 times punt and play great defense. Zzzzzz.,joy,joy,0.9589270949363708,True,correct
Is this a real thing? I'm a terrible stoner.,fear,fear,0.7555373311042786,True,correct
Probably also saves money. An extra 3 napkins you dont use each time multiplied by thousands of people per day adds up quick,neutral,neutral,0.4848446846008301,True,correct
Idk why you’re getting down voted I also pick it every time and almost always get it done on that initial skirmish,neutral,fear,0.9263085722923279,False,neutral → fear
Congrats! How long was the journey? Did you stick with [NAME] the entire time?,joy,surprise,0.6807692050933838,False,joy → surprise
[NAME]? never met one those.,neutral,surprise,0.7539656162261963,False,neutral → surprise
>Pri*toiletries*,neutral,neutral,0.9600797891616821,True,correct
Is [NAME] okay?,neutral,surprise,0.699922502040863,False,neutral → surprise
Not when you compare it to CW though.,neutral,anger,0.5280848741531372,False,neutral → anger
My dad wears that sweater every game day! It’s in much worse condition however,anger,sadness,0.9324392676353455,False,anger → sadness
I like the way you think!,joy,love,0.9008987545967102,False,joy → love
"Oh. So you are actually full of shit. Okay, noted. Thanks.",joy,joy,0.791115403175354,True,correct
Why cinnamon powder instead of bark?,fear,fear,0.6736723184585571,True,correct
Why? I don’t think I’ve ever seen someone not like [NAME] irl or here. Witten I can see though.,fear,surprise,0.5941733717918396,False,fear → surprise
You could always try the too faced born this way foundation. It has 40 shades now and it’s hydrating.,neutral,joy,0.682393491268158,False,neutral → joy
fat people want to be oppressed so badly. I guess it's because they need an excuse to emotionally eat.,neutral,fear,0.3735639452934265,False,neutral → fear
[NAME] and [NAME]. [NAME] podcast is great.,joy,joy,0.9633362889289856,True,correct
"No one ever laid on their death bed and said, “I regret not working even harder.”",sadness,sadness,0.9827216267585754,True,correct
Is this about [NAME]?,surprise,surprise,0.621262788772583,True,correct
Also since so many are forgoing children or having fewer the is less needed to purchase very large homes.,joy,neutral,0.7937224507331848,False,joy → neutral
Thanks for understanding,joy,joy,0.9910396933555603,True,correct
BCH has mostly stopped doing this too. No one who matters fell for it.,neutral,neutral,0.45504137873649597,True,correct
"Funny thing is, I got mine today. Maybe it'll stop tonight?",joy,joy,0.789874792098999,True,correct
"They have a huge problem with rich freaks diddling kids, that's pretty libertarian.",anger,joy,0.4976072311401367,False,anger → joy
here's a nice little introduction video for,neutral,joy,0.605191707611084,False,neutral → joy
that’s awful🤣🤣,anger,anger,0.9735212922096252,True,correct
"People have gotten triggered on this sub the past month if you didn't call [NAME] a [NAME], so I think we can handle it.",joy,joy,0.7133692502975464,True,correct
And motherf'ing crack!,neutral,anger,0.9756948947906494,False,neutral → anger
Stop being disgusting. I dont know if you know this but all dogs are naked.,anger,anger,0.9739689826965332,True,correct
Have you guys played Vancouver recently or has [NAME] found someone else to cut his hair?,surprise,surprise,0.831057071685791,True,correct
Also pretty fantastic in Good Girls Revolt,joy,joy,0.9866726398468018,True,correct
Ok I love [NAME] for making [NAME] fist bump 3 times. He was so awkward with that haha.,joy,love,0.660798192024231,False,joy → love
$20 too much,anger,neutral,0.875619649887085,False,anger → neutral
Goddamn. I'd tap the fuck out if I was that other guy.,anger,anger,0.9729692339897156,True,correct
Thanks for this video. It was just what I needed,joy,joy,0.9912135004997253,True,correct
**LET’S GO HAWKS!!!**,joy,neutral,0.7514793276786804,False,joy → neutral
It's honestly the best news I've heard all season.,joy,joy,0.9894318580627441,True,correct
I can't imagine buds being very hard to find in Hawaii,surprise,sadness,0.3198535442352295,False,surprise → sadness
Hopefully he gets traded,joy,joy,0.9368579387664795,True,correct
I already told him off and typing the number into Facebook came back with a whole bunch of nothing.,neutral,anger,0.8150752782821655,False,neutral → anger
Excuse me?,neutral,fear,0.3410036563873291,False,neutral → fear
"I don't think you can really go wrong with any of them, but I would suggest to watch him against South Carolina this year.",joy,joy,0.5200719833374023,True,correct
but you won't hear that from most of the press or people on this sub WHAT IS THEIR POLICY THOUGH lmao,joy,joy,0.37565648555755615,True,correct
A friend calls this shadow work. I think you're right. It takes a lot of courage and persistence.,joy,joy,0.9677216410636902,True,correct
You know it’s bad when you grab the toothpaste and start reading it,anger,anger,0.431795597076416,True,correct
"Who was it? I got here after it was deleted, and I'd like to read the comment history.",surprise,surprise,0.9443501830101013,True,correct
"On reflection I might've been harsh on [NAME], but Bandai's existence was forgettable like a swing flashback in Naruto.",joy,neutral,0.3522321879863739,False,joy → neutral
I'm surprised that this is still happening despite the threats of an invasion of manbij.,surprise,surprise,0.9816734790802002,True,correct
And then everyone clapped,neutral,neutral,0.7208534479141235,True,correct
I have little to no anxiety and it really helps me when i have to take a test.,joy,joy,0.5346964597702026,True,correct
Thanks for the P.S,joy,joy,0.9908218383789062,True,correct
This cheat... what would that be? I may have made a choice I'm currently regretting.,surprise,sadness,0.6702103018760681,False,surprise → sadness
Didn't that used to be the Northern Bank building? Never been troubled by pickpockets in Bangor but probably because I looked too poor!,surprise,sadness,0.4306831955909729,False,surprise → sadness
BALL DONT LIE.,neutral,anger,0.8593165874481201,False,neutral → anger
"> People on the team needs to be cool. yup, totally 2016(my csgo trading days) in a straight line.",joy,joy,0.6105903387069702,True,correct
The Ethical code of conduct. However it's subjective in many instances. But its based on impairment,joy,neutral,0.7332650423049927,False,joy → neutral
Goodbye my tank commander!,neutral,sadness,0.7776691317558289,False,neutral → sadness
"It would be a surprise to be sure, but a welcome one.",joy,surprise,0.9223973751068115,False,joy → surprise
It's pretty obvious why they're filming dipshit,fear,anger,0.8083406090736389,False,fear → anger
What the frick. I ordered a x box card,anger,anger,0.94831383228302,True,correct
[NAME] is his ex.,neutral,neutral,0.9510064125061035,True,correct
"Tranlated: Wooooo be afraid of the spooky ""shadowban"" so don't do the thing that gets your message to a wider audience. Smh",fear,fear,0.9907515048980713,True,correct
My mom sent it to me so I knew it was bad but I didn’t realise it was already here,joy,sadness,0.46786239743232727,False,joy → sadness
Downshifting in a manual to accelerate quicker,neutral,neutral,0.8520620465278625,True,correct
I honestly miss [NAME],joy,sadness,0.9877492785453796,False,joy → sadness
Thanks for the advice I really appreciate it and I hope you're doing better now!,joy,joy,0.991877555847168,True,correct
That dad must love monster high as well.,love,love,0.918229341506958,True,correct
I’m curious what is their concern and their purpose to be plus-size people influencers regarding the fact that they do not belong to that group?,neutral,surprise,0.9843765497207642,False,neutral → surprise
Watching [NAME] flip his head back every poke of contact is possibly the most frustrating thing to watch,anger,anger,0.9299418926239014,True,correct
Also them dealing with mean and petty people especially in school,neutral,neutral,0.52880859375,True,correct
"Okay. I mean 18% of the words in the comment you replied to were ""Times"", but okay",neutral,joy,0.5191493034362793,False,neutral → joy
Street Samurai Koji and Ojiisan Koji are my personal favorites. Greased Lightning Koji is pretty fun as well.,love,joy,0.8674924969673157,False,love → joy
THIS!!,joy,neutral,0.9310747981071472,False,joy → neutral
That was my mistake. It should only show your First Name and The 1st letter of my last name.,sadness,sadness,0.8997626900672913,True,correct
Hasn’t hurt me none,anger,sadness,0.5048447847366333,False,anger → sadness
"They never seem to think this when the police arrive, with their guns, to end a terrible situation.",neutral,fear,0.4716850817203522,False,neutral → fear
"Honestly, if you did not, then you were watching the video incorrectly.",anger,anger,0.4303705096244812,True,correct
This is why I love politics. It really shows how stupid people are.,love,love,0.9236946702003479,True,correct
"Good point, thank you for the correction",joy,joy,0.9899337887763977,True,correct
I appreciate it my guy! I try my best to really do research behind my opinions so I appreciate the call out.,joy,joy,0.9895083904266357,True,correct
Not sure what makes me a nimby but ok?,neutral,fear,0.9877833724021912,False,neutral → fear
Interesting user name :).,joy,joy,0.671776294708252,True,correct
^ but she ain’t a traitor,neutral,neutral,0.5613853335380554,True,correct
Try to think a bit harder.,joy,joy,0.6929233074188232,True,correct
"No, because asses that hot don't come in trenta",neutral,anger,0.9390465617179871,False,neutral → anger
Chi snowing. Can't get a break.... Also I'm crushing it.,anger,anger,0.5471829771995544,True,correct
Most non immigrants won't do farm work for peanuts either,neutral,anger,0.49881085753440857,False,neutral → anger
Shaming men for trying to solve a problem on their own is actually an example of toxic femininity,neutral,anger,0.7248153686523438,False,neutral → anger
"Calm down snowflake. Comment stalking from a week ago is really sad, especially when you're whining about something that I'm 100% right on.",sadness,sadness,0.9651502370834351,True,correct
It really sucks people are downvoting you just because they were worried about blowing themselves up just like us nova bomb users.,anger,anger,0.9543339610099792,True,correct
Downvote. These slippers cute as hell.,neutral,joy,0.7432060241699219,False,neutral → joy
Ah fair enough. Thanks for elaborating,joy,joy,0.9888546466827393,True,correct
"Tough times don't last tough people do... Die'n is easy, living isn't, make the best of it",joy,joy,0.7658581137657166,True,correct
thats even scarier haha,joy,joy,0.9267892837524414,True,correct
He may be jealous that you were able to do so,neutral,neutral,0.7195646166801453,True,correct
Omg yes lol it’s the story of my life,joy,joy,0.9406973123550415,True,correct
[NAME] is always the dirtiest psychopath,anger,anger,0.7491230964660645,True,correct
"Was looking for this comment, thank you! Every so often someone will freak out over dilated pupils and post a pic here",joy,joy,0.9677329063415527,True,correct
“I use to work here and I remember our policy was this!” Did I nail it?,neutral,surprise,0.4542243480682373,False,neutral → surprise
"Wow, that's crazy. Ever tried DMT?",joy,surprise,0.8453115224838257,False,joy → surprise
Isn’t it the worst feeling ever?,fear,surprise,0.4732275605201721,False,fear → surprise
It did! Good luck on yours!! -[NAME],joy,joy,0.9827349781990051,True,correct
Feels good getting a number next to our name again.,joy,joy,0.9719229936599731,True,correct
"Dont mind him/her, they have decided that anything which kinda speaks against the whole Apartheid is to blame for everything for the next 150 Years is bad.",neutral,anger,0.7576165199279785,False,neutral → anger
3 under 3?! You are a true hero.,joy,joy,0.9254889488220215,True,correct
Iirc she's alive but an alcoholic.,sadness,neutral,0.7195621132850647,False,sadness → neutral
would love to see a win here,joy,love,0.9911502599716187,False,joy → love
Wow. Did not realize [NAME] was a top 20,joy,surprise,0.92801833152771,False,joy → surprise
Yep! The artist also has one where he's plowing a blue Incineroar and it's one of the best things I've seen.,joy,joy,0.9829825758934021,True,correct
More then a handful is to much anyways. You're all good lady. Confidence is sexy,joy,joy,0.9780134558677673,True,correct
Evil spirit! Leave from this place and never return!!,neutral,anger,0.8627040386199951,False,neutral → anger
[NAME] is such a disgusting champ to play against ....,anger,anger,0.9693333506584167,True,correct
"Part of me wants to say ""Yea, that happened.""",neutral,neutral,0.6252639889717102,True,correct
That and he’s sneaky dirty,anger,anger,0.8683931231498718,True,correct
Gah sad high five. I tried once for a few weeks and will never try again. I need that support in my life.,joy,sadness,0.9665954113006592,False,joy → sadness
You played torb....... that’s why. Just kidding that’s really weird though,anger,joy,0.7781162858009338,False,anger → joy
So this is how democracy dies... With thunderous upvotes.,anger,neutral,0.4453054666519165,False,anger → neutral
"Yes, I’m sure [NAME] biggest concern is New Japan getting criticism on Reddit.",joy,joy,0.8648181557655334,True,correct
Why do you keep going back the them? Why should care about hillbillies?,fear,surprise,0.4072638154029846,False,fear → surprise
The first sentence alone sums it all up 😂,joy,joy,0.5291074514389038,True,correct
He was only thrown in there so we could have [NAME] get heroically saved by him and so we would hate [NAME],neutral,anger,0.7288143634796143,False,neutral → anger
EDIT: wrong link sorry here’s the right one I hope,sadness,joy,0.7259248495101929,False,sadness → joy
I plan on being respectful lol. I hope he’s there.,joy,joy,0.9770862460136414,True,correct
tape up those laptop cams y’all,neutral,anger,0.5560128688812256,False,neutral → anger
That amiibo addiction is real man....,neutral,neutral,0.757007896900177,True,correct
I'm doing my best to apply that. Thank you for commenting,joy,joy,0.9912136197090149,True,correct
"Good luck for everyone pronouncing [NAME] name. If he keeps scoring like this, i'll have fun listening some commentators around NHL.",joy,joy,0.971141517162323,True,correct
No I’m not,anger,anger,0.9444859623908997,True,correct
Some guy that I went to hs with 7 yrs ago but haven't seen him since.,neutral,neutral,0.6078408360481262,True,correct
"The username makes it even better, sucking a dudes toes, who is [NAME]. Man I'm jealous",anger,anger,0.45868980884552,True,correct
Hmmmm this is so familiar but I can't quite put my finger on DJEEEOOOWWWOBRRRRBRBRBRRGRRRRRRDRRRRRRJRHRRJRRERHRJRGRHRRJRHRHRBRJ,anger,fear,0.37000447511672974,False,anger → fear
I want someone to take me to the hospital,joy,joy,0.5476953387260437,True,correct
"We are by far the greatest team the world has ever seen, we are just having a rough patch.",joy,joy,0.933445930480957,True,correct
That's the laziest bro I've ever seen,joy,anger,0.8562977910041809,False,joy → anger
I love [NAME] goggles.,love,love,0.9937602877616882,True,correct
yea I was gonna say that looks pretty good to me,joy,joy,0.9841497540473938,True,correct
"The [NAME], a great bunch of lads",joy,joy,0.964545726776123,True,correct
I watched the CWC from the stadium and boy is he amazing.,joy,joy,0.9767940044403076,True,correct
This is the greatest thing I've read in my entire life,joy,joy,0.9888150095939636,True,correct
"Best of luck in Cleveland, Plaw Dog!",joy,joy,0.9720873236656189,True,correct
You specifically believe that if a mortal sin is not confessed a person is damned.,neutral,neutral,0.5484007596969604,True,correct
That’s awesome!,joy,joy,0.9904009699821472,True,correct
She's married and I respect her family and husband too much.,joy,joy,0.9627072215080261,True,correct
Huge office fan and I agree. [NAME] and [NAME] are annoying.,anger,joy,0.49010059237480164,False,anger → joy
Fuck [NAME] pai,anger,anger,0.9389265179634094,True,correct
I literally got the same bug,sadness,neutral,0.4984802305698395,False,sadness → neutral
"I agree with your guy. Sex can sometimes improve with the adulterous partner, because he/she feels desired and sexy again.",joy,joy,0.9815574884414673,True,correct
Someone get us a [NAME] version of the [NAME] nice lead meme!!!,joy,joy,0.7429771423339844,True,correct
He’s probably just getting stressed out that it is now getting dark and he lives in the countryside,neutral,fear,0.8185179829597473,False,neutral → fear
That’s an insult!! To fecal matter.,sadness,anger,0.9219580888748169,False,sadness → anger
Chicken and the egg argument. Gun companies don't donate to [NAME] *because* they have gun control on their platform. This goes back decades mind you.,neutral,neutral,0.7085393071174622,True,correct
I have to cuddle my dog so hard right now.,joy,love,0.9597253203392029,False,joy → love
People on Reddit barely know anything about law but they love to get riled up about the little that they do know,love,love,0.4847133457660675,True,correct
I admit I’ll be fairly happy if we continue to invest in young internationals and sign a $100+ mil free agent every offseason.,joy,joy,0.9663960933685303,True,correct
Any rap song because I hate it,anger,anger,0.9804202318191528,True,correct
BERNIE OR BUST,neutral,neutral,0.8590376377105713,True,correct
Before the trade happened I knew [NAME] was [NAME] but [NAME] beauty had not reached me yet,sadness,joy,0.4622073769569397,False,sadness → joy
That’s horrible. What country? If you don’t mind. My [NAME] was abused by her heavily religious (Pentecostal) father.,fear,fear,0.9002411365509033,True,correct
I thought they held hands while they and [NAME] were watching TV ([NAME] was pretending to be sick in that episode)?,neutral,neutral,0.7409420013427734,True,correct
I wondered where the quote about “supporting your azz” and was very pleased to finally find the train wreck that said it.,surprise,surprise,0.8552093505859375,True,correct
Reacting to [NAME] at this point just makes me feel worse about the artist.,anger,sadness,0.8692236542701721,False,anger → sadness
"Ok, thank you and thanks for the LPT. Cold leftover food is great sometimes like cold pizza, cold meatballs, etc...",joy,joy,0.9902689456939697,True,correct
What's up with all the gloating.,surprise,surprise,0.8226911425590515,True,correct
[NAME] x [NAME] sounds cute for some reason.,joy,joy,0.6521193981170654,True,correct
"Thanks, now every highlander I run into tries to do it 100% of the time and I just bait them into a light parry",joy,joy,0.9706167578697205,True,correct
"I know man, however in some ways it's a good way to act out a martyr complex.",joy,joy,0.7529717683792114,True,correct
> punishment for saying no to rape Surely if you wanted to rape someone you'd have to punish them for saying yes...,anger,neutral,0.5283771753311157,False,anger → neutral
"Weird, I checked again and it works for me now. It wasn't the first few times I tried to click.",neutral,anger,0.5980415344238281,False,neutral → anger
Thank you for the detailed response. It’s about time I worry about making myself happy rather than them.,joy,joy,0.9872815012931824,True,correct
Used to love Thai-tanic. Haven't been in ages.,love,love,0.9527454376220703,True,correct
"republicans and their hatred of Nordic countries are hilarious. ""Oh no some place has a much higher standard of living than us let's bash it!""",joy,joy,0.8628363609313965,True,correct
These aren't [NAME]... they're [NAME] that like to pose in the form of a hexagram for some reason,joy,neutral,0.8830699324607849,False,joy → neutral
"Yeah, I was thinking they would be super cute with black heels and a snug black crop top.",joy,joy,0.9304751753807068,True,correct
What is up with the phone tho,neutral,surprise,0.6788098812103271,False,neutral → surprise
I like Shred 415,love,love,0.9850316047668457,True,correct
So you’re telling me [NAME] hasn’t got a baby face?,neutral,surprise,0.741539716720581,False,neutral → surprise
"[NAME] gets a lot of unfair criticism. [NAME], too",anger,anger,0.5191401243209839,True,correct
Sending you some Ramona wine as thanks!,joy,joy,0.9884832501411438,True,correct
[NAME] taking a backseat this episode but it sounds like he'll join the fray once [NAME] goes completely crazy.,joy,neutral,0.8803494572639465,False,joy → neutral
What the hell was that,anger,anger,0.9777030348777771,True,correct
You are fucking retarded,anger,anger,0.9762598276138306,True,correct
"To be fair, I will also continue to jerk off to pictures of [NAME] in shorts He looks so good in them",joy,joy,0.9405208230018616,True,correct
Seinfeld is one of the only pieces of culture that I feel like I could be competitive in a trivia league about.,neutral,joy,0.7942871451377869,False,neutral → joy
Filthy birdbrain-loving scum barely deserve the bullets needed to boot them off the mountain. Moreiya 4 life,anger,anger,0.7980319857597351,True,correct
Yes! I binged it (I was a late adopter) and then all of a sudden nothing!,joy,joy,0.5105399489402771,True,correct
[NAME] was awful last season. Let's sign [NAME] instead.,neutral,anger,0.9065909385681152,False,neutral → anger
Lost finger how?,surprise,surprise,0.6476860642433167,True,correct
Bahahahahaha the life of a fish parent!,joy,joy,0.9667028188705444,True,correct
He killed... YOUNGLINGS,neutral,neutral,0.5841638445854187,True,correct
Swear i have seen this before? had it been reposted?,fear,surprise,0.6530731320381165,False,fear → surprise
Lol.... i guess your personal experience explains everything.... personally I've seen this play out numerous times in the work place..... so.....,joy,joy,0.9839203953742981,True,correct
Super unflattering. [NAME] is not overweight but this ensemble made her appear chunky.,anger,anger,0.49943867325782776,True,correct
Wow that's a really great explanation. Makes sense!,joy,joy,0.9888070821762085,True,correct
Your manager sounds like an idiot. Not saying he/she is. Just sounds like it from this.,anger,anger,0.961347758769989,True,correct
Do you have any tinder picture or bio advice? I have no selfies or mirror pics but still not doing very well,surprise,surprise,0.8204358816146851,True,correct
"Wow, season 3 is actually out already. Need to check it out",surprise,surprise,0.8491525053977966,True,correct
"Am interested in responses as I'm in a similar situation, though my tech school is a TDY",joy,surprise,0.5560795068740845,False,joy → surprise
You're easily as classist as her.,neutral,neutral,0.7753209471702576,True,correct
"My adopted daughter told me, ""You can't tell me what to do. You're not my dad."" While true, it still stung.",sadness,sadness,0.8092891573905945,True,correct
Thanks for the kindness; it’s all good enough- I’m hoping to move out later this year,joy,joy,0.9923954010009766,True,correct
"i did, but it was at 3 am before i went to bed, so i’m gonna cheat and count it as 2018 LOL.",joy,joy,0.9592638611793518,True,correct
I find it telling that a very known Russian media uses [NAME] as an exemple....,neutral,neutral,0.8978059887886047,True,correct
I’m so sorry the internet has inconvenienced you,sadness,sadness,0.9898215532302856,True,correct
You should have gone and joined her for a drink.... That’s my dream... Eventually sit down and enjoy a drink with my siblings.,joy,joy,0.759850800037384,True,correct
who tf has twitter on light mode,surprise,anger,0.7942895293235779,False,surprise → anger
I mean everyone already knows what u like so its gonna be weird,joy,anger,0.6310134530067444,False,joy → anger
"I love many fanarts of this paring, but this is one of my favorite ones. :)",love,love,0.9906958341598511,True,correct
That's the worst feeling haha,joy,joy,0.6308168768882751,True,correct
No. It’s slower and takes more calculation but it can be done. That’s why it should be practiced.,anger,joy,0.508283257484436,False,anger → joy
Please dont put words into my mouth.I never said rape isnt a problem.,anger,anger,0.5723874568939209,True,correct
Why would they stop there with like 15 feet of visibility? It clearly isn’t just the truck drivers fault,fear,surprise,0.541107714176178,False,fear → surprise
agreed....seems that due to plot force shes starting to slip,joy,joy,0.9733782410621643,True,correct
"Fortunately, finding yourself and deepening your spiritual connection with the world only takes about 4 days in a beach hut with a thatched roof.",neutral,joy,0.8814369440078735,False,neutral → joy
they do poorly making me feel otherwise,neutral,sadness,0.6445819139480591,False,neutral → sadness
"Now, can you make another applet to change his wallpaper?",neutral,surprise,0.9047225117683411,False,neutral → surprise
I did and found it basically the same except I was getting drunk very easily.,joy,joy,0.6125074028968811,True,correct
"Weird, though. So many people love to identify themselves by their corporate loyalty.",neutral,anger,0.9035988450050354,False,neutral → anger
"Thanks, I love it.",joy,joy,0.8686402440071106,True,correct
"Ok, thats my thinking too. If [NAME] really only gets 180 anyone who didn't make that deal (like us) is pretty dang foolish.",anger,anger,0.5885438323020935,True,correct
Highgate Hill! Close to westend and has a lot of cute houses. :),neutral,joy,0.7365066409111023,False,neutral → joy
Right now I’d have to say [NAME] new restaurant UB Preserve is my favorite place to eat. So good.,joy,joy,0.6387695074081421,True,correct
Haha i have 2 chinchillas from a manic episode about 8 years ago. They're sweet little things.,joy,joy,0.8715004920959473,True,correct
I think she has a good chance,joy,joy,0.9659044742584229,True,correct
Henlo little alligatrr. ou almost slipped there. OH FUK NO NO NO NO ALIGATRR PLZ DONT EET MEEEEEEEE,neutral,anger,0.4349577724933624,False,neutral → anger
I'll look into it! I don't mind language but misogyny can be pretty intolerable,anger,anger,0.7546987533569336,True,correct
His entire face is covered by a beard and sunglasses lol,joy,joy,0.9451072216033936,True,correct
PLANT LOCAL WILDFLOWERS!!!! They come back year after year and the Pollinators will Love it.,joy,love,0.9554091691970825,False,joy → love
Totally agree with you. Just saying that [NAME] is not a stupid person. A smart person that will be spending the rest of his life in prison,joy,joy,0.9680737853050232,True,correct
"You can't post a Sons pic and then say ""I got this"", that just hurts.",anger,sadness,0.9777407646179199,False,anger → sadness
Yes - thank you for stating it this way - perfectly said.,joy,joy,0.9908174276351929,True,correct
Congrats!!! Happy for you.,joy,joy,0.9916092753410339,True,correct
Pretty sure the legislature needs to change laws,neutral,joy,0.7995840311050415,False,neutral → joy
"Oh dear, I'm so sorry you are going through this. I don't have any sage advice but I hope things get better for you.",joy,sadness,0.6490053534507751,False,joy → sadness
Yeah this is pretty eye opening. I’ve had pretty weird relationships with my reflection in the past but thankfully it’s not always this way.,joy,joy,0.8944754600524902,True,correct
"Nope, from Nebraska why? Lmao",joy,joy,0.46153321862220764,True,correct
Terrorism is the systematic use of violence to achieve a political goal. [NAME] has not used violence.,joy,neutral,0.5988589525222778,False,joy → neutral
TIL I learned there are no drugs or violent incidents in prisons.,neutral,neutral,0.6506133079528809,True,correct
"It's finally official, we got [NAME]",joy,joy,0.6689526438713074,True,correct
"If you know it's the right thing to do, it's better to ""lose"" that person than to ""lose"" that opportunity.",joy,joy,0.755789577960968,True,correct
Thanks for posting this OP. Many times people change their minds and do the right thing but unfortunately we don't hear about it.,joy,joy,0.8823129534721375,True,correct
"My feelings exactly. First thought, a sarcastic 'Thanks.'",anger,joy,0.9846530556678772,False,anger → joy
the most romantic thing that can possibly happen to me,joy,love,0.9755030274391174,False,joy → love
Every day in everyway. If I am to happy with anything next thing I know I'm actively destroying it.,sadness,anger,0.6761347651481628,False,sadness → anger
[NAME] doesn’t roll his ankle on a 🎾 in 2011 and we win a premiership imo,neutral,neutral,0.7195371985435486,True,correct
True. Icing all three of your villains for the duration of the film is a bad idea. They need to be making moves.,neutral,joy,0.47437798976898193,False,neutral → joy
2 more trae assists pls another 3 would be delightful as well,neutral,joy,0.8612884879112244,False,neutral → joy
So happy for you :),joy,joy,0.9916695356369019,True,correct
"BT In the commentary booth: ""Where's your god [NAME]?"" As she's being mauled by a lion",surprise,surprise,0.5191015005111694,True,correct
It’s a facepalm just for the wrong reason,sadness,anger,0.6742650270462036,False,sadness → anger
"Because there's such a thing as ""too good to be true"" and some people are still skeptical of that.",neutral,fear,0.7578387260437012,False,neutral → fear
He seemed like he was about to run away and go do some meth.,neutral,neutral,0.758051872253418,True,correct
Don't know how that was missed. Tragic really. Considering the title.,sadness,fear,0.5309706926345825,False,sadness → fear
I’m just worried about his attitude and approach with younger players. Edit-re worded,fear,fear,0.6839078068733215,True,correct
This is really well put. I saved it.,joy,joy,0.9555429220199585,True,correct
Thank you. ❤️ I really appreciate your comment,joy,joy,0.9896785020828247,True,correct
I've seen so many of these and I still have a massive amount of difficulty believing it is possible.,joy,surprise,0.8842349648475647,False,joy → surprise
Why so much green though lol,joy,joy,0.8511744737625122,True,correct
Unemployed now re: those crummy health issues. So that probably helped.,joy,sadness,0.4850635230541229,False,joy → sadness
Sounds fun from what I’m reading on here.,joy,joy,0.9785860776901245,True,correct
"Just wait till they see what British capitalists have in store for them now we got ""arr soverinity"" back",neutral,neutral,0.7411136031150818,True,correct
I carry on an empty. But I also carry a single action. So don't make my mistakes.,neutral,joy,0.563307523727417,False,neutral → joy
I understand that but I enjoy the silence and lonely feeling I have.,joy,joy,0.6323736310005188,True,correct
Is it Amazon brand? Genuine question as I didnt even know those existed,surprise,surprise,0.7288876175880432,True,correct
He'd have to ask his mom,neutral,neutral,0.9167859554290771,True,correct
"And you got it, a federal tax cut. If you want to pay less taxes overall you need to stop electing democrats.",neutral,anger,0.7622618079185486,False,neutral → anger
"No, I have been avoiding doing anything until it's actually fixed because I don't want to give them any reason to drag their feet.",anger,anger,0.7988882660865784,True,correct
I think most people have listened to bohemian rhapsody at some point thank you very much,joy,joy,0.9899991154670715,True,correct
We didn't screw it up!,neutral,joy,0.596058189868927,False,neutral → joy
I wouldn't say age would stop it just lessen the affect of it but probably start to notice it around mid to late 30's.,joy,neutral,0.5905869007110596,False,joy → neutral
You should be embarrassed. Not only because you are a adulterer but because you are a pedo for thinking of your son.,sadness,sadness,0.9304972887039185,True,correct
"Most likely. If he falls to our 3rd round pick ,I think we should definitely take him.",joy,joy,0.7593733668327332,True,correct
I don’t know why but watching this makes me super happy!,joy,joy,0.9052335023880005,True,correct
They don’t like to be excluded from anything,anger,neutral,0.6343112587928772,False,anger → neutral
One of my worst nightmares. Ugh.,fear,sadness,0.4311524033546448,False,fear → sadness
Don't kink shame,anger,neutral,0.4977140426635742,False,anger → neutral
"Damn, still hoping...",joy,joy,0.9535514712333679,True,correct
Stuck on icy stairs.,neutral,sadness,0.532680869102478,False,neutral → sadness
My wife is divorcing me because I glued [NAME] face onto all of our family photos He looks good with her body,sadness,sadness,0.648539662361145,True,correct
I’m gonna need to see that in writing before I celebrate.,joy,joy,0.8342081904411316,True,correct
You didnt!,neutral,anger,0.5711450576782227,False,neutral → anger
"Ironic, since cleaning your room is what [NAME] is always on about.",neutral,neutral,0.7677261233329773,True,correct
WHAT IS HAPPENING,fear,surprise,0.8674390912055969,False,fear → surprise
Your point? That doesn't mean it had 2 of EVERY FREAKING LAND MAMMAL on it!,anger,anger,0.9293699264526367,True,correct
Sending love and strength vibes <3,joy,love,0.9519588351249695,False,joy → love
"I tried Guinness the other week and it made me gag, what’s different about it to other beer",surprise,surprise,0.5810187458992004,True,correct
I just saw this on netflix..... Now I'm Watching it... Then you post this.... It's like we almost watched it together...,love,neutral,0.5605818033218384,False,love → neutral
"Don't underestimate him, he can do it in 2",joy,joy,0.8241113424301147,True,correct
I wish I was [NAME]. Source (deleted):,joy,joy,0.9183763265609741,True,correct
"He also had bipolar depression, which was a major driver in his mental states...",neutral,neutral,0.5567261576652527,True,correct
Falcons fan here. I love you guys so much.,love,love,0.9899536371231079,True,correct
"While I agree with you for the most part, I also have cats and upholstered furniture.",joy,joy,0.9670900702476501,True,correct
"Have nobody thought of the giant tech corporation selling overpriced, inferior products to sheep customers? That's odd.",anger,surprise,0.6536144018173218,False,anger → surprise
"Good for you! I wish I had run for my life at 18, but brainwashing is real",joy,joy,0.983120322227478,True,correct
Care to share your thought process ?,surprise,surprise,0.9481451511383057,True,correct
My poor space bar takes an awful bashing with all the pausing in a Squidge vid,anger,sadness,0.9103773832321167,False,anger → sadness
Not sure if very professional image journalist or avid porn enthusiast but good job all the same!,joy,fear,0.623860776424408,False,joy → fear
Then he is innocent. I'd rather have a president that we know for sure isnt undermining our democracy by conspiring with a foreign nation.,neutral,joy,0.4613518714904785,False,neutral → joy
The problem is complex but in the 60's til now we where facing major propaganda against marijuana and this stuck to the head of most poeple.,neutral,neutral,0.43314069509506226,True,correct
"I think this is the clearest that it has ever been described. Thank you for this. It nailed it, for me anyway....",joy,joy,0.9905380010604858,True,correct
What kind of frankenshoe...,surprise,surprise,0.8452919721603394,True,correct
"Every time I get a staff kill, it feels like seeing a shooting star <3 Yeah, it definitely sucks.",anger,anger,0.6777693629264832,True,correct
"He looked so shlubby on that show, it was like he was the [NAME] version of [NAME].",neutral,neutral,0.6107509136199951,True,correct
I hate these memes because [NAME] never cared if he did or didn't have a nose.,anger,anger,0.9699413776397705,True,correct
And look like big tracts of land.,neutral,neutral,0.8934995532035828,True,correct
The miracle was just that. Because we all know the Vikings would fail the next game.,surprise,joy,0.557652473449707,False,surprise → joy
Big ol fesh,neutral,neutral,0.9372128248214722,True,correct
"No problem, glad to help.",joy,joy,0.9874239563941956,True,correct
Honestly you should have gone nuclear on him,anger,anger,0.6459264755249023,True,correct
I love [NAME] and how openly she is in supporting him to run,love,love,0.9869115352630615,True,correct
How many hours of maintenance do they really need to do every night? I feel like they just want to cut costs and tell us it's impossible.,surprise,surprise,0.7387198209762573,True,correct
"Possible maybe, not at all plausible.",neutral,fear,0.9519795775413513,False,neutral → fear
Organizational Change Manager and I fucking love it and have for 7 years. Still enjoy going to work every day.,joy,joy,0.5108152031898499,True,correct
Wow he is... ugly.,anger,anger,0.7549728751182556,True,correct
"I love you like a love song, baby. And if you know that song, it's now in your head.",love,love,0.9923779964447021,True,correct
I would focus on being an enlisted Marine first. That’s what you’ll be doing for the next 4 years.,neutral,joy,0.5226845145225525,False,neutral → joy
its funny because they dont even do anything at the look out tower but stargaze,joy,joy,0.9220812320709229,True,correct
Am i missing something or is this an antijoke that doesn't belong here?,surprise,fear,0.9658546447753906,False,surprise → fear
"He's always had the tools to do this, which is why he can be frustrating at times.",anger,anger,0.9342053532600403,True,correct
"Welp , that statement is not very wrong.",anger,joy,0.7536413073539734,False,anger → joy
[NAME]: I'm sorry that happened. I hope you weren't totally friendless on your 30th!,joy,sadness,0.8061212301254272,False,joy → sadness
Every other way sounds wrong. SPR for life.,joy,anger,0.8613038063049316,False,joy → anger
That was hot!,joy,joy,0.6752192378044128,True,correct
Vaccines turk err jerbs!,neutral,neutral,0.9255614876747131,True,correct
Best doggo ever,joy,joy,0.976028323173523,True,correct
"Dublin, Ireland",neutral,neutral,0.9080218076705933,True,correct
"I can help out, pm me :)",neutral,joy,0.9480710029602051,False,neutral → joy
Your name needs some work LOL,joy,joy,0.9643753170967102,True,correct
Huh... I'm left handed and have never realised I do this.,joy,joy,0.528658926486969,True,correct
Don't meet your heroes,neutral,anger,0.6000363826751709,False,neutral → anger
100%. Please ignore him. He's annoying af and survives off attention,anger,anger,0.9773946404457092,True,correct
Hell yeah. Happy they pulled it off together for their city. This is a great story in [NAME] eventual great career,joy,joy,0.9892256855964661,True,correct
As someone from Louisiana I am always thankful for Mississippi and West Virginia for holding down the absolute bottom,joy,joy,0.98054438829422,True,correct
if my dog dont like u i dont like u and if my dog gets into a fight u know im jumpin in there with him,neutral,anger,0.8062487840652466,False,neutral → anger
"Hi 28, I'm dad!",neutral,neutral,0.732585608959198,True,correct
"So much to do, So much to see",neutral,neutral,0.42459461092948914,True,correct
Intelligence is to know the difference between MB and Mbps. Wisdom is to not be a cunt about it.,joy,anger,0.6063123345375061,False,joy → anger
"Wrong, it's not 365 days a year. Once every four years, it's 366 days a year.",neutral,anger,0.7454503774642944,False,neutral → anger
#LIES. NO STACY CAN BE A GAMER. #RISE UP,neutral,anger,0.8706262707710266,False,neutral → anger
"Consider this a digital hug. Not too long, not too short, just enough to make you feel a human connection and some comfort. :)",joy,neutral,0.5164704918861389,False,joy → neutral
Thanks for sharing. You could definitely post some of your other tales.,joy,joy,0.9842281341552734,True,correct
We're not exactly short on white homophobes either though.,anger,neutral,0.6244378089904785,False,anger → neutral
Whats your height and weight out of curiosity?,surprise,surprise,0.9823179244995117,True,correct
Gotta get 'email all! Edit: stupid autocorrect,neutral,anger,0.891442060470581,False,neutral → anger
Rule 10 is to make it clear that people who violate the spirit of the rules without breaking the letter will be punished in the same way.,joy,neutral,0.689348578453064,False,joy → neutral
"I honestly don't understand why everyone thinks he needs a rework because he's not ""fun to play"" in the worst game mode.",fear,fear,0.8415238857269287,True,correct
Really good point here. Thanks.,joy,joy,0.9904354810714722,True,correct
"Is that bottom trey filled with beer? If so, how did he acquire them?",fear,surprise,0.7794266939163208,False,fear → surprise
Of course he will lie cheat and steal to make him self relevant to the public. Horrible person.,fear,anger,0.8134803175926208,False,fear → anger
Id rather have them be physically ok and make amends with [NAME] later than have one without the ability to communicate efficiently forever but have their feelings alright.,joy,neutral,0.632225513458252,False,joy → neutral
You're cool,neutral,joy,0.9649565815925598,False,neutral → joy
No problem. If you read it let me know what you think!,neutral,joy,0.48413097858428955,False,neutral → joy
"They put him on a minutes restriction for some reason, guessing cause he's not in really good shape?",surprise,fear,0.5444654226303101,False,surprise → fear
I don't believe humanity is capable of running *any* system for the greater good of all. Regardless of population..,neutral,anger,0.9401503205299377,False,neutral → anger
TIL cheddar cheese didn't originate in the U.S. Thank you!,joy,joy,0.97100430727005,True,correct
Like I said previously I realise they weren't commonly called asylum seekers until recently. However that doesn't mean that previously they weren't asylum seekers,joy,joy,0.40832585096359253,True,correct
Thanks! I had a more standard name but then realized I didn't want to be findable on Reddit.,joy,joy,0.9605835676193237,True,correct
"""I SAID, [NAME]!""",neutral,neutral,0.8405343890190125,True,correct
[NAME] is a hungry little bastard.,anger,anger,0.9564674496650696,True,correct
I had no idea it would hit me as hard as it did. It really changed my view.,joy,joy,0.505008339881897,True,correct
His best season was a luck filled one. He'd be nothing more than what [NAME] and [NAME] already offer but with worse defense and a worse bat.,neutral,sadness,0.7118034362792969,False,neutral → sadness
"Meh, it just keeps players from diving in taking stupid damage. (At least it should.)",joy,anger,0.8226210474967957,False,joy → anger
I’d love an ג׳‬וליאן if you have time! Good job keep up the hard work,joy,joy,0.9267562031745911,True,correct
Attempt to con the senate. This should continue to be entertaining,joy,joy,0.9544083476066589,True,correct
It’s not satisfying at all. If this wasn’t [NAME] it wouldn’t be popular. Interesting timing considering the [NAME] debacle too.,anger,anger,0.9087046384811401,True,correct
"Same boat here, man.",joy,neutral,0.8475978374481201,False,joy → neutral
What a baby...,joy,joy,0.4340319335460663,True,correct
Yeah I think it largely depends on how you fall. In Judo that’s one of the main things they practice.,neutral,joy,0.5262233018875122,False,neutral → joy
And it needs to keep pushing harder and harder to the left in order to wash away all the crap that's been enacted since [NAME] got into office.,neutral,anger,0.5620415806770325,False,neutral → anger
Actually there were blacks in the SS. Kind of an odd analogy.,neutral,neutral,0.516629695892334,True,correct
I never understood the point of parole. Seems to me like an expensive way to increase recidivism.,fear,fear,0.9753168821334839,True,correct
No way society should pay for your child when you are perfectly capable.,anger,anger,0.8451269268989563,True,correct
"Lol he was actually roasting OG fans that lick his arse, not [NAME] himself. Take the upvote.",joy,joy,0.8895610570907593,True,correct
AA is BS as a whole. Meritocracy or GTFO.,neutral,neutral,0.7360718846321106,True,correct
Thought this was r/monkeyspaw for a sec. Mind if I grant your wish anyway?,neutral,surprise,0.37692928314208984,False,neutral → surprise
"Awesome, let's celebrate! Send the free pack over here ;)",joy,joy,0.9886515736579895,True,correct
This says more about what [NAME] thinks about facts than what's true about music.,neutral,neutral,0.6416288018226624,True,correct
"And there you have it, the left who argue with personal attacks and cnn buzzwords.",anger,neutral,0.6927265524864197,False,anger → neutral
"His wounds weren’t that bad, but probably got infected. Antibiotics fixed him. Good as new.",joy,joy,0.7981255054473877,True,correct
"Yes of mine worry, no one liked mine either.",sadness,sadness,0.9188193082809448,True,correct
This sub absolutely gets personal within seconds of anything he says being postes,anger,neutral,0.8715181350708008,False,anger → neutral
I’m going to die right now I’m so scared tears and snot everywhere,fear,fear,0.9881209135055542,True,correct
True. I don't know the survival rates of the women in ancient rome but I can't imagine it was fantastic.,fear,joy,0.869439959526062,False,fear → joy
It doesn't matter if they are crazy stacked. We definently shouldnt be last in the league.,neutral,anger,0.7004580497741699,False,neutral → anger
"BDS is a discriminatory bigoted hateful movement. It's not just ""Oh, I disagree with some things that Israel has done.""",anger,anger,0.9582767486572266,True,correct
Cool. Good luck!,joy,joy,0.9852930903434753,True,correct
"You can't rightfully earn a billion dollars. Your employees can, and fifty thousand people in sweatshops can, but a single person cant",neutral,anger,0.6988596320152283,False,neutral → anger
Look... they are pretending it never happened. Lol.,joy,joy,0.9733808636665344,True,correct
Lol. Thanks for the link.,joy,joy,0.9888274669647217,True,correct
Not as nice as [NAME].,anger,anger,0.7999629378318787,True,correct
Love is war,neutral,love,0.7027444839477539,False,neutral → love
I met him! He graduated from my high school and came back when I was a freshman to talk to us in PE. Really nice guy.,joy,joy,0.9709038138389587,True,correct
It's actually illegal to do this. Only allowed if absolutely unavoidable.,anger,anger,0.4894558787345886,True,correct
"Idk, r/Tinder has plenty of posts to do with awful men too lol",joy,joy,0.7844180464744568,True,correct
Wait one of the posters responding is using makeup from ten years ago.,neutral,neutral,0.921088695526123,True,correct
"Because they enjoy their toxic umoderated cesspool, apparently. Either way i'm done trying to care.",joy,anger,0.8081963658332825,False,joy → anger
"Haha. Got ‘em. Also this just in: Los Angeles is expensive. In other news, unrest in the Middle East.",neutral,joy,0.9547052979469299,False,neutral → joy
"You must be ecstatic, I'm really happy for you.",joy,joy,0.9921510219573975,True,correct
The irony of the photo is that 60% of university admissions are women,neutral,neutral,0.4117180109024048,True,correct
Girl I went to school with was killed like this.,neutral,sadness,0.9314209222793579,False,neutral → sadness
"Honestly, fuck [NAME] after the bounty gate shit",anger,anger,0.955865740776062,True,correct
Dont blame em. They should force change to get done what needs to be done,joy,anger,0.7100307941436768,False,joy → anger
"“I hold that the more helpless a creature, the more entitled it is to protection by man from the cruelty of man” -[NAME]",neutral,neutral,0.7544737458229065,True,correct
You just watched a commercial that blatantly explains it to you.,neutral,neutral,0.7428609728813171,True,correct
"By law, China must accept the South China Sea ruling, period. Stop trying to help China weasel out of it.",anger,anger,0.7067572474479675,True,correct
This is something that has to be learned from experience. Don't be hard on yourself!,joy,joy,0.9064129590988159,True,correct
i know the feeling dude,neutral,joy,0.6113945841789246,False,neutral → joy
"> His face, mate. He thought he was a goner. Properly lol'd at that and reading all [NAME]' bits in his accent",joy,joy,0.9152564406394958,True,correct
No because to them this disabled boy is faceless. It’s easier to digest our hate and vitriol without thinking about it.,sadness,anger,0.8119510412216187,False,sadness → anger
Fucking hell they're bringing on all the giants,anger,anger,0.9636738896369934,True,correct
"Weird flex, but ok",joy,anger,0.5969284176826477,False,joy → anger
Definitely fake. Looks like bad CGI in a movie.,anger,anger,0.7362490296363831,True,correct
"Or better yet, on the woman who will let ME play with them!",neutral,neutral,0.8624615669250488,True,correct
Yah that's what is stopping me. I would have to wire all throw my car or go into my cars electrical which doesn't seem worth it.,neutral,anger,0.49215003848075867,False,neutral → anger
Can we all pitch in and buy this place instead of the Baltimore House?,neutral,surprise,0.8190345168113708,False,neutral → surprise
Dirt bar downtown is pretty sweet.,joy,love,0.5049644112586975,False,joy → love
Such season 1 vibes and I love it.,love,love,0.9916689395904541,True,correct
"Lol, like I said, not everything is about you",joy,joy,0.9739640355110168,True,correct
He looks like a model tbh. Very good looking man.,joy,joy,0.9822580814361572,True,correct
Me me big sad.,sadness,sadness,0.9916629791259766,True,correct
Can holiday just stop fucking shooting? I can’t wait till he gets traded.,surprise,anger,0.8611533045768738,False,surprise → anger
And you assume they are part of the dominant culture because of the color of their skin. That is self evident racism.,neutral,neutral,0.6375687718391418,True,correct
"""Grab your Glock when you see [NAME], call the cops when you see [NAME]...""",joy,anger,0.6980757117271423,False,joy → anger
[NAME] is fucking destroying Bama and I LOVE IT,joy,love,0.7882888913154602,False,joy → love
"Going by it's [NAME] rating though, the district should be leaning blue.",joy,neutral,0.7800062298774719,False,joy → neutral
Now you're lying. Suburbs = more than Bellevue and Kirkland.,neutral,anger,0.6971087455749512,False,neutral → anger
Debating whether this is a troll or gross overshare. Going to go with troll since you just also made a new account,neutral,fear,0.9670249819755554,False,neutral → fear
Damn who died and gave u the Broncos,neutral,anger,0.8246354460716248,False,neutral → anger
Hey what a coincidence so is a human head!,surprise,surprise,0.9483168721199036,True,correct
PS. I love my aunt! She’s one of the reasons I went into “nursins.”,love,love,0.9901707768440247,True,correct
That’s amazing!!! We average 30 OTW but our half hour transaction count during peak is usually 40-55. Low volume store.,neutral,joy,0.9838026762008667,False,neutral → joy
"They never will until it affects them directly, and by then it's already in the end game for us :/",anger,neutral,0.8081251978874207,False,anger → neutral
"Indeed. I thought we are just spoiled, but apparently the phenomena is not exlusive to us.",neutral,sadness,0.559509813785553,False,neutral → sadness
Oh my gosh. This woman who died also had a son who died. Holy tragedy,sadness,sadness,0.9520453810691833,True,correct
And people still support him....,neutral,neutral,0.562357485294342,True,correct
"I think that's just natural, humans weren't really intended to fly by nature so I guess it just feels wrong or something, idk",anger,fear,0.9254146218299866,False,anger → fear
"This isn't really petty, it's actually brutal. *edit* but well done. I love it!",joy,joy,0.5590283870697021,True,correct
It was squirting all over my kitchen n the nurse. Who then said oh nicked an artery.,neutral,neutral,0.5076685547828674,True,correct
> you're probably a little bit of a closeted nazi yourself. I'm just SHOCKED that someone named [NAME] might be a fascist,surprise,surprise,0.9742090106010437,True,correct
I despise [NAME] and all his cronies,anger,anger,0.9443573951721191,True,correct
"If you feel like venting, I am happy to listen.",joy,joy,0.928133487701416,True,correct
looks like we got a double win today!!,joy,joy,0.9025303721427917,True,correct
"Don’t do a long distance thing, not worth it and a waste of time",joy,anger,0.9252282977104187,False,joy → anger
Yeah I'm not arguing there isnt recreational potential though it can certainly mess you up. Doesn't help most products with dxm have other active ingredients.,anger,anger,0.7480840682983398,True,correct
Same here. I had a lot of swelling but not abnormal pain.,joy,joy,0.5021864175796509,True,correct
How illuminating.,joy,joy,0.7304171323776245,True,correct
P o R Z I n G I S,neutral,neutral,0.8190168142318726,True,correct
But how's that a facepalm? Editing the hands is not that crazy.,surprise,surprise,0.7721295356750488,True,correct
"Same, ASMR is nightmarish. My skin crawls just thinking about it.",fear,fear,0.9722235202789307,True,correct
"Oof, what a bad and dated meme",sadness,anger,0.48763537406921387,False,sadness → anger
Looking cool [NAME],joy,joy,0.9575538039207458,True,correct
>the silent majority This is the most ignorant thing I've read so far today,sadness,anger,0.9058374166488647,False,sadness → anger
So where are all these [NAME] lining up to be landscapers and farmhands for minimum wage?,neutral,surprise,0.7470995187759399,False,neutral → surprise
"Idk why ur being downvoted, I thought that's funny",joy,joy,0.8231107592582703,True,correct
"ahh bro I jerk off to [NAME], does that make me a future murderer or torture enthusiast in waiting? didn't even know!",neutral,fear,0.8948636054992676,False,neutral → fear
I guess her Bad breath turned him off,neutral,fear,0.8587546348571777,False,neutral → fear
I love this post. Are you with park services?,love,love,0.883294939994812,True,correct
I look at him as a performer but he's still human tho.,neutral,neutral,0.5438107848167419,True,correct
Does [NAME] or [NAME] look happier that [NAME] chose to put his hand on [NAME] leg?,fear,surprise,0.793918788433075,False,fear → surprise
I wish more people enjoyed that sport.. when that clay explodes you get that FEEL,joy,joy,0.9758860468864441,True,correct
This makes me want to get nipple piercings but I’m too scared to :/,fear,fear,0.990507960319519,True,correct
Love the gif but I bloody hate these kinds of captions. It's as annoying and cringey as a fully grown adult doing baby-talk.,anger,anger,0.9523855447769165,True,correct
That's not what is being contested here. Telling your kid something like this would certainly make you a bitch.,anger,anger,0.9467893838882446,True,correct
Hang on to all sorts of things just in case. Eat inexpensive food.,joy,neutral,0.5968509912490845,False,joy → neutral
Their heart rate and sats are great. Don't know what you're worried about.,joy,joy,0.4997887909412384,True,correct
Glad to have you here :),joy,joy,0.987885594367981,True,correct
"He's not even HC, he's interim... relax chief",neutral,neutral,0.8108132481575012,True,correct
"Good times, good timessss lol",joy,joy,0.9889097809791565,True,correct
ITT: Hipsters. “I liked this band before they got all popular and shit.”,anger,love,0.9288464188575745,False,anger → love
Ok shady flags are flapping so hard I was knocked out of my chair.,neutral,fear,0.3423975706100464,False,neutral → fear
thank you!!,joy,joy,0.9909022450447083,True,correct
Wow. That was deep. I hope you make out well move on and find true love. Be strong,joy,joy,0.6741315126419067,True,correct
"Whatever conclusion they reach now or in the future, the only constant will be that ""nothing should be done to stop it.""",neutral,neutral,0.6971816420555115,True,correct
"Yeah, but I mean, you need to actually be motivated for the climate and not just wanting to skip school",joy,joy,0.7234795689582825,True,correct
80% of the country is putting their faith in a man who doesn’t even have personal awareness of where he is.,anger,neutral,0.8423972129821777,False,anger → neutral
well we all know what a complex meal sandwiches are! hahaha,joy,joy,0.9623472690582275,True,correct
"I don’t love prison- I love the stuff that leads me TO prison. Get on board, [NAME].",love,anger,0.6281718611717224,False,love → anger
I forsee success in your future endeavors.,joy,joy,0.9463829398155212,True,correct
Yay! Congrats!,joy,joy,0.9883983731269836,True,correct
"I’m sorry :(. Lol. For me, after the ending of 3, and Andromeda, I have zero interest in ME.",sadness,joy,0.6000850200653076,False,sadness → joy
"Ahh well too bad, thanks for sharing.",sadness,joy,0.9719306230545044,False,sadness → joy
"Except for all those companies brushed off in the ""and many more"" category. Wasn't as lucrative for them.",neutral,neutral,0.6459006071090698,True,correct
I also wanted to point this out! I love JJGO!!,joy,love,0.9888811707496643,False,joy → love
I'd piss right on their floor. Fuck this.,anger,anger,0.9736127853393555,True,correct
"This should in r/funny not here, very expected",joy,joy,0.4917074143886566,True,correct
"I read it as ""so long suckers"". That's how those words translated in my mind..",neutral,anger,0.6922799348831177,False,neutral → anger
WERE* protesting This is not current. Misleading.,anger,anger,0.9196243286132812,True,correct
Wer was u wen sec is kill,surprise,neutral,0.9207353591918945,False,surprise → neutral
She muctb not really be that into you,anger,neutral,0.6447838544845581,False,anger → neutral
Alleviate' meaning what? Make my working life suck less?,anger,surprise,0.5329061150550842,False,anger → surprise
Not really cringe. Just sad.,sadness,sadness,0.9728250503540039,True,correct
I love [NAME] can’t wait for the full circle version of him,love,love,0.9787070751190186,True,correct
Go to your room.,neutral,neutral,0.7803294658660889,True,correct
Your girlfriend accepts gifts in exchange for sex? I got news for you homie...,surprise,surprise,0.8818572759628296,True,correct
Wait that... that doesn’t happen,anger,neutral,0.5873607993125916,False,anger → neutral
Go easy on your mom; this letter sounds like it was written from a place of deep love.,joy,love,0.9641024470329285,False,joy → love
Eh. I think either works. But sure. Replies is probably more accurate,joy,joy,0.8948139548301697,True,correct
Who's cutting onions?!,surprise,surprise,0.6695598363876343,True,correct
I try to keep my hands busy. I would do better when I have acrylic nails because it wasn’t as easy/just wasn’t the same.,neutral,joy,0.6907665729522705,False,neutral → joy
Time heals all wounds :). Get this man a ring!,neutral,neutral,0.6371942162513733,True,correct
best to add a **/s** ......almost sounds like you're being serious!,neutral,joy,0.5527841448783875,False,neutral → joy
[NAME] and [NAME] were my two. [NAME] :),neutral,neutral,0.7847793102264404,True,correct
At least it isn't too terrible? Actually it's not bad at all. Still VERY delusional!! Good post,joy,joy,0.7675466537475586,True,correct
Great quote.,joy,joy,0.9896802306175232,True,correct
"You shouldn't see a lot of lightspamming conquerors, because lightspamming as a conqueror is just begging for a parry.",neutral,anger,0.5540376901626587,False,neutral → anger
The only thing wrong with her is her face. Maybe she has a giving personality?,sadness,fear,0.5293698906898499,False,sadness → fear
Wow! Congratulations on taking your sex life back! Nice to wake up and see such positivity.,joy,joy,0.9812637567520142,True,correct
I've always wondered how much of this stuff doesn't end up on the internet,surprise,surprise,0.982315719127655,True,correct
You'll miss a begging old man asking for a spare coin. RIP,sadness,sadness,0.8709749579429626,True,correct
Wow that's not how you resolve things. Escalation is the last option.,anger,surprise,0.8771964907646179,False,anger → surprise
Happy Mic Day!,joy,joy,0.9615543484687805,True,correct
"On the surface, yes. Deep down, probably not.",neutral,fear,0.7380297183990479,False,neutral → fear
"Lol, pinches narizones.. Their physical game is on another level. Would rather play with a guy like that instead of against him though that's for sure.",joy,joy,0.954728901386261,True,correct
"Happy that you're happy, and good to see someone highlighting the good parts! Any particular streaming service you're looking to get? :D",joy,joy,0.6578248739242554,True,correct
You are an amazing human being,joy,joy,0.9898526072502136,True,correct
Can't believe [NAME] has been in the league that long...,surprise,surprise,0.9746956825256348,True,correct
"[NAME] doesn't want to leave St Louis, his family is there and won't move away.",neutral,neutral,0.8671937584877014,True,correct
I heard her affair wrecked his marriage. His wife saying anything about that would wreck [NAME].,neutral,neutral,0.41900011897087097,True,correct
Tell your husband. Its lies by omissions. Who are you to pick and choose what HE wants to know.,anger,anger,0.7178995609283447,True,correct
Happy to see that you're in recovery,joy,joy,0.977940022945404,True,correct
Because they are triggered. I’m just stating my opinion. It’s a bit fun.,joy,joy,0.9583251476287842,True,correct
"That's the problem I'm pointing, the media use stupid clicbait names and people get dumber and dumber.",anger,anger,0.8752761483192444,True,correct
I think the driver had the heart attack. She did not even give him a wave and a thank you for not smashing her precious child.,sadness,sadness,0.454198956489563,True,correct
One of the best pubs in London. Even more likely inside!!,joy,joy,0.9836305379867554,True,correct
"""You're my best friend in the whole world Mister [NAME]."" *meows for food*",love,joy,0.4828996956348419,False,love → joy
You know what to do. Start telling people.,joy,joy,0.471219927072525,True,correct
Hope all is well now xo,joy,joy,0.982125997543335,True,correct
Ugh I'm sorry man! Jerk off until your heart is content and don't apologize for it!,sadness,sadness,0.8932735919952393,True,correct
HER VOICE IS SO GOOD no wonder she likes phone calls,joy,joy,0.9637360572814941,True,correct
But it flattens the whole thing out.,neutral,neutral,0.8667579889297485,True,correct
"Deathly afraid, the undersides of boats too. I can't look if I see them in a picture or movie",fear,fear,0.9919746518135071,True,correct
"If everyone else can figure this out, then I don't see why it's so implausible for the US.",fear,fear,0.32997003197669983,True,correct
Does a civil suit create legal precedence? Edit: I'm assuming it's a civil suit.,surprise,surprise,0.5696319341659546,True,correct
Also Strike Anywhere. This thread makes my heart happy. <3,joy,joy,0.9018173217773438,True,correct
I’ve not had it happen on mobile but that is because I use apollo. This happens on desktop,neutral,neutral,0.8434301614761353,True,correct
"Conservative is massively brigaded on an hourly basis. Unfortunately, it requires strict moderation or else it is unreadable.",sadness,sadness,0.34056347608566284,True,correct
I love [NAME]. He’s just going to keep getting better.,love,love,0.9646509885787964,True,correct
"Omg, your screen name made me lol!!",joy,joy,0.9514283537864685,True,correct
That is not accurate based on the conversation i had with Mr. [NAME] today.,anger,anger,0.846406877040863,True,correct
Ah does look fun,joy,joy,0.9768967032432556,True,correct
"My point was they had no choice but to pull social levers to try and improve health, as they didn't have anything else at their disposal.",neutral,neutral,0.6327416896820068,True,correct
I'd smash,anger,anger,0.7065354585647583,True,correct
How can we send money to you?,fear,surprise,0.5983423590660095,False,fear → surprise
Enjoy the void,neutral,joy,0.9316138625144958,False,neutral → joy
[NAME] is still mad at [NAME] either way.,neutral,neutral,0.6859897375106812,True,correct
That whole thread makes me want to shake babies.,joy,anger,0.5610820651054382,False,joy → anger
As a Ringwraith this offends me. Please build me a snowfort.,neutral,anger,0.43335649371147156,False,neutral → anger
i would agree with that. i still dont see a good reason not to provide daycare though.,joy,joy,0.923061728477478,True,correct
Glad you came to your senses. Go feel uncomfortable about Lola bunny in Space Jam again.,joy,joy,0.7617856860160828,True,correct
"Yep California, I would've been surprised if they cleared him.",joy,surprise,0.9766749143600464,False,joy → surprise
Did you even read the post? Literally the first line says she doesn't do anything remotely house wifey.,surprise,surprise,0.8294236063957214,True,correct
"Psst, your spoiler tag is busted. Don't leave spaces between the ! and your text.",anger,anger,0.5209421515464783,True,correct
so true lmao,joy,joy,0.9363592267036438,True,correct
LSD or the fungal kind? Out of curiosity,surprise,surprise,0.9803563356399536,True,correct
That doesn’t seem like very responsible presentation of findings.,anger,anger,0.8985180854797363,True,correct
"Sure that's a good way. Unfortunately, I am not a gamer per se.",joy,joy,0.8060288429260254,True,correct
god damn this is some major league pathos,neutral,anger,0.7058734893798828,False,neutral → anger
Tell him his Gospels lack integrity due to their anonymity 😭😭😭😭😭😭😭😭,neutral,anger,0.47834402322769165,False,neutral → anger
"Nope, not a [NAME] fan at all.",anger,anger,0.9229688048362732,True,correct
"I know they are treated very well, but some of them do die.",anger,joy,0.5962359309196472,False,anger → joy
"Left or right, doesn't matter, just laugh at statists on all sides",joy,joy,0.5920556783676147,True,correct
I love how his armor got bigger and bigger as he got progressively fatter.,love,love,0.9856415390968323,True,correct
These memes are either on a 9gag level or r/funny levels of comedy. And I can't tell which is worse.,fear,fear,0.5725454092025757,True,correct
talking about me again?,neutral,surprise,0.6575605869293213,False,neutral → surprise
Yes! Dont you love to let babies suck you with a perfect jawline!,anger,love,0.5140945911407471,False,anger → love
"[NAME] said that it was recorded the monday after [NAME], that's why his voice is like that.",neutral,neutral,0.8725561499595642,True,correct
It doesn’t look cool,anger,anger,0.8656589984893799,True,correct
"Sorry, new at",sadness,sadness,0.9909379482269287,True,correct
Feel free to leave.,joy,neutral,0.6046686172485352,False,joy → neutral
"Sorry for the bad analogy, yours is way better",sadness,sadness,0.8744587898254395,True,correct
Shotgun! But do I get to play with all the buttons too?,neutral,fear,0.7678869366645813,False,neutral → fear
"I apologize, that sincerely was meant for Askreddit. If you look at my history you'll see that's where I always post. My mistake.",sadness,sadness,0.9744962453842163,True,correct
Well 216 is out now and Im crying. [NAME] why?,sadness,sadness,0.5771126747131348,True,correct
Bless u x,neutral,joy,0.5771530270576477,False,neutral → joy
I'd enjoy a nice warm hug. Along with a delightful conversation. But that works too.,joy,joy,0.9640169143676758,True,correct
Ohh I love bag designs,love,love,0.9929006099700928,True,correct
"I'm tired, but I can't sleep.",neutral,sadness,0.4060857594013214,False,neutral → sadness
Doesn't NY and NJ have reciprocity? Why did he have to take the NY bar at all?,fear,fear,0.5128613710403442,True,correct
They are so old and so predictable that they can NOT see how “silly” they look when they post articles like this......,sadness,neutral,0.45518553256988525,False,sadness → neutral
Then I’m sorry but this game really isn’t for you. Progression like that would ruin the base of what this game is.,anger,sadness,0.9391485452651978,False,anger → sadness
[NAME] is not good enough to get that angry.,anger,anger,0.9641956090927124,True,correct
Just leave that school go to a new one,neutral,neutral,0.8020834922790527,True,correct
"That's a very long way of saying ""I'm a moron""",neutral,anger,0.9501287937164307,False,neutral → anger
He also stepped in when seabs got suspended in the 2014 playoffs,neutral,neutral,0.7810274958610535,True,correct
Sounds like you are the one with salty tears mate,neutral,sadness,0.6256287097930908,False,neutral → sadness
I've never seen [NAME] dad look this relaxed ever. :D,neutral,joy,0.6096760034561157,False,neutral → joy
"YOUR momentum doesn't help you, its the direction you're aiming and THEIR momentum that does. they were probably backing up when that happened.",anger,neutral,0.5782362222671509,False,anger → neutral
Sorry I dropped this /sノ( ゜-゜ノ),sadness,sadness,0.9907413721084595,True,correct
Men are the worst.,anger,anger,0.957514762878418,True,correct
"Kinda both, they maintain a pin-up section in their newspaper bizarrely enough. Not like any of the credible newspapers in the province ever needed that.",neutral,anger,0.46224093437194824,False,neutral → anger
You've never been to England have you?,surprise,surprise,0.828758180141449,True,correct
Just tell her how you feel and make the next move,neutral,neutral,0.7781229615211487,True,correct
"Okay, I'll admit it. I laughed.",joy,joy,0.9739224314689636,True,correct
Then do lemon tek....trip last 3-4 hours but is very potent,neutral,neutral,0.8004984855651855,True,correct
She voted against the $700 billion budget last year. Her national security views are kind of hazy overall though. I don't know much about them.,neutral,fear,0.7305041551589966,False,neutral → fear
BECAUSE THERE IS A SHUTDOWN ATTACHED TO IT! HOW DO YOU NOT GET THAT?,anger,anger,0.4116560220718384,True,correct
"Hi, everyone! This is my 13 minute action/comedy short film, JUICY! I hope you all enjoy! Feedback is welcome.",joy,joy,0.9879184365272522,True,correct
"CBP are doing great work here. Well worth giving them some cash, can't wait to go visit",joy,joy,0.9822876453399658,True,correct
We either bout to get a road win or have another historical collapse,neutral,sadness,0.4429357647895813,False,neutral → sadness
"What a pretentious, self-promoting post.",joy,anger,0.9128115773200989,False,joy → anger
Somebody gettin fired,anger,anger,0.7804819941520691,True,correct
"I don't date women who smoke. As for pills or syringes etc, I don't find recreational drug users attractive. Similarly for being drunk.",anger,anger,0.9239635467529297,True,correct
"wow, we really live in future",joy,surprise,0.8310884833335876,False,joy → surprise
"This, in top of my already terrible mental health, is the reason why I'm severely underweight and need help.",sadness,sadness,0.7336199283599854,True,correct
Happy cake day!,joy,joy,0.9748480916023254,True,correct
"Since you called me out for saying that I am defending the attacker, then just point out which sentence I wrote led you to that conclusion.",neutral,neutral,0.47145169973373413,True,correct
Plus you forgot the best part... I can hang my hands from an outer vest,neutral,neutral,0.5985032916069031,True,correct
Oh my [NAME] I almost forgot about the hot dr pepper in a glass glass made of glass,joy,surprise,0.8953904509544373,False,joy → surprise
Looks like I posted it. Oh no!,sadness,sadness,0.46895724534988403,True,correct
LOL no its not all in the video. We have all seen the longform video now so its obvious that I was right.,joy,joy,0.9781307578086853,True,correct
I mean...that’s quite obvious. I’m just left wondering what the other item is. 2/10,surprise,surprise,0.9739617705345154,True,correct
Over under pistons score 87.5,neutral,neutral,0.8080800771713257,True,correct
Those guys are TOUGH. glad to see Blackwater back in business to keep the peace over there,joy,joy,0.9649817943572998,True,correct
Also would like to point out to you that fighter is actually a synonym of soldier.,neutral,neutral,0.6815617680549622,True,correct
"State or freedom, either way PR would be better off than the shitshow that was [NAME]",neutral,neutral,0.6927059888839722,True,correct
thanks. I will read these,joy,joy,0.9910955429077148,True,correct
"Honestly Texas deserves to win with they way they’re playing, they clearly came motivated and they’re outperforming UGA on both sides of the ball.",joy,joy,0.7762431502342224,True,correct
"[NAME] instead of [NAME] for me, but glad to see [NAME] is doing well.",joy,joy,0.9643892645835876,True,correct
Because she wanted to look at the American girls lol,neutral,joy,0.8998322486877441,False,neutral → joy
"I pose you this question, ""How do you know [RELIGION] is not the right religion?""",anger,neutral,0.32224172353744507,False,anger → neutral
"Haha, looks like it.",joy,joy,0.9775658845901489,True,correct
I have no shame in saying I still have my blanket from when I was a child. And a favorite [NAME] plushie.,joy,joy,0.4931103587150574,True,correct
DID YOU KNOW THAT CASHEWS COME FROM A FRUIT!?!?,surprise,surprise,0.9092448949813843,True,correct
If you hold the trigger after you shoot you don't unscope with bolt actions,neutral,neutral,0.8533419966697693,True,correct
"Ahh okay, that makes a lot of sense. But you're totally right, we've just gotta work as hard as possible.",joy,joy,0.981629490852356,True,correct
Dude this is definitely an exit scam. I went thru the crypsty collapse this feels exactly the same. It shouldn't take 30hrs to get 1btc out.,neutral,anger,0.7062438726425171,False,neutral → anger
"I never disappoint, just ask your mother. ;)",neutral,joy,0.5557767748832703,False,neutral → joy
Can you go see her in person?,surprise,surprise,0.9543112516403198,True,correct
He'll have to leave at some point. So might as well get him to a club where you don't have to despise him,neutral,neutral,0.627532958984375,True,correct
Am I the only INTP here who cared about deadlines. It's how I got so good at crunch time and working last minute.,neutral,joy,0.8872684836387634,False,neutral → joy
I've only been once but we parked at a Publix a couple miles away and had Uber drop us off at the gate. It was perfect,neutral,joy,0.6085703372955322,False,neutral → joy
The emblem on the left looks like a killer mrs puff from spongebob.,neutral,neutral,0.8297970294952393,True,correct
I find that relatable: I too am terrified of myself.,fear,fear,0.9468454718589783,True,correct
Been off since November 29th. I would rather be working and making money. Home gets boring,sadness,sadness,0.957425057888031,True,correct
Terribly sad story. I loved it.,love,sadness,0.5167409181594849,False,love → sadness
spark up bro. Welcome.,joy,joy,0.8264544606208801,True,correct
"Yeah, this just sounds like the usual Seattle understatement.",joy,joy,0.6169016361236572,True,correct
Dilly dilly!,neutral,neutral,0.8379499316215515,True,correct
"This is really helpful, thanks!",joy,joy,0.9921060800552368,True,correct
"Pft, don't kid yourself.",neutral,anger,0.71515953540802,False,neutral → anger
"Right now, it feels like a good thing but not a great thing. I don't love it... But I don't hate it.",anger,anger,0.8305975198745728,True,correct
My kids graduated college two years ago. Guess I missed it?,surprise,surprise,0.686808168888092,True,correct
we can only hope,joy,joy,0.9235033988952637,True,correct
I got banned on an old account for no discernible reason months after I had last posted there.,sadness,sadness,0.8787950277328491,True,correct
They get a bottle or i get a bottle...may as well share the wealth,joy,neutral,0.6820093989372253,False,joy → neutral
Looks like we found his natural position.,joy,joy,0.6057946681976318,True,correct
Yeah that helps. Thanks :),joy,joy,0.9912739396095276,True,correct
WAS can always pay the trade kicker. But am only willing to dump [NAME] for him. Not down for giving up DFS.,neutral,neutral,0.6861264705657959,True,correct
"The bottom comment: >Passing is the gold standard that determines whether you fit the social role of man or woman. [NAME], how regressive.",fear,anger,0.6576439738273621,False,fear → anger
You now have 3 threads about this within the last 10 hours. Pick one and stick with it.,anger,neutral,0.7991260290145874,False,anger → neutral
"[NAME] fucking [NAME] are you done yet racist motherfucker, you’re not helping society",anger,anger,0.9733327627182007,True,correct
"I'm 5'6"" and three quarters haha. Have hair though.",neutral,joy,0.9488024115562439,False,neutral → joy
Awesome use of open data. Love the app.,joy,joy,0.9569523334503174,True,correct
"oh, my bad",sadness,sadness,0.989245593547821,True,correct
Whatever it is it’s not even worth hearing,neutral,anger,0.9535703659057617,False,neutral → anger
"Ugh I love Stapleton. [NAME] has always really been loyal to the authentic sound though IMO, he definitely stands out.",love,love,0.9879521727561951,True,correct
It's good worrying about things that can be helped. Lol,joy,joy,0.9876576662063599,True,correct
I found a dentist (Aspen Dental) that text or email confirms every appointment and my doctors office has an app for everything from appointments to prescription refills.,joy,neutral,0.7841194868087769,False,joy → neutral
"Guys should also know that not every woman is a size queen. Average doesn't mean substandard, average means just right.",neutral,neutral,0.46167778968811035,True,correct
A bash that doesn’t guaranty anything? Isn’t that a bad thing I mean it’s one of the complaints of heard about lawbringers shove,surprise,surprise,0.4088420569896698,True,correct
"Not sure, I'm not good at expressing my feelings, and sometimes I get angry and say things that very hurtful",anger,anger,0.7825480699539185,True,correct
America will lose. You are mentally-deranged and the enemy.,neutral,anger,0.4768427312374115,False,neutral → anger
"As sure as gods got sandals, it sure beats fighting dudes with treasure trails",neutral,neutral,0.5791189670562744,True,correct
Thanks you!,joy,joy,0.9909736514091492,True,correct
What? Even his follow up comment was related to dog hair.,surprise,surprise,0.8052163124084473,True,correct
"Man, that sounds like a big stuff around. Good luck getting it sorted",joy,joy,0.958405613899231,True,correct
"Lindt is premium brand, im not surprised by this.",neutral,joy,0.6646113395690918,False,neutral → joy
Give an example of one with an entirely different meaning please. The context of what you mean by different is lacking.,neutral,neutral,0.5797494649887085,True,correct
It's got what plants crave.,neutral,neutral,0.6853867769241333,True,correct
So you're saying [NAME] doesn't have a personal vendetta against me?,neutral,surprise,0.7477473616600037,False,neutral → surprise
Cats are repulsive and they don't deserve to be pets,anger,anger,0.9624555110931396,True,correct
No that would be yet another mistake.,anger,anger,0.8590754270553589,True,correct
"That whole [NAME] bit of ""I'm not gonna rape you. I'm a little boy."" is oddly on target.",neutral,anger,0.6321320533752441,False,neutral → anger
I'm sad for the bot. They only want a purpose,sadness,sadness,0.9901608228683472,True,correct
"Their official logic is that it reduces turn-over, but yeah, the other reasons are kind of obvious.",neutral,neutral,0.5621621608734131,True,correct
I like this response. I can’t give you gold but have some honorary gold.,joy,love,0.9305608868598938,False,joy → love
People got angry about Apple getting royalty free photos as part of the competition so now Apple is actually paying people.,neutral,anger,0.8534315228462219,False,neutral → anger
I’m sooo excited for you!! I’m not dating right now but I love hearing someone be all verklempt.,joy,love,0.5039669275283813,False,joy → love
I was actually introduced to hbomb and breadtube in general Becuase of [NAME] vid on ds2. So thanks [NAME]?,joy,joy,0.6345775127410889,True,correct
Why the assumption that Kitchens will turn out better than JBC did? The scenarios seem very similar,fear,surprise,0.636034369468689,False,fear → surprise
"> The porn that I downloaded was Brazzers produced. In case you don't know, Brazzers is ***anal*** about their IP. Ha get fucked.",joy,anger,0.5787478089332581,False,joy → anger
I hope you get the mental help that you clearly need.,joy,joy,0.9812915325164795,True,correct
[NAME] is phenomenal. It’ll be a sad day once he’s gone,sadness,sadness,0.8672778606414795,True,correct
Those meddling kids will catch the 'spooky ghosts',neutral,neutral,0.7453868985176086,True,correct
"Maybe you’re just extremely boring and bland, and outright refuse to learn to take photos that don’t suck.",anger,anger,0.9305752515792847,True,correct
It was righteous,joy,joy,0.5850276947021484,True,correct
"D'oh, it's even in the title! Thanks.",joy,joy,0.9883826375007629,True,correct
No thanks.,joy,anger,0.9052244424819946,False,joy → anger
> Out of curiosity have you read The Great Partnership by Lord Rabbi [NAME]? I have not. But I do listen to his parsha podcast.,surprise,surprise,0.9839521050453186,True,correct
"Interesting, I did not know that. Thanks for the TIL! Could you recommend any resources that discuss this further?",joy,surprise,0.6291797161102295,False,joy → surprise
> This is just a waste of time. Just like making portland denizens use their tax dollars to built a stadium,sadness,anger,0.8284643888473511,False,sadness → anger
What a respectable women.,joy,joy,0.93857342004776,True,correct
It’s beautiful. I think I need to move. 😊,joy,joy,0.9897089600563049,True,correct
We have reached the stage where below 2 million is good. There truly is no bottom to this pit.,joy,joy,0.4678505063056946,True,correct
Aaaand yard sale!,neutral,neutral,0.8004796504974365,True,correct
Paying for the drinks doesn’t equate to drinking the drinks.,neutral,anger,0.52214515209198,False,neutral → anger
Left handers are rejoicing over this,joy,joy,0.5794757008552551,True,correct
Take a seat young ragewalker.,joy,neutral,0.6771290898323059,False,joy → neutral
Brooklyn-Boston playoffs would be the most toxic thing of all time. Only Sixers-Cs would be worse,anger,anger,0.8886298537254333,True,correct
Because they aren't different subspecies,neutral,neutral,0.8832910656929016,True,correct
"It’s not violence against political opponents if it’s against a tyrant, which you define as a political opponent",neutral,anger,0.6330696940422058,False,neutral → anger
Great site. Never heard of it. Thank you for passing along!,joy,joy,0.988043487071991,True,correct
The only problem is that what you will never hear pf their relationship through sponsorships.,sadness,sadness,0.620489776134491,True,correct
I've been really into reading nonfiction lately and ancient religious history sounds fascinating! Do you have any books you recommend?,surprise,surprise,0.886408805847168,True,correct
"Probably smashed his oil pan too, I'd give that car 3 miles to live.",neutral,neutral,0.7172493934631348,True,correct
Nah I think you're just feeling confident because you got a slamming deal on those clothes! I would feel the same way!,joy,joy,0.5559537410736084,True,correct
Kids at heart.,neutral,neutral,0.8351013660430908,True,correct
Twins.. my first time having having a child and I get twins. This is gonna be a ride lol,joy,joy,0.9608488082885742,True,correct
I've done this my whole life though...,neutral,neutral,0.5467875003814697,True,correct
"Haha yes. Thank you. No accidents, so it went well 😂😂",joy,joy,0.9915687441825867,True,correct
My husband and I have been circling the drain for years. :(,sadness,sadness,0.9778327345848083,True,correct
I had a GB in 1999 and it was worse than birthing my son. I would have loved to have had the sleeve....,love,sadness,0.7872276902198792,False,love → sadness
Holy balls! I hope that's your neighbor.,joy,joy,0.7541348338127136,True,correct
It's because attractive people don't have to work on their personality usually,neutral,neutral,0.7074233293533325,True,correct
They dont mind a second trump term if [NAME] 2020 looks likely,neutral,neutral,0.8666636943817139,True,correct
For the sake of sexual contrast.,neutral,neutral,0.8338459134101868,True,correct
Are you talking about equalization payments? Because BC doesn't get equalization payments.,surprise,surprise,0.5749766826629639,True,correct
I’m more sorry that there are actual [NAME] fans...,sadness,sadness,0.9907271862030029,True,correct
"Sapa is pretty good, but Takashi is by far the best quality sushi in Salt Lake.",joy,joy,0.9820718169212341,True,correct
Well two other close testers are really upset about rolling,sadness,sadness,0.980930745601654,True,correct
This hit me with de good ol memories,joy,neutral,0.5795022249221802,False,joy → neutral
I enjoyed this nearly as much as I enjoy too many pints.,joy,joy,0.9861087203025818,True,correct
THE ONLY RUMOR I'VE EVER HEARD IS WHETHER OR NOT THE SEARCH FUNCTION EXISTS. SPOILER ALERT: IT DOES.,joy,fear,0.8146185874938965,False,joy → fear
Nobody claims that 20th century socialism was a utopia. Please remember your own comment before replying.,anger,neutral,0.4019654393196106,False,anger → neutral
Unfortunately if you’re looking for game info about the Detroit Basketball team your in the wrong sub.,joy,sadness,0.9285246133804321,False,joy → sadness
That is disgusting. He should be embarrassed.,anger,anger,0.9519568085670471,True,correct
This is just so sweet! That's all. :). So sweet.,joy,love,0.5552111864089966,False,joy → love
"Nobody left Milky Way yet because of reapers. It’s not possible nobody got in for the same reason, or a similar more localized reason",neutral,fear,0.5727187991142273,False,neutral → fear
I found it interesting that [NAME] wasn’t addressed in FA or until the later rounds of the draft.,surprise,surprise,0.8887957334518433,True,correct
Grim Reaver!!!,neutral,neutral,0.889686644077301,True,correct
Why make it a video? Could have just been a text post.,surprise,fear,0.5170683860778809,False,surprise → fear
Please seek medical help,joy,joy,0.9022759199142456,True,correct
700 euros per week for 16 hour days 6 -7 days a week is shite and well below minimum wage if you work it out per hour.,sadness,anger,0.7810086607933044,False,sadness → anger
"If they actually have more evidence that he was deeper than originally suspected, then I have no sympathy.",neutral,anger,0.8455053567886353,False,neutral → anger
My friends that were badly injured from the first fight. Read my backstory comment.,sadness,neutral,0.8283059597015381,False,sadness → neutral
I don’t know why but this made me crack up so hard!,fear,joy,0.8370363712310791,False,fear → joy
"Wipe them out, all of them!",neutral,anger,0.9288540482521057,False,neutral → anger
"Well, no- the person serving you already provided ID to get the job, so they’ve already confirmed their age",neutral,neutral,0.6838136911392212,True,correct
Oh yeah. Here's hopin to Persona next.,neutral,neutral,0.5995528101921082,True,correct
Break ups are hard. Hope you feel better.,joy,joy,0.829982340335846,True,correct
These are the same people who thought liking hot sauce was a major scandal,neutral,neutral,0.4748419523239136,True,correct
I wish that were a thing 🙄,joy,joy,0.97419273853302,True,correct
I'm just gonna take this as a metaphor for idiot units.,neutral,anger,0.7738739848136902,False,neutral → anger
"Yeah I'd recommend it, definitely an easy watch",joy,joy,0.9499481320381165,True,correct
This reminds me of the Percy Jackson series :P they do the same thing at one point when they visit a dam :P,neutral,neutral,0.5987798571586609,True,correct
"He has 3 years as first team manager, he signed the contract in November, but it doesn't matter",neutral,neutral,0.8364946246147156,True,correct
My point was that it’s creepy. I never said it was illegal.,anger,anger,0.9461211562156677,True,correct
That's a great comparison,joy,joy,0.9896312355995178,True,correct
"Well first, im against government period, and second im conveying this under a layer of satire to make the ideas spread more easily",anger,anger,0.4416559934616089,True,correct
Btw- I love your flair!,love,love,0.9867610931396484,True,correct
omgad that monster!,neutral,surprise,0.7877725958824158,False,neutral → surprise
um what about just not engaging and leaving?,anger,fear,0.4852261543273926,False,anger → fear
[NAME] got a thing for redheads? [NAME] would love to have a word with you.,love,love,0.8375212550163269,True,correct
This girl wasn't molested. She was a young (legal) girl who thought it was cool to get with someone her dads age,joy,neutral,0.7065649628639221,False,joy → neutral
"[NAME] today is great, when he plays like this he is a rly good player",joy,joy,0.9870873689651489,True,correct
Do you have the voting link? I went on the NHL website but I didn't see anything.,fear,surprise,0.8955139517784119,False,fear → surprise
My dumb ass thought it was meant to be a magic wand and he was reversing time and I was really confused.,fear,fear,0.9840855598449707,True,correct
Buddy you are mad online right now. Take a deep breath or a Xanax,joy,anger,0.8597111105918884,False,joy → anger
One of my favorite moments,joy,love,0.977119505405426,False,joy → love
Just dump it on the other side of that fence down there...ssss,neutral,neutral,0.6069114804267883,True,correct
I thought they were motor vehicle accidents.,neutral,fear,0.5332458019256592,False,neutral → fear
"I’m sorry to be that guy, but I don’t get it",sadness,sadness,0.9659557342529297,True,correct
i curse you,anger,anger,0.9607554078102112,True,correct
Not enough accurate data on [NAME] civil to stay true to their identity unless they want to make a Spanish invasion related storyline,neutral,neutral,0.6861698627471924,True,correct
"Oh that’s actually seriously a relief, how do you know that though?",surprise,surprise,0.6215136051177979,True,correct
My guess is they work with older folks,neutral,neutral,0.7054039239883423,True,correct
The junkies that hang around there can make some good jokes about getting blitz'd,neutral,joy,0.7887771129608154,False,neutral → joy
"Oooo I see, I was hoping it wasn't a troll thing, it seemed really tasteless.",anger,joy,0.9516018033027649,False,anger → joy
Can anyone confirm the [NAME] likliness? Asking for a friend.,neutral,surprise,0.8999710083007812,False,neutral → surprise
That's when they brew their second cuppa before work haha,joy,joy,0.8747866153717041,True,correct
GO SUB TO HIM HES THE BEST,joy,joy,0.6801311373710632,True,correct
That sounds awesome! So good to have someone able to teach you their skills 😊,joy,joy,0.9916297793388367,True,correct
All women are useless - maybe if you made better choices it would be better for ya,neutral,anger,0.5655943155288696,False,neutral → anger
Get ready for another wasted season,anger,sadness,0.8083524703979492,False,anger → sadness
I have no clue either,fear,fear,0.9850776195526123,True,correct
Cats/dogs for sure. It would be refreshing.,joy,joy,0.49427297711372375,True,correct
"Awesome, that's super good news :D",joy,joy,0.9908629655838013,True,correct
haha packing it in already after a regular season loss,joy,joy,0.9501042366027832,True,correct
There is a guy that looks like [NAME] in my local Walmart,neutral,neutral,0.7239312529563904,True,correct
My opinion is that anyone smart enough would simply not work for [NAME] in the first place.,anger,anger,0.6440162658691406,True,correct
"It's okay. One day you won't be so sad and angry, and people will still accept you.",joy,joy,0.8007414937019348,True,correct
It appears [NAME] has come back as a cat.,neutral,neutral,0.8048620820045471,True,correct
That's a surprise from this guy.,surprise,surprise,0.9832233786582947,True,correct
What a wonderful story! Thank you so much for sharing that just made me smile .,joy,joy,0.99169921875,True,correct
Does anyone know how much the skin is supposed to cost? Edit: And does it put the lotion on it's skin?,surprise,surprise,0.7953992486000061,True,correct
"I love my kids. I don't always like my kids, but I love them.",anger,love,0.9918265342712402,False,anger → love
>![NAME] get the crossbow before it's too late he can't breath oh [NAME] please hurry im shaking and crying rn!<,fear,sadness,0.5248594880104065,False,fear → sadness
"Thank you, man🌱",joy,joy,0.9906564950942993,True,correct
Is that not with mice though? I could be wrong or maybe its rats & mice. Edit: field mice in particular.,fear,fear,0.9609652757644653,True,correct
Super dumb that people are downvoting you for asking a question in good faith.,anger,anger,0.9296281933784485,True,correct
"Daily would be great, but...life stuff like work sometimes get in the way.",joy,joy,0.903741180896759,True,correct
"Waahha, ohh, they massawaaa... STOP IT. YOU CAN ACT LIKE A MAN.",anger,anger,0.8767933249473572,True,correct
"Yeah lol, my bad.",joy,joy,0.9832478165626526,True,correct
[NAME] living her best life in Germany.,joy,joy,0.7017492651939392,True,correct
"Missed that, wishful thinking, I was hoping they would team up for a little",joy,sadness,0.9153269529342651,False,joy → sadness
"No I don’t want it to be unhappy or unhealthy AT ALL, just more like a normal/fussy baby.",anger,anger,0.8968074917793274,True,correct
[NAME] was so much cuter then. Also WOW that interview is cringy,joy,sadness,0.6397548913955688,False,joy → sadness
Very legal and cool,joy,joy,0.9559640288352966,True,correct
"I like all of them, depending on what I want to learn. I really like [NAME] and [NAME] style, because they are such trolls.",anger,love,0.9263671040534973,False,anger → love
What camouflage?,fear,surprise,0.666853666305542,False,fear → surprise
And you better fucking get there early too! Bargain shoppers don't fuck around.,anger,anger,0.9334856271743774,True,correct
"And she has ignored every single one of them, as expected of course.",anger,sadness,0.33185142278671265,False,anger → sadness
Make sure he gets some glucosamine(!),neutral,joy,0.4969036281108856,False,neutral → joy
"Bi people can be attracted to trans and non-binary people, too.",joy,neutral,0.8241443634033203,False,joy → neutral
I think its his brother ?,surprise,fear,0.755815863609314,False,surprise → fear
"By his comment I would say that he is in fact, a simpleton. So, too late.",anger,neutral,0.6164736151695251,False,anger → neutral
It's even worse when you get someone from NJ who has no clue how to drive in the city environment.,anger,anger,0.9369890093803406,True,correct
Thats....that's pretty normal...prolly somewhere in the ballpark of 280miles...If you dont have a fuel efficient car its not hard to do.,neutral,joy,0.5279712677001953,False,neutral → joy
I had a huge crush on the lead singer back in the day. Still have no idea what this song is about but love it.,love,love,0.9062349200248718,True,correct
Really? I love that show,love,love,0.7935952544212341,True,correct
correct. [NAME] was our 3rd round pick. Hand lookin like the steal of the draft,joy,neutral,0.5003427267074585,False,joy → neutral
I think a [NAME] government would be far far worse than Brexit.,neutral,anger,0.8692920207977295,False,neutral → anger
> eaten out by their coach,neutral,neutral,0.8643985986709595,True,correct
The fact you have to explain this at the third grade level is pathetic. People think somone preventing his own murder is a tragedy.,sadness,sadness,0.8074363470077515,True,correct
Gonna be sad when Gameday is inside a gym for shooty hoops. I already miss CFB :(,sadness,sadness,0.9916114211082458,True,correct
I would have thought so yeah.,neutral,joy,0.7160645723342896,False,neutral → joy
"""one of us will be right!"" Or...ya both wrong and wasted your energy being dumb asses instead of enjoying it.",anger,anger,0.8528863191604614,True,correct
You seem pretty upset about this. It's not an email it is a formal filing. It doesn't surprise me you don't understand that though.,sadness,sadness,0.9732863306999207,True,correct
Looks like something you would see in a comedy movie.,joy,joy,0.6719664931297302,True,correct
"Don’t regret the time, had it been sooner you might be absent a kid or three!",joy,sadness,0.8294835090637207,False,joy → sadness
I agree with this,joy,joy,0.9881331324577332,True,correct
> As long as they dont bother people or start a mess. When are they not?,anger,neutral,0.3821226954460144,False,anger → neutral
My ex with BPD said this to me about her ex. They have been apart for nearly a year.,neutral,neutral,0.6787232756614685,True,correct
You ain't wrong,joy,neutral,0.3860991895198822,False,joy → neutral
I loveeeeee Perth!!!! Why isn’t anyone else gushing about this town?,love,love,0.9067341089248657,True,correct
"You are correct, this happens everytime to me",joy,joy,0.9812667369842529,True,correct
Yeah that does not mean anything It’s a wallet that they have been using with another exchange and they use it to send money to you.,neutral,anger,0.5274417996406555,False,neutral → anger
Is that Arcade club i spy? I love it there!,joy,love,0.8918129205703735,False,joy → love
Oh hey I have those jeans,neutral,joy,0.5161392688751221,False,neutral → joy
then youll do just fine!,joy,joy,0.7507372498512268,True,correct
They do sound kinda not worth it then. At least large ones don't sound worth it. You have my sympathy.,joy,anger,0.3936973810195923,False,joy → anger
Same reaction I had last week when I learned that [NAME] was once engaged to [NAME].,surprise,neutral,0.4717124104499817,False,surprise → neutral
This is not porn lol,joy,joy,0.9153602123260498,True,correct
No I meant like did they then forget and ask a follow up question. Basically making the situation more funny.,joy,joy,0.9198371767997742,True,correct
Please do!,neutral,joy,0.8848327398300171,False,neutral → joy
I'm full of envy. Would love to be on that sort of money! But I fail to see the problem with it.,joy,joy,0.8224228620529175,True,correct
Awesome! I just recently custom made some art for my razer panthera! It certainly is a lot of fun to do! 👍,joy,joy,0.9895846247673035,True,correct
"Yeah they’d probably want more than [NAME] and [NAME]. [NAME], maybe [NAME] can finesse them too lol",neutral,joy,0.8172163367271423,False,neutral → joy
"My fiancé and I went to a friends house and just hung out until midnight and watched fireworks, it was so chill and perfect!",joy,joy,0.8134575486183167,True,correct
Well that made me want to continue to live in Alberta.,joy,joy,0.871990442276001,True,correct
"She likes sending nudes? I mean, just go with the flow and see what happens.",surprise,surprise,0.8275169730186462,True,correct
""" Personal responsibility"" code for ""if you aren't rich, get fucked!""",neutral,anger,0.89178866147995,False,neutral → anger
Even this tweet reeks just from the description provided (and the way her friends must look/smell). I’m gagging.,neutral,anger,0.4458048939704895,False,neutral → anger
I have but I sugar discreetly and I’m genuinely afraid to have that compromised due to the field I’m in,fear,fear,0.9897876977920532,True,correct
"You forgot to put ""armchair"" in front of your name.",neutral,neutral,0.5434879660606384,True,correct
I’m having a counseling this weekend ... nothing to be scared.... just tell them about your feelings and what are you worrying about..,joy,fear,0.6920896172523499,False,joy → fear
"It's racism. It doesn't make me angry, it makes me feel sorry for their ignorance and yours.",anger,anger,0.8693080544471741,True,correct
Just get in front of him and stop,neutral,anger,0.6857988238334656,False,neutral → anger
Thanks!!,joy,joy,0.9909233450889587,True,correct
I agree.,joy,joy,0.9880863428115845,True,correct
Is...Is this a Hitman themed FE Shitpost?...I dunno whether to be happy or impressed by this.,joy,fear,0.984867513179779,False,joy → fear
Hahahahhahhaha!!! Thats the right wing in a nutshell.....,joy,joy,0.9751833081245422,True,correct
"“Guys watch out, the scary looking kid is coming down the hall”",fear,fear,0.9764767289161682,True,correct
They are both owned by the same parent company and they probably wanted to get their money's worth since Taco Bell isn't really prevelant in EU,neutral,neutral,0.8649303913116455,True,correct
i feel like slapping /s after everything sucks the fun out. it's not my fault people are autistic.... /s,anger,anger,0.8014419078826904,True,correct
"I did! Never moving back, I love my life in the ""big smoke"".",joy,love,0.986638069152832,False,joy → love
I can’t believe sb found this even remotely funny.,joy,surprise,0.7261634469032288,False,joy → surprise
"Ah, yes. Again with those goddam ballbusting monkeys. If I had a dollar...",neutral,anger,0.8662269711494446,False,neutral → anger
You can get a penta from 30 seconds after the quad.,joy,neutral,0.898195207118988,False,joy → neutral
"""How did they get away from everyone. ""Fillies and gentlecolts,we are gathered here today to honor the nation of England for this Oscar.",neutral,surprise,0.789330005645752,False,neutral → surprise
Great! Now down with [NAME]!!,joy,joy,0.9828166961669922,True,correct
"Nah... i think he made around 90... i tried searching up his pocket, and fuck me...",neutral,anger,0.9236208200454712,False,neutral → anger
A Buzzfeed article about 20 perfect pairs of boobies,neutral,neutral,0.7189489603042603,True,correct
So much lonely,sadness,sadness,0.992465615272522,True,correct
Apparently we are tragedies!,neutral,sadness,0.9681636095046997,False,neutral → sadness
Now [NAME] is the popular one!!,neutral,joy,0.6926265954971313,False,neutral → joy
He was a US Attorney and Mayor of NYC. He's not an idiot and knows exactly what he's doing.,joy,joy,0.686590850353241,True,correct
"Yep, this cunt again.",neutral,anger,0.958588182926178,False,neutral → anger
I do watch legends and lol yes we all know she existed/originated in the future. I also know that this is a different [NAME] from the [NAME].,joy,joy,0.9447407126426697,True,correct
"That's weird to hear since in Hebrew ""Son of man""- Ben Adam, simply refers to humans in general.",anger,anger,0.8869183659553528,True,correct
"Your ""other people"" comment was.",neutral,neutral,0.7594171166419983,True,correct
but it's [NAME] saying it so sorta disappointing,neutral,sadness,0.9902077317237854,False,neutral → sadness
"Oh [NAME]. But I'm sort of confused as to how the pic was taken, sorry if you said it but I'm a bit stupid and tired",fear,fear,0.9856799840927124,True,correct
Oh! Im also Chinese (Singaporean) and due to the laws here my boyfriend and i are looking to go elsewhere...,sadness,sadness,0.4207223951816559,True,correct
I love her doctor. You need to send him some chili and cornbread,love,love,0.9913485646247864,True,correct
I have an issue metabolizing medications fast. I'll wake up during surgeries so they give me a lot of drugs.,sadness,sadness,0.648421049118042,True,correct
I am inexplicably excited by [NAME]. I get so excited by how he curls passes,joy,joy,0.9890391826629639,True,correct
Isn't this researching online?,neutral,fear,0.5265938639640808,False,neutral → fear
Oh oh oh,neutral,surprise,0.7408282160758972,False,neutral → surprise
"Damn, ultimate efficiency.",joy,joy,0.470966100692749,True,correct
Monero enthusiast here. Make me happy and call me a liar again.,joy,joy,0.7090016603469849,True,correct
Don't worry you'll outlive them.,joy,joy,0.8787157535552979,True,correct
"oh no I agree that its edited, but I think she has other things going on too.. BDD at least",joy,joy,0.9407231211662292,True,correct
"I don't know, they'd have to reduce the accuracy of the NPCs a bit then cause I sure don't like 1-shotters using aimbot",neutral,anger,0.8787958025932312,False,neutral → anger
"When he puts it in too fast and you don't have time to let your walls expands, this is exactly how it feels...",joy,neutral,0.7532246708869934,False,joy → neutral
Ooh you made them?! Awesome!! I hope you enjoyed them. 5 cheeses sounds like a great decision.,joy,joy,0.9566104412078857,True,correct
That's a pretty laughable response. Pretty r/iamverybadass actually.,joy,joy,0.8950616121292114,True,correct
">While Austin is a great city that should embrace its first major pro franchise, What is this conformist nonsense?",neutral,joy,0.45498427748680115,False,neutral → joy
Thanks mate. It's just a process now. Fingers crossed that time will heal all (or most) wounds!,joy,joy,0.9889799356460571,True,correct
"Right, ok thank you.",joy,joy,0.9896404147148132,True,correct
I went skiing in another state and ran into a gaggle of students. Distance guarantees nothing.,neutral,neutral,0.52851802110672,True,correct
Weird but effective,anger,anger,0.5163571238517761,True,correct
I dont blame you I have a stuffed otter my gf and I got in Catalina I wont even let my niece play with it,neutral,anger,0.6630507707595825,False,neutral → anger
"Thank you very much, I must have missed these while I didn't have regular Internet access. Sorry for putting you on the list in error.",joy,joy,0.7624970078468323,True,correct
Sad to see this as a one-off. [NAME] seemed to be really enjoy the game and itself. Will give the game a try.,neutral,sadness,0.8883122801780701,False,neutral → sadness
Excited to see this kid in red and black some day,joy,joy,0.972572922706604,True,correct
Congrats and be well. Peace and tranquility to you. !,joy,joy,0.9854419231414795,True,correct
These are both beauties. Those big dark eyes and that smile.,joy,joy,0.9729052782058716,True,correct
Tell her boyfriend and send him the screenshots of her saying she’s having affairs for proof. Then cut this toxic person out of your life!,neutral,anger,0.8869171738624573,False,neutral → anger
So I did. Good call.,joy,joy,0.9438257217407227,True,correct
I'm ugly and able to bump uglies with someone I can make laugh. Mission accomplished.,anger,joy,0.6993137001991272,False,anger → joy
Thank you all for the karma I’ve gotten!,joy,joy,0.9913114309310913,True,correct
"It's the app, you get daily readings, you can communicate with the other members, reminders, etc, download the app you'll see",neutral,neutral,0.8819620013237,True,correct
[NAME] didn't refuse to trade [NAME] to the Lakers out of spite. He saw nothing he wanted.,neutral,neutral,0.5931008458137512,True,correct
"Seriously, I spit up my drink reading ""The GOP not the ones threatening children"". I know a few thousand kids in cages that might disagree.",sadness,anger,0.807330846786499,False,sadness → anger
I don’t know how to link but if you search within this page there was a whole thread on it,fear,fear,0.9499832987785339,True,correct
A girl came into him recently and he pre maturely ejaculated. He had to type this.,neutral,neutral,0.8725900650024414,True,correct
"I've have a serious fear of getting winded, this video made my balls fall off",fear,fear,0.9902651309967041,True,correct
Done. Good riddance. Thank you for your comment,joy,joy,0.9893214702606201,True,correct
"Yep. If we don't come up with a solution, there is no need for solutions to anything else.",joy,joy,0.45995232462882996,True,correct
That’s only really annoying if it’s excessively slow,anger,anger,0.9720436334609985,True,correct
The comments on this thread are what I expected and that makes me sad.,sadness,sadness,0.9906671643257141,True,correct
"yea he had 6 assists which created 13 points, if he had 13 points and no assists people would be calling it a great game for him",anger,joy,0.8813697695732117,False,anger → joy
"The Lidl ones definitely don't taste like Weetabix, if they are make by Weetabix then they must be using different stuff!",neutral,neutral,0.5016487240791321,True,correct
"it’s not something you get over, but it’s something you get through",neutral,joy,0.6462798118591309,False,neutral → joy
Doing my part,neutral,joy,0.5873458385467529,False,neutral → joy
And chocolate comes from child slavery.,neutral,neutral,0.9024145007133484,True,correct
"Nobel prize, u/Otomyre, Nobel prize! I’ll see you in Sweden!",surprise,joy,0.4758097231388092,False,surprise → joy
Bold of you to a̢̢̘̜̹͖͓̣̼̰͎̞͚̖͟͝͠s̷̻̮̝͍̕͘͝͝ş͏͕͈̻̺̬̻̱̫̙̠̜͚̗̯̤͔̙̫ų̖̰̭̺̳͕͔̥̳̟̻͖̗̪͙̕͜͝m̨̢̲͚̪͢͝ͅe̹̣̻͙̻͕̦̕͠,neutral,neutral,0.7598500847816467,True,correct
"I want this back ""I want us back"" I missed the part where that's my problem",sadness,sadness,0.9080841541290283,True,correct
"If you’re working out, juicy AF, and needing to pay for escorts you must be got damn ugly in the face.",anger,anger,0.9329318404197693,True,correct
"Just curious, how many supplies did you take?",surprise,surprise,0.9853544235229492,True,correct
"Dive into that sweet sweet goodness, buddy. View the meetup the woman being lucky to be around you, and it gets much easier.",joy,love,0.5546607375144958,False,joy → love
This r/dbdgonewild/,neutral,neutral,0.9241251945495605,True,correct
I'm a [NAME] and tripping has only strengthened my faith. To each their own.,neutral,joy,0.7986041903495789,False,neutral → joy
Why am I seeing this everywhere now? This wasn't in my vocabulary last week.,fear,fear,0.5437459945678711,True,correct
I honestly predict a riot on the scale of the 2011 ones if we undergo a no-deal brexit - possibly even worse. It's terrifying.,fear,fear,0.9837805032730103,True,correct
*Hey just noticed..* it's your **1st Cakeday** Spottedgriffin! ^(hug),joy,love,0.46052977442741394,False,joy → love
Wow that's not OK,anger,surprise,0.4947369396686554,False,anger → surprise
"I’m with you, like shouldn’t we call someone or make sure this was followed up on? This poor guy.",surprise,sadness,0.7774938344955444,False,surprise → sadness
I'd like to add spontaneously experiencing unending self-loathing because you suddenly remembered that embarrassing thing you did 3 years ago.,joy,sadness,0.9796109199523926,False,joy → sadness
i'm calling [NAME] noms with [NAME] [NAME],neutral,neutral,0.9436119198799133,True,correct
"It won't be anything with ""Last"" in it, because TLJ. But it miiiiight be something with ""Final"" in it.",neutral,neutral,0.7854828238487244,True,correct
That's where cap 2 sleeps. Leave it be,neutral,neutral,0.9116940498352051,True,correct
It's in case he suffers from amnesia and forgets his name.,fear,neutral,0.8126658201217651,False,fear → neutral
"No it doesn't. It's a lie. [NAME] is not far right. The US hasn't ""installed"" anyone",neutral,anger,0.8469074368476868,False,neutral → anger
Why are you trying to do that? What’s going on?,fear,surprise,0.6701756715774536,False,fear → surprise
I have tried to stay away from using the word “[RELIGION]” as much as possible to stay agreeable with the current styling guide of the church.,neutral,joy,0.7442391514778137,False,neutral → joy
You better be!,neutral,joy,0.7082410454750061,False,neutral → joy
What a combo of food,joy,surprise,0.402986615896225,False,joy → surprise
Oh man that hurt to watch,sadness,sadness,0.9904025793075562,True,correct
"You asked if I verified. You set the goal post, not me.",neutral,anger,0.6446329951286316,False,neutral → anger
They don’t have that on iOS unfortunately 😭 but thank you for the suggestion!,joy,joy,0.9755626916885376,True,correct
[NAME] throwing the ball to Spain,neutral,neutral,0.9453369379043579,True,correct
This must be what you get angry about when you don’t have any actual problems in your life.,anger,anger,0.9199432134628296,True,correct
Jealousy is unbecoming,anger,neutral,0.6758871674537659,False,anger → neutral
good luck! I wish you the best <33,joy,joy,0.9918867945671082,True,correct
"Thank you!! Makes sense, I was deciding between laxes and stool softeners so I think I'll just go with the lax teas",joy,joy,0.9901830554008484,True,correct
I don’t know what I’m to say I’ll say it anyway,fear,fear,0.9738034605979919,True,correct
I was just explaining why the whole vote with the wallet thing doesn't really apply.,neutral,neutral,0.6637882590293884,True,correct
Nah the highest voted stories on nosleep these days are about sexual abuse or something along those lines,neutral,anger,0.7990109324455261,False,neutral → anger
GAA' isn't a sport...,anger,anger,0.704588770866394,True,correct
"Thanks man, I managed to feel better by letting loose with some music - definitely a *much* better way to pull out of a dive.",joy,joy,0.9883395433425903,True,correct
Don’t forget Kylie 1.0 was in it !!,neutral,neutral,0.5870630145072937,True,correct
Big ups. The small things make the difference.,neutral,neutral,0.5807403326034546,True,correct
I dont know.,fear,fear,0.9007974863052368,True,correct
Who are these women messaging [NAME]? He looks like a very average-looking teenager.,surprise,surprise,0.8111900687217712,True,correct
mystery solved.,joy,surprise,0.35966452956199646,False,joy → surprise
"Did he beat all the bosses solo? If he did, he's less of a scrub than I am.",joy,surprise,0.8122893571853638,False,joy → surprise
>Make I've never hated a commentator more in my lifetime then him,anger,anger,0.9241489171981812,True,correct
Its very popular in the not comic book demographics.,neutral,joy,0.7889828085899353,False,neutral → joy
"Yea, husband learned his lesson quite quick. Thank you! :)",joy,joy,0.9914805889129639,True,correct
They must have seen you.,neutral,neutral,0.7113922834396362,True,correct
Let's kill and eat them all. That'll stop those damned animals from deforesting my forests,anger,anger,0.966108500957489,True,correct
"It was a terrible, terrible thing to do. He did every day of his time for it, has expressed regret, and has not repeated it.",fear,fear,0.8316037058830261,True,correct
Real nice guys are just kind people.,joy,joy,0.9661945104598999,True,correct
Pretty much every Punjabi dude I've met.,joy,neutral,0.8535330295562744,False,joy → neutral
Now you're appropriating the Bullingdon Club's culture.,neutral,neutral,0.48676154017448425,True,correct
No response after a week? That's something to worry about.,fear,fear,0.9790604114532471,True,correct
Thats exactly what a J-word would say,neutral,neutral,0.7421388626098633,True,correct
Well if we just started in the second quarter in both games...we would have come out ahead!,joy,neutral,0.5262751579284668,False,joy → neutral
I'm sorry it happened like that for you. I really can't imagine.,sadness,sadness,0.9858830571174622,True,correct
"C'mon Mr [NAME], you're not going to eat all that watermelon.",anger,anger,0.64149409532547,True,correct
"Op you're fine, anyone who's actually been in your situation would have reacted the same. This commentor is just trying to make you feel bad.",joy,anger,0.48277634382247925,False,joy → anger
"It's simple, I asked, and she lied.",neutral,anger,0.44239187240600586,False,neutral → anger
I am really excited for you! We texted a few weeks before we met too! The first hugs and kisses were the best!,joy,joy,0.9893684983253479,True,correct
Your harshest critic will always be yourself,neutral,neutral,0.4169336259365082,True,correct
"That's a lot of words to say ""I'm upset that women don't want to date me.""",sadness,sadness,0.991121768951416,True,correct
these are quite normal thoughts for depressed people,neutral,joy,0.4385368227958679,False,neutral → joy
Yeah cause no man has ever been falsely imprisoned due to allegations proven later to be false,anger,neutral,0.4737149178981781,False,anger → neutral
We give them too much money.,neutral,neutral,0.49674656987190247,True,correct
"There's so many! Auntie [NAME] and Dame [NAME] are two of the best. But personally, the bass player from Spiderbait, [NAME].",neutral,joy,0.9234421849250793,False,neutral → joy
"OMG, my two favorite franchises and the two best girls!!",joy,love,0.5685918927192688,False,joy → love
Damn video made me think there was audio!!,sadness,surprise,0.36316534876823425,False,sadness → surprise
You've described my parents who have been happily married for 36 years. You are good dude.,joy,joy,0.979796290397644,True,correct
Upvoted for visibility. Disapprove of the poll results.,anger,anger,0.8804287314414978,True,correct
Don't wear out our [NAME]. We need him if this season is going to amount to anything.,joy,neutral,0.5484064817428589,False,joy → neutral
Where can I get some? These are awesome!,surprise,joy,0.8568079471588135,False,surprise → joy
If you’ll check my medical records you’ll see I have a crippling arthritis in me index fingers,neutral,neutral,0.42557772994041443,True,correct
[NAME]: [NAME] is your nephew [NAME]: is this about your dad and bro?,neutral,surprise,0.5341758728027344,False,neutral → surprise
I can't understand why Pepsi and Coke are the two most popular sodas. Or why fans think they're so different.,fear,fear,0.9876537919044495,True,correct
"I think we should conduct a study and find out, otherwise I don’t know and you don’t either",fear,neutral,0.3968468904495239,False,fear → neutral
"Yeah, I'll admit I like Kuzma. [NAME] does kind of remind me of a less talented [NAME].",joy,love,0.8732215166091919,False,joy → love
"There's a correlation between how corrupt a country is and how corrupt it is perceived. edit: DOI:10.1023/A:1013882225402, If you can't acces, scihub still exist.",neutral,neutral,0.8393012881278992,True,correct
"What a loser, sad.",sadness,sadness,0.9899312257766724,True,correct
I saw a slightly longer clip where a woman came and shooed them off.,neutral,neutral,0.624578058719635,True,correct
He couldn't block a shot if it was from my dead grandma,neutral,neutral,0.8035978078842163,True,correct
I'm afraid of having a sit down with them amd not being heard. But I might have to for my safety.,fear,fear,0.9911696910858154,True,correct
"Why can’t we do both, approve wall funding and more border agents now and stop holding 800k federal workers hostage.",neutral,anger,0.4869751036167145,False,neutral → anger
ASK AND YOU SHALL RECEIVE,neutral,neutral,0.8163672089576721,True,correct
"I crave physical contact. I get irritable if I go too long without it, which conflicts with the fact that I also enjoy being alone.",fear,anger,0.7099785208702087,False,fear → anger
From that angle his face looks like the big built guy from jersey shore.,neutral,neutral,0.6139207482337952,True,correct
"Welcome to switzerland 😂 I see it everyday, when I'm on my way to work.",joy,joy,0.9344212412834167,True,correct
"I love bein' inside u, baby",love,love,0.9937002658843994,True,correct
"Wow, who can afford this one?",surprise,surprise,0.962039589881897,True,correct
Oh hell no. Shes blind!!! No way in HELL is she ever being left alone with it.,sadness,anger,0.6373029947280884,False,sadness → anger
More admired than [NAME] [NAME] is admired by starbucks baristas. Unemployed kids. And cat ladies,joy,joy,0.6401291489601135,True,correct
"Too bad he went back home to Nepal, it's always great seeing these young spinners getting a go in the BBL.",sadness,joy,0.7387884259223938,False,sadness → joy
"I do feel sorry for the squirrel, but I wouldn't say the dog is a jerk for acting on natural instinct.",sadness,sadness,0.811534583568573,True,correct
If we can’t even score on the power play pulling the goalie made no sense,anger,anger,0.7883933186531067,True,correct
You are goddam funny sir,joy,joy,0.9824021458625793,True,correct
"would you kiss a girl if you're drunk tho? Edit : why the downvotes? It's just a question, geez",anger,surprise,0.8399856090545654,False,anger → surprise
Just mild burns and witty comebacks...,neutral,neutral,0.5676350593566895,True,correct
"The 10 game rule for expansion also includes AHL games, so regardless of his stint up here he was going to be made available in the Seattle draft",neutral,neutral,0.7129114866256714,True,correct
I think some of them expect there to be a cashier standing like a statue at every register at all times no matter how slow business is!,neutral,neutral,0.807280421257019,True,correct
"And those offences are not Criminal Code offences. Criminal Code offences require it be established ""beyond a reasonable doubt"" that an accused actually committed the offence.",neutral,neutral,0.6369150280952454,True,correct
"Wow, I don't know how [NAME] handled that",surprise,surprise,0.9103280901908875,True,correct
She said she was ok moving out ... now she isn’t. I have no idea.,fear,fear,0.9427820444107056,True,correct
LPT: Make sure your chickens aren't pink anywhere by just chucking them in a 1000° oven,joy,neutral,0.6349719166755676,False,joy → neutral
There was definitely 90s-drama-film-esque piano music playing when this unfolded.,neutral,neutral,0.6175753474235535,True,correct
"I woulda ""sneezed"" with my drink in my hand and launched it right behind me",neutral,neutral,0.6902502179145813,True,correct
BASED AND REDPILLED,anger,neutral,0.9093238711357117,False,anger → neutral
What about from the POTUS?,surprise,surprise,0.8030995726585388,True,correct
my parents did this for 8 years. apparently it’s a lot of fun,joy,joy,0.9827392101287842,True,correct
*sigh* just take it ⬆️,joy,neutral,0.8825925588607788,False,joy → neutral
"This is true, but For THIS situation, it's time to take notes on the situation and do better on the next one. She deserves better.",joy,joy,0.9279026389122009,True,correct
[NAME] is a damn fool. No wonder his ex-wife is his boss and his babysitter.,neutral,anger,0.9469965100288391,False,neutral → anger
This question was on here like 2 days ago with 95/5,neutral,neutral,0.8758264780044556,True,correct
"Yes. We actually just talked about it too. Dont know if he took me seriously, but am trying.",joy,joy,0.7174296379089355,True,correct
"Just read your list, sounds great!! You have some creatures even I didn’t think about 👍!!",joy,joy,0.9872720837593079,True,correct
Sitting at home drunk waiting for my tech to charge so I can sit out back and listen to music lol,joy,joy,0.9355654120445251,True,correct
We just let a guy go last month - voluntary resignation. He was a great worker but didn't want to train others.,joy,joy,0.6994220614433289,True,correct
"Really? Wow. You’re either hopelessly ignorant or you’re trolling. For your sake, I hope you’re trolling.",surprise,joy,0.4676070809364319,False,surprise → joy
Now *I’M* angry,anger,anger,0.9796017408370972,True,correct
You're a turd,anger,anger,0.9498621821403503,True,correct
That’s her way of saying you aren’t getting the job,neutral,neutral,0.5598288774490356,True,correct
Why did we have [NAME] that one year shoot against Draymond. I dunno because its entertainment and story lines.,fear,fear,0.7433850169181824,True,correct
I'm trying to get you laid. Maybe then you'd stop acting like the giant douchebag you are.,neutral,anger,0.8031430840492249,False,neutral → anger
"Shhhhhhh ... It will be ok, honey.",joy,joy,0.8339468240737915,True,correct
"I never thought about that. Good point. Cursed and wilted rose, unlike [NAME] rose emblem.",neutral,joy,0.9482133984565735,False,neutral → joy
I thought you were suggesting a bigger knife for a second.,neutral,neutral,0.5335577130317688,True,correct
It's not an conscious choice to be uncomfortable about something.,neutral,anger,0.8224459886550903,False,neutral → anger
"[NAME] shot has been quite frankly terrible tonight, wayy too strong on most of his looks",fear,fear,0.8435057997703552,True,correct
They had [NAME] on MSNBC and he said the same thing. This is the next phase in operation freakout.,neutral,neutral,0.8225457072257996,True,correct
smell that? desperation. You can smell it.,neutral,fear,0.5674216151237488,False,neutral → fear
"""12 inch""",neutral,neutral,0.9619582891464233,True,correct
So they're just not going to change it like they did in the Louisville game? That's cool..,neutral,joy,0.36801961064338684,False,neutral → joy
Wow. This is messed up.,surprise,surprise,0.6794289946556091,True,correct
"Meanwhile, 1500 a day continue to die from cigarettes",sadness,sadness,0.9088336229324341,True,correct
"Beautiful place, been there in September!",joy,joy,0.9898042678833008,True,correct
"That's awesome. For the record, I do get anxious over very non intrusive questions, I really have a tenancy to read too much into things.",joy,fear,0.6402656435966492,False,joy → fear
Sounds really boring so I hope you like it,love,joy,0.7165965437889099,False,love → joy
"Oh nice, gonna add that to the list. Thanks!",joy,joy,0.9912269711494446,True,correct
I'd very much doubt many people believe there was no awareness or complicity.,fear,fear,0.8954989314079285,True,correct
Whoever told you that is lying.,neutral,anger,0.8718264698982239,False,neutral → anger
It's pretty warm in Australia during this time of year.,neutral,joy,0.8519697189331055,False,neutral → joy
I'll take a window seat for lmao at this.,joy,joy,0.8142458200454712,True,correct
Before things like that can happen we need to first atleast make it stable and usable for the people that actually do pay,neutral,joy,0.533980667591095,False,neutral → joy
"Yes, that is exactly what happened.",joy,joy,0.9205228686332703,True,correct
Please make a separate post that includes these territorial changes and not one for each village. Thank you for your efforts.,joy,joy,0.9833821654319763,True,correct
"Omg. I just noticed that! Holy fuck, how does she smell?",surprise,surprise,0.9478581547737122,True,correct
He must've done something real bad. I played with a guy who by all counts was an asshole but never received more than mutes.,sadness,anger,0.5622618198394775,False,sadness → anger
"I think it's time to let him go, for your life's sake!",neutral,joy,0.8207157850265503,False,neutral → joy
Problem is fornite kids are playing fortnite.,neutral,neutral,0.4693944752216339,True,correct
"Crippling? How so? It’s with Fox Sports right? I figured they probably had a good deal with them, but maybe not.",neutral,fear,0.5513085126876831,False,neutral → fear
And still our government is not responsible enough to pay its bills. It's rather pathetic.,sadness,sadness,0.9499515295028687,True,correct
Thank you 😊,joy,joy,0.9919806718826294,True,correct
This made [NAME] [NAME] verrrrrrry famous this year. She was always famous but this year her sounds and food descriptions won her the top award!,neutral,joy,0.9023867249488831,False,neutral → joy
I've been watching too much my 600lb life...I instantly hear dr. [NAME],sadness,neutral,0.7778877019882202,False,sadness → neutral
It really do be like that sometimes,neutral,neutral,0.5920695066452026,True,correct
Respect my authoritah! Demanding respect sounds like a guarantee of not getting it.,joy,joy,0.9065684080123901,True,correct
IM GOING TO GO BACK TO INDONESIA UNLESS YOU STOP PAYING CHILD SUPPORT YOU SHOULD BE SUPPORTING ALESS AND [NAME],anger,neutral,0.5941230058670044,False,anger → neutral
I'd be down with the big baller himself.,neutral,neutral,0.8153222799301147,True,correct
A waste of money to you is not a waste of money for everyone.,anger,anger,0.6709645986557007,True,correct
I just unassigned and left,anger,neutral,0.7278571128845215,False,anger → neutral
What is a punishment if not an undesirable consequence imposed by others?,neutral,surprise,0.6440085768699646,False,neutral → surprise
"It's a shortcut, dude, he just knows the map!",joy,neutral,0.6189368963241577,False,joy → neutral
Midland has a ton of smart people. A lot of petroleum engineers.,joy,joy,0.8314911127090454,True,correct
nice to see that more special needs are out in the work force. go get em pal.,joy,joy,0.9196729063987732,True,correct
on the rim,neutral,neutral,0.9509149789810181,True,correct
"Boy what an accomplishment, so proud!",joy,joy,0.9849013686180115,True,correct
Now you have to make up all these downvotes with some low-hanging-fruit criticism comment of [NAME] or [NAME]. Good luck and cheers!,joy,joy,0.8533305525779724,True,correct
Please give us updates. Oh wow.,joy,surprise,0.6758257746696472,False,joy → surprise
That isn't normal or healthy. Stop obliging her obsession.,anger,anger,0.9587545990943909,True,correct
I once went alert on N1 and killed 3 people.. 2 maf and a doc. Doc got resurrected later thankfully,joy,joy,0.6577466726303101,True,correct
I’m not sure are we now taking the word of the FBI and Navy as legitimate sources or what’s happening here lol?,joy,fear,0.9547335505485535,False,joy → fear
They are awesome!,joy,joy,0.9907208681106567,True,correct
Oh 100%. And I could see [NAME] & [NAME] both picking [NAME] cause of how she wanted to play the game.,joy,neutral,0.8288493752479553,False,joy → neutral
"Could not agree more. Personally, I love watching any comp at pro level. GOATS is fun to watch the micro play and ability timings and synergy",anger,love,0.8842224478721619,False,anger → love
"The reaction is incredible. I’m quite certain it’s satire as well, but its impact is depressing as hell.",sadness,joy,0.6455039381980896,False,sadness → joy
Doesn't mean we can't improve on what we have,anger,anger,0.4488372802734375,True,correct
Interesting. I wonder how does this work. Does it do swaps itself? Does it utilize the currency exchange listings? I'll check it out later.,joy,surprise,0.9571376442909241,False,joy → surprise
It's a seemingly a pretty heavy duty trailer but definitely putting some stress on bearing assembly slamming a log into it sideways like that.,neutral,neutral,0.5216267108917236,True,correct
Lol the actual state of this Nothing wrong with pointing out [NAME] was a cunt snowflake Suppose it makes a change from your usual woman hating posts,joy,joy,0.790543794631958,True,correct
The lack of stick skills [NAME] lacks is actually astounding.,surprise,surprise,0.7970333099365234,True,correct
I'm sad can someone make me feel better Feel like shit rn just want [NAME] back,sadness,sadness,0.9840205907821655,True,correct
"Excess of 300 partners and not using protection is unappealing to me, I dont want catch anything",anger,anger,0.8405859470367432,True,correct
Seen this result coming. Best result for us and rangers unfortunately.,joy,sadness,0.8444774150848389,False,joy → sadness
"just apologize. what other advice could you possibly require? you fucked up, now deal with it.",anger,anger,0.8104391694068909,True,correct
What do you mean by delicate flowers?,fear,fear,0.888160765171051,True,correct
"But we did get an awesome transit line from downtown to the airport, plus most of the Olympic facilities existed before the games.",joy,joy,0.9514967203140259,True,correct
Am I not supposed to have what I want? What I need?!?,anger,fear,0.7787153124809265,False,anger → fear
What are the Four Agreements?,neutral,surprise,0.7548114061355591,False,neutral → surprise
Which one?,neutral,surprise,0.7906451225280762,False,neutral → surprise
"*Not wearing makeup the next day* ""Are you okay? You look sick.""",neutral,surprise,0.3071000277996063,False,neutral → surprise
Oh my [NAME] why did I look,neutral,surprise,0.9265732765197754,False,neutral → surprise
"Yeah, I mean it's not like anyone else has ever shut down the Government.",neutral,neutral,0.5689764618873596,True,correct
They are taking advantage of the fact that you found this thread and realized you have to do is one more day until you get it.,joy,neutral,0.7513153553009033,False,joy → neutral
Only for a week? You are a great optimist!,surprise,joy,0.953732967376709,False,surprise → joy
What a block by [NAME],neutral,neutral,0.5535667538642883,True,correct
"It won't, it will stop the ones who cross the border. Not a very hard concept.",joy,anger,0.4752672016620636,False,joy → anger
Yikes. I was kind of excited to get a new [NAME] if he gets last man in but I'll pass on these butt ugly jerseys.,joy,joy,0.654761791229248,True,correct
I love this wow,love,love,0.9930974841117859,True,correct
This could have been done in two panels and that’s honestly what annoys me the most about this,anger,anger,0.9677107930183411,True,correct
"One of my coworkers made the wait list. Great guy, but yeah, it is a rich getting richer situation.",joy,joy,0.9893324375152588,True,correct
"Okay, I'll try to find one. Sorry about that.",sadness,sadness,0.9512941837310791,True,correct
I destroyed about 1/2 of them because black snakes are actually a good thing to have around. I just didn't want too many of them.,joy,joy,0.6392413377761841,True,correct
You don’t have to hate players just for being on a different team. I hate that [NAME] is an [NAME]. I don’t hate [NAME],anger,anger,0.9699422717094421,True,correct
"Go with her, eat healthy food with her too. It may help",joy,joy,0.7439863085746765,True,correct
we go!,neutral,neutral,0.8858027458190918,True,correct
"Oh, my [NAME]",surprise,surprise,0.9709290862083435,True,correct
Dude got owned by a glass of cider. He spent a full month roiling and gnashing his teeth in an existential nightmare because of sulphites.,neutral,neutral,0.3798476755619049,True,correct
[NAME] just wants to post pics of her facetuned of herself for attention while acting morally superior to those other girls. fuck off,anger,anger,0.9079575538635254,True,correct
He’s also got a girlfriend that he really seems to care about....,joy,joy,0.4519050121307373,True,correct
Maybe they are jealous that you found happiness.,neutral,neutral,0.4211479127407074,True,correct
I'm glad you made a Reddit account to inform us how much you totes don't care bro,joy,joy,0.7234081625938416,True,correct
On to the next one!,neutral,neutral,0.8024917840957642,True,correct
I’m kind of scared to talk to my manager about it,fear,fear,0.9917433857917786,True,correct
"They'll investigate themselves and nothing will happen. Detroit police bully everyone. An they wonder why no one likes them, Respects them, Or why people run from them.",anger,anger,0.7084566950798035,True,correct
"[NAME] has been attacking the basket a lot this game,good to see.",joy,joy,0.9576736092567444,True,correct
This is an old carnie trick. There are sites that have debunked this guy.,neutral,neutral,0.6707127690315247,True,correct
The best losers of grand finals cod has ever seen,joy,joy,0.7322947978973389,True,correct
Everytime I get to hug someone.,joy,love,0.42459994554519653,False,joy → love
"Oh, grilled nuggets. Haven't really seen those at fast food places so I thought they were just the regular nuggets",surprise,fear,0.4667600691318512,False,surprise → fear
"This is amazing, man. Kick some ass, make good food, get paid. Congratulations",joy,joy,0.9794720411300659,True,correct
What are you talking about?,neutral,surprise,0.45332515239715576,False,neutral → surprise
"Look [NAME] is here ""Where the fuck was he an hour ago, gary, where!?""",anger,anger,0.7258752584457397,True,correct
"I saw that fan art once, where [NAME] is drawn as [NAME], and its funny cause they're both my favorite characters in Persona and Jojo",love,joy,0.9558899402618408,False,love → joy
Congrats!!! Thatll be me in May and I cant freaking wait!,joy,joy,0.9485757350921631,True,correct
"It was a painful cringe, too. Are we masochists?",sadness,fear,0.7383049130439758,False,sadness → fear
"And they won‘t until it hits them - or not even then, somehow blaming it on others too.",neutral,neutral,0.7354710698127747,True,correct
Oof this hits home,joy,neutral,0.8376255631446838,False,joy → neutral
still would be great. especially if we get [NAME] from denver aswell in FA,neutral,joy,0.9756984114646912,False,neutral → joy
I’m sorry. Can you please explain what are the 2 accounts of the order of creation are contradictory?,surprise,surprise,0.6518933176994324,True,correct
Itll happen. Im 36 and i think i finally found the one last year 🤞,joy,joy,0.7795011401176453,True,correct
"Your smartly worded refutation of the whole of the rest of Christendom has swayed me completely, Rome is the only true home! Hurrah! Hurrah!",joy,joy,0.8954401016235352,True,correct
I believe he means he was a very pretty child to become otherwise after puberty...,joy,joy,0.7322232127189636,True,correct
This is a bit of a political post but I just felt like venting.,neutral,anger,0.40083739161491394,False,neutral → anger
"They cant see me, bc I cant see them!",neutral,neutral,0.7341261506080627,True,correct
He’a establishment trash. I despise [NAME].,neutral,anger,0.9583120942115784,False,neutral → anger
Them boys smelling even more blood in the water. Rack them fuckin points up boys!,anger,anger,0.9537988901138306,True,correct
"Not having social media is such a blessing for me, it’s weird he messaged your mum though! I bet she loved hearing from him!",anger,joy,0.732086718082428,False,anger → joy
Let's hope January treats us a little better than December.,joy,joy,0.9610939621925354,True,correct
"For [NAME] sake, they used OFFICIAL ones , my god. Fucking animals.",anger,anger,0.9594247937202454,True,correct
Rule 2 of firearms: Never point the muzzle at something unless you’re ready to poke tiny holes in it.,joy,neutral,0.6450685858726501,False,joy → neutral
"Thank you so much kind sir, now im excited to start reading the LN!",joy,joy,0.9928136467933655,True,correct
"2 Minute [NAME] is the scariest [NAME]. I fear they have yet again, like the regular season game, scored too soon.",fear,fear,0.9903295040130615,True,correct
"Thank you so much, this is beautiful",joy,joy,0.9913839101791382,True,correct
Thanks! I'm now quite excited. Unless of course they all decide to skip straight from Chatswood to Gordon.,joy,joy,0.9897789359092712,True,correct
"Hope you're not [RELIGION], 'cause that ain't kosher...",joy,joy,0.7421592473983765,True,correct
"You really don't comprehend anything my man, now do you? Goodness gracious the amount of stupidity.",anger,anger,0.6396875977516174,True,correct
But hes still in love with me just not as much as he used to be... and he calls me.,love,love,0.9809725284576416,True,correct
Thought it was StuPOTity when I first heard it....,neutral,fear,0.4638446867465973,False,neutral → fear
It's over! Move on and find a better partner.,joy,joy,0.532230019569397,True,correct
Lol i got bottled by one of them in a brawl with a bunch of the nazis,joy,joy,0.9451995491981506,True,correct
That shit sent me on a fucking journey to read.,anger,anger,0.9669620990753174,True,correct
Your comments have been removed. This is a community for support. Repeat violation will result in a ban. Thank you for understanding.,neutral,joy,0.9757382273674011,False,neutral → joy
So the article is pretty much nonsense.,anger,anger,0.9356209635734558,True,correct
There are quite a few hideous high rises in dallas. But also some beautiful and iconic ones.,neutral,joy,0.9156404733657837,False,neutral → joy
17.5 i pm what i got at 18,neutral,neutral,0.9397056698799133,True,correct
Sounds weird but dont swallow,surprise,anger,0.9001082181930542,False,surprise → anger
It's absolutely beautiful,joy,joy,0.9874452352523804,True,correct
That is even worse. No tax from them and we provide them with services.,anger,anger,0.9554073214530945,True,correct
Come on really. I’m for gay rights.,joy,joy,0.6201906204223633,True,correct
"Holy bait-and-switch, [NAME]. I’m so sorry, that has to be incredibly stressful to have to be around and deal with.",fear,sadness,0.9864259958267212,False,fear → sadness
[NAME] should have come back. I'm surprised you could get any worse than the s10 one but shit i was wrong.,surprise,surprise,0.9061756134033203,True,correct
Hahaha for real..,joy,joy,0.9752123355865479,True,correct
"It's so weird having HGs up this early, but I love having something to watch before my 8am lecture starts.",anger,love,0.9663170576095581,False,anger → love
I want to know how she thinks you can convert fat into muscle,surprise,surprise,0.9686342477798462,True,correct
"I'm a woman, 50-adjacent, and a descendant of slaves. I like hot sauce but I hate [NAME].",love,anger,0.9578367471694946,False,love → anger
You're naive if you think they won't balance it out somehow in the future.,neutral,anger,0.6597358584403992,False,neutral → anger
"Correct, you eat to survive, but you you eat animals for pleasure.",neutral,joy,0.6790778040885925,False,neutral → joy
I gave him a hug and told him how glad I was that he was okay after the police assault. He’s amazing!,joy,joy,0.9906863570213318,True,correct
"Of course these are all conspiracy theory shitposts BUT just because he got squeezed out, doesn’t mean they want him playing for a rival team.",anger,anger,0.8705658316612244,True,correct
You're a hottie!,joy,joy,0.9477552175521851,True,correct
"That's the impression I've always had, but man the owner gets snippy if you disagree on your review!",neutral,anger,0.7837242484092712,False,neutral → anger
"I appreciate [NAME] diving for that, but because he did, it lead to wide open Korver transition 3. About as automatic as it gets",neutral,joy,0.9690794944763184,False,neutral → joy
wait they actually lost lmao. i stopped watching halfway cuz i thought SPY had it in the bag ^^^^andigotmywatchrewards,joy,joy,0.4890730381011963,True,correct
The best ever you are the [NAME]!!,neutral,joy,0.9763956069946289,False,neutral → joy
"My only criticism is xhaka, too slow on and off the ball.",anger,anger,0.7338798642158508,True,correct
Thats the high life of empowerment.,joy,joy,0.7172811031341553,True,correct
Never let facts get in the way of a good story.,neutral,joy,0.5751582384109497,False,neutral → joy
feeling like im not normal and that im shameful and wrong and other people telling me those things are what have done this to me,sadness,sadness,0.9568607807159424,True,correct
I spent a good portion of my childhood in Arizona and Colorado. I love the rain and greenery here in Oregon,love,love,0.9874525666236877,True,correct
"Hip hop has fallen down so far music in general, since the 90's.",sadness,neutral,0.7941116094589233,False,sadness → neutral
why is this hard to believe it’s totally believable,fear,surprise,0.9497984051704407,False,fear → surprise
If only they were more like [RELIGION] amirite?,neutral,surprise,0.7531653046607971,False,neutral → surprise
Probably when they fired their cartoonist a few months ago for having the wrong opinions.,anger,neutral,0.6028388142585754,False,anger → neutral
Really not sure how that’s your takeaway.,anger,fear,0.986929178237915,False,anger → fear
This is where [NAME] loan becomes a bad idea. I know he wouldn't start but now there's no backup RB.,neutral,sadness,0.6903879046440125,False,neutral → sadness
"So it's we now eh jerk-off, as in troll farm to creat FUD and drive the premium up on the order book. I knew it.",neutral,neutral,0.628412663936615,True,correct
What type would you classify House from House M. D.? (T. V. SHOW BUT OK,neutral,surprise,0.7462232708930969,False,neutral → surprise
Hysterical!!!!,neutral,fear,0.8227572441101074,False,neutral → fear
He's not my type but [NAME] is handsome AF. /s,joy,joy,0.7399587035179138,True,correct
If they want to attack [RELIGION] they should be honest with the website title Imagine a [RELIGION] creating a website and calling it WikiChristianity and constantly attack [RELIGION].,anger,neutral,0.823529064655304,False,anger → neutral
Interesting isnt it?,surprise,surprise,0.9446722269058228,True,correct
This is clearly the world's most dangerous gang,fear,fear,0.9535114169120789,True,correct
[NAME] SHOT THE PUCK *AND* WE SCORE Who woulda thunk,joy,anger,0.6566078066825867,False,joy → anger
"I used to know a guy back in HS, and college. Every male in his family had been struck by lightning, except him.",neutral,neutral,0.6374543309211731,True,correct
Oh! Thanks for clarifying. The entire time I thought it was written by a child to their OWN parents. I'm thick.,joy,joy,0.9428790211677551,True,correct
Looks like these guys were sold Brexit lies,neutral,sadness,0.4094477891921997,False,neutral → sadness
We can’t have that,anger,anger,0.942677915096283,True,correct
"Nothing special, just love a good knife fight. Bonus Revive.",love,love,0.9700061082839966,True,correct
"Parliamentary systems don't have the same separation of powers anyway. But it's the executive of Bavaria, not the federal executive telling them how to vote.",neutral,neutral,0.5154165029525757,True,correct
I'm afraid I'll pick something else.,fear,fear,0.9907225370407104,True,correct
You got any more of that weed?,surprise,surprise,0.9158787727355957,True,correct
A fork and spoon could be a fapoon?,surprise,fear,0.6293004155158997,False,surprise → fear
More Nice Guy IMO.,joy,joy,0.8548773527145386,True,correct
I DON'T KNOW WHAT TO DO WITH MY HANDS,fear,fear,0.9774414896965027,True,correct
Super righteous.,joy,joy,0.6934040188789368,True,correct
"Not gonna lie, kinda looks like a unicorn sneezed on waffles",neutral,anger,0.6422514319419861,False,neutral → anger
"Lol. Unfortunately, yes. >sigh<",joy,joy,0.9777723550796509,True,correct
"Depends. Are your ""toys"" dildos and butt plugs? Or needles and strangers?",surprise,fear,0.7190902233123779,False,surprise → fear
"I have basically that print on a t-shirt, it's definitely coming out of the closet more often as soon as the campaign is official.",joy,neutral,0.5898995995521545,False,joy → neutral
"I’m here, I’m here! Thank you all!",joy,joy,0.9921252131462097,True,correct
The self righteous feel no shame,anger,neutral,0.7312958240509033,False,anger → neutral
Reads like a movie script to me.,neutral,neutral,0.5871298909187317,True,correct
"Way too small, what a bummer.",neutral,sadness,0.9578824639320374,False,neutral → sadness
"May live in Florida, but [NAME], NJ born and raised!!",neutral,neutral,0.8572638630867004,True,correct
For both of you together? The fuck company are you using.,anger,anger,0.9685115814208984,True,correct
"That's that frequency dying in your ears. Enjoy it, because you will never hear that exact frequency again",joy,joy,0.9449581503868103,True,correct
Who cares? 2019 season hasn’t even started,surprise,surprise,0.5362964868545532,True,correct
I never said anything about that lmao,joy,joy,0.7985737323760986,True,correct
Lack of a dart board.,neutral,neutral,0.44565439224243164,True,correct
"Surely hope so, buddy. Surely hope so.",joy,joy,0.9658678770065308,True,correct
I don't think you're allowed to administer a vaccine to someone who is sick/injured.,sadness,anger,0.943530797958374,False,sadness → anger
Sorry for your loss yesterday. Your team is poised to do even better in the years to come and hopefully they will.,joy,joy,0.641252338886261,True,correct
Certainly not haha,neutral,anger,0.8081790804862976,False,neutral → anger
Happy cake day!,joy,joy,0.9748480916023254,True,correct
"I don't always do this, but when I do, I'm listening to the unedited version of ""Killing In The Name Of"".",neutral,neutral,0.7048517465591431,True,correct
You look better when people can’t see you <3,joy,joy,0.8559809923171997,True,correct
Can you imagine being the person in this costume #mascotlivesmatter,neutral,surprise,0.912474513053894,False,neutral → surprise
Every single time a person has demanded to see an MD rather than me I have appreciated the dodged bullet. It's never fun for the physician.,joy,joy,0.618724524974823,True,correct
please report the physical and emotional abuse to the police so there is record of it. And get a lawyer ASAP.,neutral,anger,0.42532050609588623,False,neutral → anger
"I feel sorry for people that think Reddit (or even some random sub-reddit) is ""an international stage"".",sadness,sadness,0.9835188388824463,True,correct
May [NAME] bless and keep the President... far away from us!,joy,joy,0.696809709072113,True,correct
"I think years...I'm not ready and I know it, but I know years",anger,sadness,0.3676582872867584,False,anger → sadness
i feel betrayed by the community,sadness,sadness,0.9907312989234924,True,correct
"It's hard to have a nuanced opinion, innit? But I don't like everything he does. This is one if them.",anger,anger,0.8966648578643799,True,correct
"Stocks have less market friction...there is also more chaos due to the amount of individuals vying to make money there, compared to here.",fear,neutral,0.7176936268806458,False,fear → neutral
Just speak with a Sheffield accent lmao,neutral,joy,0.7059518694877625,False,neutral → joy
"You just made my point, you obnoxious whining kid",sadness,anger,0.9483941793441772,False,sadness → anger
Oof.. :(,neutral,sadness,0.9743821620941162,False,neutral → sadness
sounds like you are a man who is uncomfortable with women's sexuality.,neutral,anger,0.7720686197280884,False,neutral → anger
This was my biggest problem. And I'd want a nap too. That's why I have to shower at night.,joy,sadness,0.9006969928741455,False,joy → sadness
"no phone in the site, just some dragons enjoying the moment",neutral,joy,0.6012522578239441,False,neutral → joy
very pretty lady.,joy,joy,0.9909961223602295,True,correct
"This was extremely helpful, many thanks!",joy,joy,0.9919393658638,True,correct
auto play really sucks but sex education was a really good show ngl I binged the whole thing in like two days.,neutral,joy,0.5477052927017212,False,neutral → joy
"I think in 1.0 it's a lot harder to SDI out of Fox's dair, but I forget why",fear,fear,0.891135036945343,True,correct
Insomuch that I'll probably avoid any Stahly products in future :|,joy,joy,0.5116555094718933,True,correct
Won’t Molotovs create more waste?,fear,surprise,0.7918865084648132,False,fear → surprise
Follow up #2: Story has been removed,neutral,neutral,0.9208940267562866,True,correct
"At least he's finally done one thing right. Utter fucking disappointment at every level, by every metric.",sadness,sadness,0.9435098171234131,True,correct
Yeah that dragon one with the same style ? Mesmerizing. I believe there's also one close to Civic center,joy,surprise,0.5307691097259521,False,joy → surprise
I don't drink at all specifically because the next day is sheer terror.,fear,fear,0.9857301712036133,True,correct
What? I didn’t understand a thing of what you said.,fear,fear,0.9575918316841125,True,correct
[NAME] better see the floor today,neutral,neutral,0.8605934381484985,True,correct
I saw that comment and wondered if someone was going to post it here. I almost feel bad. Maybe they’re lonely.,surprise,sadness,0.6246869564056396,False,surprise → sadness
"Submissive? ""she’s a [NAME] so literally it’s like a brand new car [NAME] has blessed me with."" You're disgusting.",anger,anger,0.9567537307739258,True,correct
Justified or not he'll probably go before [NAME],neutral,neutral,0.5542288422584534,True,correct
"Hes looking for a handout of 3 free meals a day, education and skill training and a roof over his head. Jail, it works.",neutral,neutral,0.7783674597740173,True,correct
"That guy who said that it's a good idea to never smile towards women you like? Pass, the book was ultra-overrated",surprise,anger,0.8509203195571899,False,surprise → anger
"Does that person only eats rocks? Because if you put bacteria and human beings on an equal footing, everyone is a fucking cannibal.",neutral,anger,0.8697104454040527,False,neutral → anger
"She's reading Canada's extradition act but not Canada's extradition treaty with the USA. I've had this argument before, it's pointless.",anger,anger,0.8963421583175659,True,correct
"I have a 17 year old friend who just googles ""memes"" to get his fix",neutral,neutral,0.8365456461906433,True,correct
Rip I guess.... Hope op does that Also happy cake day!,joy,joy,0.9744311571121216,True,correct
ok so that was fucking sick,sadness,anger,0.959748387336731,False,sadness → anger
You’re wrong. Source: I looked before I commented the first time.,anger,anger,0.8988272547721863,True,correct
I’ve thrown up,neutral,sadness,0.6991852521896362,False,neutral → sadness
[NAME] is an awesome film school...not surprised this came from Dodge,joy,joy,0.9842907190322876,True,correct
"I’ll be honest I really don’t care. I’m happy to know that others care about this, but eh you do you",joy,joy,0.8638207912445068,True,correct
I’m sorry you have to deal with that,sadness,sadness,0.9879850745201111,True,correct
It was done before and it was terrible,fear,fear,0.9587032198905945,True,correct
"As a person that regularly down votes people that repost front age gifs, I will award you an upvote because this makes me laugh every time.",joy,joy,0.9505204558372498,True,correct
You mean hormonal differences?,neutral,surprise,0.6061736345291138,False,neutral → surprise
Explains why I couldn't connect to their forums.,neutral,fear,0.41854166984558105,False,neutral → fear
Child labor laws are ruining this country,sadness,sadness,0.5277234315872192,True,correct
I want to so bad it hurts. I guess I'm just scared.,fear,fear,0.9895774126052856,True,correct
I never said she wasn't a downgrade. But on r/political_revolution the complaint seems to be that she didn't endorse anybody in 2016.,anger,neutral,0.48377498984336853,False,anger → neutral
"Just saying he could of said maccathy, kingsbury, or caldwell was his favorite. [NAME] had choices.",neutral,neutral,0.8918164968490601,True,correct
The jockeys one is amazing I don't know what you're talking about.,fear,joy,0.9582228064537048,False,fear → joy
Gotta boost that self esteem.,neutral,joy,0.8340625762939453,False,neutral → joy
It’s amazing how buggy this game is. Itd [NAME] buying a new car with most of the parts broken. We will fix it eventually.,joy,joy,0.8279154300689697,True,correct
Yep. Id say ever since Diablo 3 it was shown that the company was no more. They no longer were gamers making games for gamers.,neutral,neutral,0.5663323998451233,True,correct
Thank you!! That’s me as [NAME]!,joy,joy,0.9903928637504578,True,correct
"Help, I'm scared and want to go back.",fear,fear,0.9912886619567871,True,correct
thats not good,anger,anger,0.9324626922607422,True,correct
Become friends with people who work night shift. We are always up at crazy hours and need a distraction from our work.,joy,neutral,0.555378258228302,False,joy → neutral
So... are you for private businesses doing what they want or not?,neutral,surprise,0.49804630875587463,False,neutral → surprise
So happy for your strong stance and to help him on his way out of your life.,joy,joy,0.9875890612602234,True,correct
I sort of did lol. I think what I mean is that you cant look at it as an alternative to rdp,joy,joy,0.9206124544143677,True,correct
Only after the initial vote is honored and brexit is implemented.,neutral,neutral,0.8522997498512268,True,correct
Now I wanna know how the hell did you stole the body of an NPC :o,joy,anger,0.5819887518882751,False,joy → anger
Fuck the haters [NAME] > Everybody,anger,anger,0.9699235558509827,True,correct
The cruelest people in the room are a pack of gormless dullards. It's the banality of evil for the 21st century.,anger,anger,0.8924813270568848,True,correct
Yes. We're finishing the script out now. Shooting starts in February.,neutral,joy,0.8599578142166138,False,neutral → joy
[NAME] was actually wrong all along. JAH > Jokic /s,anger,neutral,0.48449385166168213,False,anger → neutral
i love this subreddit,love,love,0.9928808212280273,True,correct
Omg yes!,joy,surprise,0.9172768592834473,False,joy → surprise
literally I feel like crying,sadness,sadness,0.9736779928207397,True,correct
*Duck Tales! whooh ooh* *Every day they're out there making* *Duck Tales! whooh ooh* *Tales of daring do bad and good luck tales! whooh ooh*,neutral,neutral,0.8117126822471619,True,correct
Less to keep track of,neutral,neutral,0.9058337807655334,True,correct
"Damn, I didn't know that you used to mod there.",surprise,surprise,0.5639058351516724,True,correct
Hey I said that to my grammar once,neutral,neutral,0.5790583491325378,True,correct
Does everyones dad/grandpa have this exact one? Mine do.,neutral,surprise,0.8052754998207092,False,neutral → surprise
That is awesome.,joy,joy,0.9905593395233154,True,correct
if they that lame then disprove them mate.,neutral,anger,0.6647906303405762,False,neutral → anger
The space between the M and the E always looks a tad too long with these cheaper jerseys.,neutral,neutral,0.4394465684890747,True,correct
And you act like [RELIGION] wasn’t used to fuel slavery and control slaves go off tho...,neutral,anger,0.6065211296081543,False,neutral → anger
Employ the son of your biggest donor?,surprise,surprise,0.6438444256782532,True,correct
too damn often!! and i’m cute as hell! i’m mad!!,anger,anger,0.4969097077846527,True,correct
Please stop talking [NAME].,anger,anger,0.8814175724983215,True,correct
Kids are like pets. They just sit by a locked door and howl.,neutral,neutral,0.7689160704612732,True,correct
It’s 8 rounds on all different topics organized by check it,neutral,neutral,0.9165941476821899,True,correct
"They did, donated a penny for someone else’s happiness/luck.",neutral,neutral,0.6204293966293335,True,correct
I giggled. Then looked at my corgi and imagined him stuck butt first in a big wine bottle.,joy,joy,0.9242798089981079,True,correct
Feb ‘06 [NAME] But your point stands,neutral,joy,0.539291262626648,False,neutral → joy
"[NAME], you're annoying. Did [NAME] steal your girl or what? Everytime someone mentions [NAME] on this subreddit, you appear to trash talk him.",anger,anger,0.9511100649833679,True,correct
Apparently the bull shark is hyper aggressive due to the amount of testosterone it has. They're basically roid-heads in perpetual roid-rage with massive teeth.,neutral,neutral,0.7019107937812805,True,correct
I love this! It's nice to hear of a positive outcome on here.,joy,love,0.9810402393341064,False,joy → love
"I mean, it certainly is weird but don't kinkshame",sadness,anger,0.8891971707344055,False,sadness → anger
What...? That’s some real mental gymnastics to justify him assaulting her,anger,surprise,0.8514954447746277,False,anger → surprise
"so lucky. im afraid to tell my [NAME] gf. :"")",joy,fear,0.9676002860069275,False,joy → fear
Day 1557: people still complaining about a commercial,neutral,anger,0.593400776386261,False,neutral → anger
Glad to see [NAME] back,joy,joy,0.9670686721801758,True,correct
You have to spit into a plastic vial. It would take some decent effort to pull that off.,neutral,neutral,0.510940670967102,True,correct
I mean retirement age was set at 65 because it *was* the average age people died. Living beyond retirement was never supposed to be a guaranteed plan.,joy,neutral,0.46556928753852844,False,joy → neutral
Attempted years ago. Blocked by crooked politicians in bed with InBev and big beer. Gross.,neutral,anger,0.8649330139160156,False,neutral → anger
At least london fans got a somewhat exciting game,joy,joy,0.9330700039863586,True,correct
YOU MUST CONSTRUCT ADDITIONAL PYLONS,neutral,neutral,0.6619952321052551,True,correct
This reminds me of when it came out that the Hello Kitty! character is actually a human girl.,neutral,joy,0.5119907855987549,False,neutral → joy
That sounds like a reasonable estimation. So what are YOU going to do? Because you can’t force them to treat you like real people.,surprise,anger,0.3304787278175354,False,surprise → anger
I get ya man. It happens to the best of us.,joy,joy,0.8205015659332275,True,correct
Just gotta injure 3 more,neutral,neutral,0.7328714728355408,True,correct
"neat, thank you!",joy,joy,0.990212619304657,True,correct
Lol found the neckbeard,joy,joy,0.9731908440589905,True,correct
Oh? There's financial trouble in heaven? Lol,joy,joy,0.969404935836792,True,correct
Oh yóu!,neutral,surprise,0.5609628558158875,False,neutral → surprise
"It's 3 Calling Cards I believe, and one sticker for getting Flawless. Other than that, no (unless you wanna count bragging rights).",neutral,neutral,0.7071058750152588,True,correct
How about a downvote for the update?,surprise,surprise,0.45595890283584595,True,correct
Oof the way he just tossed the cat aside oof,surprise,anger,0.4881109297275543,False,surprise → anger
"Thanks for this, got a mate in Germany.",joy,joy,0.9912816286087036,True,correct
"I could have gone to a party, but it's 10 outside. Sue me.",sadness,anger,0.5434573292732239,False,sadness → anger
There mostly isn't any. Nature merely found a way to encourage the behaviour that leads to babies aka sex.,neutral,neutral,0.6615999341011047,True,correct
I was going to ask what temperatures are like where you live. The beauty of losing refrigeration in the winter is having the great outdoors.,joy,joy,0.5497925877571106,True,correct
"Yes she was, but I'm here now.",joy,joy,0.6345452070236206,True,correct
Go on...,neutral,neutral,0.9292111396789551,True,correct
Those are literally the only possibilities.,neutral,neutral,0.7128326892852783,True,correct
Malhama Tactical has been exposed as a sham FYI,neutral,neutral,0.7051542401313782,True,correct
Can you link the apologies? Or do they not actually exist?,fear,fear,0.7040175199508667,True,correct
I'm not sure losing billions in trade is in anyone's interest other that political zealots.,fear,fear,0.9783305525779724,True,correct
"I always plan that, my wife usually has other ideas though.",neutral,neutral,0.5000286102294922,True,correct
The way him and his mom talk to each other is like a little boy and his Mommy!,joy,neutral,0.6028437614440918,False,joy → neutral
"I really hope for it to fail miserably, so we can all agree on the sequel trilogy never happened.",joy,joy,0.969014585018158,True,correct
A crossover I never knew I needed,neutral,surprise,0.44995489716529846,False,neutral → surprise
"This comment is very good and all but it got me thinking, *are* pizzas a type of tire?",joy,joy,0.5027198791503906,True,correct
Refreshmentos! What's that? It's new!,surprise,surprise,0.9113984704017639,True,correct
Wow there a lot to choose from for 10 bucks or less too,surprise,surprise,0.5531976222991943,True,correct
Hope he gets rich from this too!,joy,joy,0.9724304676055908,True,correct
"UN report says population before war: 300,000 [NAME] population before war: 2,000,000",neutral,neutral,0.9328403472900391,True,correct
And if [NAME] had any impact he would likely be playing in a 3rd next week,neutral,neutral,0.7702507972717285,True,correct
"Calm down, dickwad",neutral,anger,0.4837658405303955,False,neutral → anger
"Going for that most hated title with stupid posts from his ""fans """,anger,anger,0.9615570306777954,True,correct
There is zero conclusive evidence supporting this position.,neutral,anger,0.7696665525436401,False,neutral → anger
"LOOOOOL, Just exposing the man! Also happy cake day",joy,joy,0.98390793800354,True,correct
"Same. You all tried to save me, but I rewatched with the sound on and... I have regrets.",sadness,sadness,0.9800389409065247,True,correct
"You made me cry. That rarely happens, it's like poetry. Someone gets me. Someone feels my pain. Thank you.",joy,joy,0.980395495891571,True,correct
Dad doesn't need to be there for 12 months. But way too step up!,anger,anger,0.39185473322868347,True,correct
"Definitely the current worst, hence 20 actually buffs coming her way.",anger,anger,0.6851370334625244,True,correct
I saw gluten free cat grass at the pet supplies store once. Did not know that was a thing,neutral,surprise,0.3982599377632141,False,neutral → surprise
Yes! These people are allowed to vote and drive and do other things that affect our lives!,joy,joy,0.6951543688774109,True,correct
I was in awe the whole hour I spent in there.,fear,surprise,0.5551775693893433,False,fear → surprise
"The current situation is one of cronyism, it doesn't represent a few market, which has other tools to deal with such things.",joy,anger,0.574162483215332,False,joy → anger
We live in a completely different world than the 70s and 80s now,neutral,neutral,0.5578219294548035,True,correct
"See that's what I figured, but at the same time academy is such a hindrance 😂",joy,sadness,0.37414607405662537,False,joy → sadness
"Same, I just love games so it helps to calm me down by taking my mind off it.",love,love,0.9584693312644958,True,correct
"I will then be singing ""The hills are alive with the sound of music.""",neutral,neutral,0.5712352395057678,True,correct
"Most rapists aren't, unfortunately.",neutral,anger,0.43831488490104675,False,neutral → anger
"Ah, [NAME] and his random crap again...",neutral,anger,0.5643174052238464,False,neutral → anger
"Everything mentioned below, plus when [NAME] dicey Walmart convict boyfriend changed [NAME] diaper. [NAME] found out and went ballistic, and rightfully so.",neutral,neutral,0.7425472140312195,True,correct
Hah hah I got the quote was mocking him - it was so perfect it thought it was genuine. Quality work :D,joy,joy,0.9591884016990662,True,correct
It was my wedding song!,neutral,joy,0.554574728012085,False,neutral → joy
"Nope, works just fine. Was just there.",neutral,joy,0.7129249572753906,False,neutral → joy
Its had enough of this life and ending it all.,anger,sadness,0.7849743366241455,False,anger → sadness
"That was the most remarkable thing, how fluid her conversations were, without a trace of shyness.",neutral,joy,0.8911319375038147,False,neutral → joy
You can just go to their subreddit and there's a lot of things people are saying that we've been saying all these years.,neutral,neutral,0.8715996742248535,True,correct
Hell yeah I got the 420 upvote,joy,neutral,0.4084331691265106,False,joy → neutral
29 and 39. Didn’t get to see my fathers parents for too long. I definitely got my condition from my Father.,neutral,neutral,0.4767071008682251,True,correct
It was an edit friend - they are the same kid. No children were hurt in the making of this gif.,neutral,neutral,0.5109143257141113,True,correct
It's the universe trying to kill us with radiation :D,anger,anger,0.4285178482532501,True,correct
[NAME] fits at 3 separate funerals plus almost every very serious uncomfortable conversation I've ever had would indicate you're not alone. [NAME].,joy,neutral,0.46897104382514954,False,joy → neutral
> Egalitarianism I always saw it as a feminist could still be a racist...,neutral,neutral,0.7791087031364441,True,correct
So now I can't get defensive when you're being offensive? lol,joy,joy,0.897502064704895,True,correct
the longest week (2014) I don’t know if it’s still available but it was pretty good romantic comedy,joy,joy,0.9767637252807617,True,correct
Cool! Glad to see some cooperation.,joy,joy,0.9904634952545166,True,correct
Got it! Thank you!,joy,joy,0.992155909538269,True,correct
Congratulations. You posted the famous very first lolcat picture.,joy,joy,0.9864453673362732,True,correct
Op literally listed the OS requirements. Those are fairly current operating (last Gen more or less) systems are they not?,neutral,fear,0.5619054436683655,False,neutral → fear
Everyone in this video is annoying. This seems like a terrible place to go hang out.,anger,anger,0.9644798636436462,True,correct
I was about to explain that the one with 8 h's was taken until I read your username. Beautiful.,joy,joy,0.9894503951072693,True,correct
what's an alt right?,surprise,surprise,0.56063312292099,True,correct
Why is anyone surprised. It has never worked.,fear,surprise,0.914651095867157,False,fear → surprise
Or the one scrolling channel? When you’d accidentally look away and miss what you were waiting for and have to sit thru the whole thing again,neutral,fear,0.5771567821502686,False,neutral → fear
Thank you kindly! I'll update my resume!,joy,joy,0.9918165802955627,True,correct
Don't stress it. Good Luck!,joy,joy,0.9741708040237427,True,correct
"Aww man this sucks, but at least he’s going to Europe, so I’m happy for him! Goodbye [NAME]!",joy,joy,0.8481792211532593,True,correct
Is it because of the accents you thought they were the same?,surprise,fear,0.5719467997550964,False,surprise → fear
"Nah, I it was cool to be a pedo back in the old days, ask [NAME]",neutral,joy,0.46500179171562195,False,neutral → joy
> Humans are empathetic and do this daily. I have to remind myself of this sometimes.,anger,joy,0.7306485176086426,False,anger → joy
"Well I am a lady, so that would probably just freak them out. Oh, Reddit. Everyone is a man haha.",joy,joy,0.8938302993774414,True,correct
No. You're not the only one.,neutral,anger,0.944935142993927,False,neutral → anger
You just gotta have little faith. They are gonna need more money and maybe then we can get to Tahiti.,joy,joy,0.7135617733001709,True,correct
Thank you and your upvoters,joy,joy,0.9898267984390259,True,correct
Oui baguette senor,neutral,neutral,0.9200734496116638,True,correct
"In my opinion, there should have never been a canon character... Maybe keeping it a mystery would be the BEST!",joy,joy,0.8787273168563843,True,correct
Who’s that cutie,joy,surprise,0.8170093894004822,False,joy → surprise
I want to change though. If I'm around those people I will remain the same way. Right?,joy,surprise,0.5168466567993164,False,joy → surprise
This is the only viable way out of Brexit.,joy,neutral,0.5370903015136719,False,joy → neutral
"I hear that if you say you aren't doing something, when you do it, you're not actually doing it.",neutral,neutral,0.6869198083877563,True,correct
Ugh...terrible.,anger,fear,0.8430118560791016,False,anger → fear
"I got angry briefly, made a post and got over it quick. Thanks for the diagnosis Doctor. 😆",anger,anger,0.6971408128738403,True,correct
You can find something sexist or racist or disparaging of some group in just about every movie or tv show.,neutral,neutral,0.5998803973197937,True,correct
US team about to get a beat down,neutral,sadness,0.6517733931541443,False,neutral → sadness
"Thanks. Appreciate that perspective. I'm just saying it as a counter to the ""rope is the only cope"" mentality on the incel subreddit.",joy,joy,0.9773964881896973,True,correct
"You can't stop [NAME], you can only hope to contain him",joy,joy,0.6149073839187622,True,correct
This made me spill my drink.,anger,sadness,0.5125271081924438,False,anger → sadness
There’s tons of stories of animals taking care of kids....I believe the story! :),joy,joy,0.9248858094215393,True,correct
I understand that. My question is more if anyone would be excited for it or interested in helping,joy,surprise,0.5405647158622742,False,joy → surprise
"Thanks, I hate it",anger,anger,0.8513716459274292,True,correct
"Ha, you must be in Wisconsin. I remember TYME machines.",neutral,joy,0.5865454077720642,False,neutral → joy
What is normal? It should be tho....,anger,surprise,0.6076002717018127,False,anger → surprise
"Maybe divorce is a little extreme but I really dont know how to Express my feelings, and she doesn't get that",fear,fear,0.5457726716995239,True,correct
What does it matter we're just going to take another bust in the middle of the first round like always,neutral,neutral,0.6096482276916504,True,correct
"Blow me you feckless moron, I was out of state.",anger,anger,0.9721155762672424,True,correct
I thought that was gonna be the Pelicans after [NAME] is gone(sorry Pelicans fans),neutral,sadness,0.9823799133300781,False,neutral → sadness
"Jeez, I was joking",joy,joy,0.9564731121063232,True,correct
"LOL, level up your life. My life is already at up level :))",joy,joy,0.9785763621330261,True,correct
"You're right, I completely forgot the title",joy,joy,0.9730351567268372,True,correct
"Smh bro you cropped the answers, I gotta know!",neutral,joy,0.38736146688461304,False,neutral → joy
"She sounds like she could be depressed. People who have depression need care, love and help to get better, not internet shaming.",joy,joy,0.4748270511627197,True,correct
You sure seem angry. #itwillbeokay,anger,anger,0.9459536075592041,True,correct
"Back in my day, we didn't even need language to survive! Animals just roamed around, making different sounds depending on context!",neutral,neutral,0.8293212056159973,True,correct
I once heard the rotting carcass of a trash Panda works also thats if you cant get your hands on a fresh chinchilla,neutral,neutral,0.8995155692100525,True,correct
Yaaaaaas! I need your curly hair routine!,joy,joy,0.8325181603431702,True,correct
TAKE MY MONEY,joy,neutral,0.6810979247093201,False,joy → neutral
The entire culture of NE is win at all costs. Not sure where you live but if that kid shovels snow..tell mom to him bring home .,neutral,neutral,0.5001997351646423,True,correct
thanks for apologizing,joy,joy,0.9765908718109131,True,correct
This happened to me at Walmart. I was literally there for 10 min using the coin machine and now I have a cart shaped dent in my door...,neutral,sadness,0.790614128112793,False,neutral → sadness
"I just spent the whole week sneaking away to smoke, and trying to get into some girls shorts.",neutral,neutral,0.7179320454597473,True,correct
"thanks, I agree",joy,joy,0.9910137057304382,True,correct
I can feel his cheeks puffing out.,joy,neutral,0.8079793453216553,False,joy → neutral
"2nd one resounds with me so much, I rarely realize how little I trust other people to do any task lol",joy,joy,0.9502775073051453,True,correct
[NAME] and [NAME] had equally good chances when they were on the same line in the first/second period - they just didn't convert.,joy,sadness,0.7626975178718567,False,joy → sadness
You are my own side. I feel an affinity for this sub and want to make it a good experience for all.,joy,joy,0.9442116618156433,True,correct
How old are you?,surprise,surprise,0.9022590517997742,True,correct
Can't lose if you never stop appealing. Or at least that's what I'm told by your cohorts.,joy,neutral,0.7571511268615723,False,joy → neutral
SKAM was great. I literally binged all of S3 as soon as I got home last night.,joy,joy,0.9896479249000549,True,correct
TeamViolet going strong fam!,joy,neutral,0.549298107624054,False,joy → neutral
I'm laughing hysterically at midnight Thanks LMAO,joy,joy,0.988753080368042,True,correct
"Yeah fair, plus this sub tends to go hard in different directions so it becomes extra hard to know if someone really is just that far gone.",joy,fear,0.6047804355621338,False,joy → fear
And it’s always so uncomfortably awkward when someone says shit like this to you.,anger,sadness,0.9390457272529602,False,anger → sadness
[NAME] isn't exactly a lyrical genius set's be real: that dumbass just couldn't come up with a different rhyme.,neutral,anger,0.8650543093681335,False,neutral → anger
Damn that’s sad,sadness,sadness,0.9818234443664551,True,correct
"Everyone started making remakes. Here is my favorite Lineage, too want, but why? People who love this game will also play it",love,love,0.5447881817817688,True,correct
Haha this is one of those moments that makes me laugh out loud,joy,joy,0.9832151532173157,True,correct
Pull your fucking pants up oh my god,surprise,anger,0.9110408425331116,False,surprise → anger
Most athletic play [NAME] ever made. Wow,joy,joy,0.6318904161453247,True,correct
Love the idea of these birds showing up during family gatherings and puking up trinkets,joy,love,0.9888030886650085,False,joy → love
Maybe it's fantasy.....I just feel like the stock for a lot of these Ducks is reallllll low right now,sadness,neutral,0.34505540132522583,False,sadness → neutral
Oh there's still bugs? Weird,anger,surprise,0.5511504411697388,False,anger → surprise
"Damn, [NAME] us just 2 steps behind all the time. It's just a matter of time before he gets some great shots in.",joy,joy,0.6254175901412964,True,correct
I am trying they try to say I’m fake even though I’m trying it’s painful to talk to them sometimes,sadness,sadness,0.978149950504303,True,correct
Teeth. I really want good teeth and my hair is nice and easily maintainable atm,joy,joy,0.9356026649475098,True,correct
So. Fucking. Tone. Deaf.,anger,anger,0.9378331303596497,True,correct
Well fuck. I didn't think anybody cared at all...it's order than that?,anger,anger,0.9136905074119568,True,correct
I know it's Nightengale but he's saying upwards of 12/350.. ya no thanks.,neutral,anger,0.8107829689979553,False,neutral → anger
Thank [NAME] for RT Audiences scores! The **REAL** objective quality metric for kinos!,joy,joy,0.986664891242981,True,correct
It's not a world view. It's a single position on a single subject.,neutral,neutral,0.592077910900116,True,correct
I don't understand how her hair is 'too light' or how that effects the concealer.,fear,fear,0.9848124980926514,True,correct
So. This is scary as fuck.,fear,fear,0.9855138063430786,True,correct
You can't choose what genes you pass on.,neutral,anger,0.4790728688240051,False,neutral → anger
"I love your work, it makes my hair cry",love,love,0.983102023601532,True,correct
Oh boy do I have some bad news for you!,sadness,sadness,0.985593855381012,True,correct
I love how they didn’t really react negatively,joy,love,0.9882054328918457,False,joy → love
And that smilie she gave the fiancé when he sat down with the sandwich....I would be scared if I was him.,fear,fear,0.990584135055542,True,correct
"My mom thinks this neighborhood is safe, and I kinda don't want her being more paranoid but I feel like I should do SOMETHING.",neutral,joy,0.7677302360534668,False,neutral → joy
Getting some sick high school nostalgia from this shot. Thanks for that man!,joy,joy,0.9868261218070984,True,correct
SHE HAS NICE FEET!!!!,neutral,joy,0.6605820059776306,False,neutral → joy
"I appreciate your post, I’m just nervous is all, thank you",joy,joy,0.9585351347923279,True,correct
"""The first step, is to put on a set of vicious stilleto claws. This doesn't make things any easier, but it does build character""",joy,neutral,0.6663166284561157,False,joy → neutral
And I thought Honda Civics smell bad on the outside!,joy,anger,0.7600845098495483,False,joy → anger
I see you utilized it. 3.5? Sad.,sadness,sadness,0.9792076945304871,True,correct
BAT OLA?,neutral,surprise,0.4549938440322876,False,neutral → surprise
MR. STEAL YO' GIRL!,neutral,neutral,0.618104100227356,True,correct
"What?! Now you are just reaching bro. He's not even the best bodybuilder named [NAME], [NAME] has him beat.",surprise,anger,0.5267953276634216,False,surprise → anger
That and losing [NAME]. The two of them had instant chemistry. Excited to see is he can become a big part of our offense next year.,joy,joy,0.9713982939720154,True,correct
"The questions are normal enough, but all at once and leading with them is a little weird.",sadness,anger,0.8407575488090515,False,sadness → anger
"[NAME] were the peak memes back when I first started on Reddit. Honestly none of the meme subs are good, they're all pretty cringy.",sadness,sadness,0.8733036518096924,True,correct
I think all coffee is keto already....,neutral,neutral,0.7754559516906738,True,correct
Great. My existential crisis is back.,joy,joy,0.9808938503265381,True,correct
Gotta love that bison,love,love,0.9926437735557556,True,correct
So [NAME] thinks the AFLW has been both elevated and shafted by the AFL in terms of promotion?,surprise,surprise,0.7994546294212341,True,correct
Sorry misunderstood you! I’m talking about viruses and bacteria that can kill you like the flu etc,sadness,sadness,0.973874032497406,True,correct
Stay strong friend.,joy,joy,0.9018114805221558,True,correct
Yeah.... I've always sucked at smiling honestly. I hate it. I hate selfies. I usually don't smile.,anger,anger,0.938360333442688,True,correct
I'm loving the possibility of fighting a Chimera in the DLC.,love,love,0.9782084822654724,True,correct
It's sad how long it took me to get that. Haha got em,sadness,sadness,0.8864980936050415,True,correct
"I go to a neighborhood mexican restaurant monthly for the past 2.5 years, but nobody knows my name ☹",sadness,sadness,0.6117072701454163,True,correct
Thanks for remembering. I have since added to my post :-),joy,joy,0.9898617267608643,True,correct
"I don’t know about romance, but I can certainly speak for the [NAME]",joy,anger,0.45041343569755554,False,joy → anger
Omg you’re so cute!,joy,joy,0.9148375988006592,True,correct
Yeah if you’re able to fulfill that. Hopefully the bonus is worth it,joy,joy,0.9738056063652039,True,correct
Do you mind me PMing you for some help w/ dealing with the busy season? Thanks.,joy,joy,0.6485854983329773,True,correct
> a complete ham sandwich Love this. Using this.,love,love,0.9860937595367432,True,correct
WHY IS THERE WOMAN ON MY ENTERTAINMENT??????????,neutral,surprise,0.41844674944877625,False,neutral → surprise
As we shouldn't. We are trying to win a SB here not showcase another star player.,anger,anger,0.5084384083747864,True,correct
Air Vooch oh my!,neutral,surprise,0.9643151164054871,False,neutral → surprise
It's too bad that you think helping out the less fortunate is sad and make a joke about it . People like you are the problem.,anger,anger,0.6038792133331299,True,correct
My kitten just got very happy when Pasta scored. Such loud purrs! I was happy too.,joy,joy,0.9653798937797546,True,correct
The best LGBTQ+ FILM i have seen in years.,joy,joy,0.9706953167915344,True,correct
"I'm glad you have your kids, but have you seen Brooklyn 99 like the op stated? It's worth living for too.",joy,surprise,0.661537230014801,False,joy → surprise
Right? It’s not like her family seems like they wouldn’t have helped with her son.,sadness,surprise,0.6316455602645874,False,sadness → surprise
not sure I agree. whispers of madness can set up [NAME] signature and being card draw is always useful in the first lane.,joy,fear,0.9244045615196228,False,joy → fear
I actually felt my ballsack jump up a bit when he face planted,neutral,neutral,0.6859097480773926,True,correct
Winter isn't even that bad here.,neutral,anger,0.5624762177467346,False,neutral → anger
I think this is the only place on the internet that is happy with this commercial hahaha,joy,joy,0.9722632765769958,True,correct
"This. We already have so much more OL talent. We need another WR and TE, but I'm kinda excited",joy,joy,0.98969966173172,True,correct
Wait his nostrils are plugged? Isn’t that the opposite of breathing?,neutral,fear,0.8158336281776428,False,neutral → fear
Get her professional help.,neutral,joy,0.4845038652420044,False,neutral → joy
"Almost in tears watching him celebrate, true captain ❤️",joy,love,0.9291815161705017,False,joy → love
She always looks sticky.,anger,anger,0.6231122016906738,True,correct
that is one very expensive mistake,anger,sadness,0.7343493103981018,False,anger → sadness
Don't make me kiss you!,anger,anger,0.8149914741516113,True,correct
"Germany is the first country in Europe I've been to! Planning on Ireland next, and maybe Croatia(hoping for Germany again, though :) )",joy,joy,0.5096779465675354,True,correct
He knew what you meant. He pretended to be confused to save face. that’s disgusting...,anger,anger,0.9554255604743958,True,correct
Oooor maybe it is just a catchy term and y’all are overly sensitive about race and sex....,neutral,neutral,0.46372658014297485,True,correct
Could be depression with psychotic features. Talk to your doctor asap!,sadness,fear,0.4576273262500763,False,sadness → fear
I still get goosebumps every time i hear this track. It's just beautiful .,joy,joy,0.9658078551292419,True,correct
Follow rules 1 and 2 and you can have lame openers and you'll be fine.,joy,joy,0.5521172285079956,True,correct
are your feelings hurt?,fear,surprise,0.7962512373924255,False,fear → surprise
In what ways has [NAME] out-coached [NAME]? I see this all the time and yet never any examples.,neutral,surprise,0.8577231764793396,False,neutral → surprise
She looks like her face is pulled back with ''face lifts'' tape. Or like she's pulling back her face like that scene in MIB I.,neutral,neutral,0.7845601439476013,True,correct
Not sinking in is it. I'm hardly speaking in riddles. Good luck,joy,joy,0.8418121933937073,True,correct
Southern Mexico tends to always get fucked in the ass as well,anger,anger,0.5883480906486511,True,correct
epic soy moment,neutral,neutral,0.843597948551178,True,correct
That was my first thought too 😂,joy,joy,0.6000836491584778,True,correct
Should of said athlete,neutral,neutral,0.9071247577667236,True,correct
You're never too young to have a Vietnam flashback,anger,neutral,0.7877230048179626,False,anger → neutral
"I got sucked right back into the vicious cycle of love-bombing, gas-lighting and degradation.",anger,sadness,0.6655741333961487,False,anger → sadness
Ahh. Both of those are very good. Hope you enjoy them as much as I did.,joy,joy,0.991786777973175,True,correct
"I think I translates more into ""Waiting to see what kind of Brexit turd-burger Westminster eventually vomits up"".",fear,surprise,0.5994737148284912,False,fear → surprise
Yours is censored though.,neutral,neutral,0.7320727109909058,True,correct
That is one adorable meow loaf,joy,joy,0.8199097514152527,True,correct
Why do you think he's right? What reason would a nonprofit newsroom have for publishing sensationalist headlines?,surprise,surprise,0.5879507064819336,True,correct
He looks like he's 10 years old...,neutral,joy,0.4933439791202545,False,neutral → joy
"Yes, and I looooooove it 😂😂",love,love,0.9719640612602234,True,correct
Maybe server related? I've got 2 cars in a low pop server and they work just fine...,fear,surprise,0.41202133893966675,False,fear → surprise
Contacted the hospital I was born at and I’m getting my birth certificate! Thanks for all the help this was a big step forward,joy,joy,0.9889077544212341,True,correct
"I guess there's this, but that's all I can think of.",neutral,fear,0.8376092314720154,False,neutral → fear
This is awesome! Does anyone know if an EST version is available?,joy,joy,0.6911795139312744,True,correct
The original video was debunked. Do you agree or disagree?,neutral,fear,0.8252670764923096,False,neutral → fear
Love the username <3,love,love,0.9902805089950562,True,correct
"Another day, another destiny!",joy,neutral,0.6165125966072083,False,joy → neutral
shits awesome!,joy,joy,0.9782670736312866,True,correct
Sad thing is it would probably forcibly ground the plane.,sadness,sadness,0.9910721182823181,True,correct
So you agree.,neutral,joy,0.9566261768341064,False,neutral → joy
Uhh don’t you mean [NAME] and [NAME]? They were so sweet together! /s,neutral,love,0.6749710440635681,False,neutral → love
Stick with us. If only for one more day. Then let’s try again tomorrow.,neutral,joy,0.6794240474700928,False,neutral → joy
This whole sub makes me sad.,sadness,sadness,0.9916201829910278,True,correct
I always feel so bad for [NAME] when I watch this scene.,sadness,sadness,0.9912063479423523,True,correct
Ay i saw that live. You have amazing movement! GG bro!,joy,joy,0.9862610697746277,True,correct
The other cop left a fucking animal ordinance notice on his patio chair,anger,anger,0.9409015774726868,True,correct
Would any gathering of the Knights of Ren count? Or would they have to officially organize a thing.,fear,surprise,0.5766171813011169,False,fear → surprise
5. Puts you in debt 6. Isolates you from all social interaction 7. Leaves you with nothing but a product you can't sell,anger,neutral,0.5011225938796997,False,anger → neutral
Lawson’s Sip of Sunshine! Excellent Vermont beer.,joy,joy,0.9800415635108948,True,correct
Ohh looking cool Jok- Get out of here side character.,joy,joy,0.6559467911720276,True,correct
"Here, kiddo. Happy cake day. You need it more than I do.",joy,joy,0.9754974842071533,True,correct
Hang on is that allowed? Geez that guy seemed really angry.,anger,anger,0.9343149065971375,True,correct
Found the douchebag,neutral,neutral,0.9252099990844727,True,correct
Thank yous in the form of hand gestures you carrot cake,joy,joy,0.9879866242408752,True,correct
"Don't worry, no one ever will",joy,joy,0.9159814715385437,True,correct
"Now I know where to do stag party for my friend, finally.",joy,joy,0.7984174489974976,True,correct
Someone hold me,neutral,sadness,0.4804336130619049,False,neutral → sadness
HOLY SHIT CHANCE,anger,anger,0.9636172652244568,True,correct
I am unconcerned.,sadness,neutral,0.6019352674484253,False,sadness → neutral
"Oh, give me a break, it was worded like an insult, clear as a day. A mild one, but still.",anger,anger,0.5191388726234436,True,correct
I was pretty pissed when [NAME] was hired for exactly that reason but he at least had worked with [NAME] before,neutral,anger,0.902721107006073,False,neutral → anger
"Still awesome. I skateboard, ride bikes, and hang out with my friends. Edit: I'm 40",joy,joy,0.9831774830818176,True,correct
He referenced us!!!! And we're gonna have to do something about delicious,joy,joy,0.5386372208595276,True,correct
Moonbeam was trash but I am sort of biased because it's 16-17 a gram in Alberta,neutral,anger,0.7884813547134399,False,neutral → anger
"In the voice of [NAME] from The Office ""Incorrect. You didn't *Pin* anyone""",neutral,anger,0.902431309223175,False,neutral → anger
"It is though, you just want that to be false.",neutral,anger,0.5878927707672119,False,neutral → anger
I feel sorry for this little girl. She's legitimely scared.,sadness,fear,0.5842981338500977,False,sadness → fear
Dang... I’m learning all the secrets!,neutral,joy,0.8760656714439392,False,neutral → joy
"I have my kids signal baño, the letter T in ASL so they don't disturb the class while asking.",neutral,neutral,0.8586959838867188,True,correct
The way it took out that tree!!,neutral,surprise,0.7956963181495667,False,neutral → surprise
"Shame ,your quite cute",joy,joy,0.7414267063140869,True,correct
I'm laughing because this exact thing happened to me.,joy,joy,0.9747214913368225,True,correct
Yea I’m into this I guess. So thanks for that(?),joy,joy,0.9697465300559998,True,correct
Doing something you don’t like can be hard for anyone but if you just keep your end results in mind you can do anything!,joy,joy,0.5945966839790344,True,correct
iS thIs a MeTapHor FoR LifE?,surprise,surprise,0.4181085526943207,True,correct
Or just get the fuck out and never look back.,anger,anger,0.9682832956314087,True,correct
maybe now it'll go up to 3 an hour😎,neutral,neutral,0.5245923399925232,True,correct
[NAME] is such a gift. I love him.,love,love,0.9848323464393616,True,correct
I’m super excited and waiting for the FOV slider to put on the live server.,joy,joy,0.9881312847137451,True,correct
I heard it's because of florida crime reporting laws - I.e. the same stuff could be happening elsewhere but it wouldn't make the press?,fear,fear,0.7347320318222046,True,correct
"I came here once accidentally, saw your commend and now, 2 weeks later, I totally understand.",neutral,joy,0.9571541547775269,False,neutral → joy
"When people are insecure, they'd rather have somebody who is strong and wrong than someone who's weak and right, - [NAME]",neutral,neutral,0.8723719120025635,True,correct
Her little baby frown is adorable,joy,joy,0.7910910248756409,True,correct
This... I don't think this is Ohio...,fear,anger,0.7773435711860657,False,fear → anger
"Oh look, they’re little footballs!",neutral,surprise,0.4180920124053955,False,neutral → surprise
"Okay, I’m honestly curious as to why it is you’d assume that?",surprise,surprise,0.9846433401107788,True,correct
That's really interesting. Thank you for the information. It's just hard to imagine lives you'll never live.,joy,joy,0.9670414924621582,True,correct
True! I guess we all cheer for salt lake? Since they are directly affiliated with us.,joy,joy,0.8231483697891235,True,correct
agreed 100% if's freakin ridiculous! I think YouTube pays them to influence you to pay for the You Tube subscription just to NOT see these ads!,joy,joy,0.6569965481758118,True,correct
"Shhhh let them have it, they need this. They are still living in 1990 lol",joy,joy,0.9212257266044617,True,correct
This is disgusting.... please make more.,anger,anger,0.9758144021034241,True,correct
she also goes on to claim her memory started at 10 months old,neutral,neutral,0.8688742518424988,True,correct
we deserve to lose after that,sadness,sadness,0.8493077754974365,True,correct
I'm Tent,neutral,neutral,0.9347016215324402,True,correct
Damn. Also awesome for the victims and others who spoke out about the abuse.,joy,joy,0.9505947232246399,True,correct
I will have one of each please. Not just far left and right. All. Any doubles you might have as well. Thanks byeee,joy,joy,0.9536706209182739,True,correct
Really? How would they know what pharmacy you want to visit?,surprise,surprise,0.8158769011497498,True,correct
excuse me what. [NAME] played midfield pretty much the entire half of last season for Liverpool,joy,neutral,0.6380772590637207,False,joy → neutral
She better!!! .....nobody else will,joy,neutral,0.5738348960876465,False,joy → neutral
It also makes me cry! but because it shows how far [NAME] has fallen...,sadness,sadness,0.9909317493438721,True,correct
"Intended as a ""it's funny because it's true"" not ""this is hilarious""",joy,joy,0.9284244179725647,True,correct
Concas! In vic park. Been closed down multiple times for health and safety violations lol,neutral,joy,0.9056434035301208,False,neutral → joy
That beat is mad smooth,joy,joy,0.6486217975616455,True,correct
"Tbh, I think that sub was created because they got bodied here in arguments.",neutral,neutral,0.6806778311729431,True,correct
I am proud to be racist No one in real life will know this,joy,joy,0.9714471101760864,True,correct
I feel like you need to get out of your current situation for the sake of your own happiness.,joy,joy,0.9527941346168518,True,correct
They scammed you by wasting your time,neutral,sadness,0.4347585141658783,False,neutral → sadness
why are you a detective all of a sudden,fear,surprise,0.8014524579048157,False,fear → surprise
"Hi, this is ISIS. Yes, we did that.",neutral,joy,0.7001113295555115,False,neutral → joy
"Binge drinking is a big problem in VN right now, unfortunately. So I wouldn't be surprised if drunkenness was the main cause of this.",joy,sadness,0.7983373403549194,False,joy → sadness
Muddy Rudder has Irish music on Sunday evenings.,neutral,neutral,0.8845567107200623,True,correct
You've shifted the goalposts from first novel to first modern novel... You people always complain that incels don't provide any support for their claims.,neutral,anger,0.6214188933372498,False,neutral → anger
aye they buggin for no reason im just saying good job keep it up.,joy,joy,0.8081601858139038,True,correct
And publicly claimed he banged [NAME].,neutral,neutral,0.8403577208518982,True,correct
Note to self - Stay out of the water.,neutral,neutral,0.516120433807373,True,correct
These style skins remind me so much of hollow knight,neutral,joy,0.45303356647491455,False,neutral → joy
"Oh god, the one common denominator strikes again and is rubbing off on the other players. We're doomed, back to the drawing board in 2020",sadness,sadness,0.9515599608421326,True,correct
for when [NAME] cries to Medium,neutral,neutral,0.8298856019973755,True,correct
"In looking at the questions answered in the AMAs following the [NAME] podcast, I don't see any related to [NAME] or race/IQ.",anger,neutral,0.8738031387329102,False,anger → neutral
Hopefully we can get this solved soon.,joy,joy,0.9758946299552917,True,correct
Was that an airbag at your legs/feet area?,surprise,surprise,0.6058979630470276,True,correct
This made me spit out my coffee. But I feel [NAME] is too regal. How about [NAME]?,surprise,surprise,0.7096258997917175,True,correct
I’m surprised by how quickly they were able to get a graphic for Kent.,surprise,surprise,0.9834219813346863,True,correct
"i disagree with that, you cant say everyone in the country does that, you dont know every [NAME] and their entire life stories stories",anger,anger,0.9698651432991028,True,correct
Mostly because they're not completely stupid. They don't have the support in the senate to pull it off.,anger,anger,0.6573089957237244,True,correct
"Correct! Unfortunately, we're looking for a bit more computing experience than knowing what site you're on. Thanks for your interest though.",joy,joy,0.9857245087623596,True,correct
Chill. Not everyone is perfect.,joy,neutral,0.42724788188934326,False,joy → neutral
I don't think you can find a better support line in contenders than alarm and elk. absolutely insane and clutch it's unbelievable,surprise,joy,0.5183801054954529,False,surprise → joy
Good for you for shutting that door! You are not responsible for him. He’s a grown ass man who made his own mistakes.,anger,joy,0.534548819065094,False,anger → joy
"I always laugh at the statement above. ""Qualified to give a urine sample?"" ""Huh?""",joy,joy,0.9075247645378113,True,correct
What's your best [NAME] story? You rock btw!,joy,joy,0.7763347029685974,True,correct
If [NAME] was looking out for him why did he let him get into the accident in the first place? Guess he wasn't paying attention.,neutral,surprise,0.4516286849975586,False,neutral → surprise
Limits... vote yes.,neutral,neutral,0.5769765973091125,True,correct
It’s tinder no one cares if they get blocked cringe to you is funny to them,joy,joy,0.82438725233078,True,correct
I can't tell if this is a happy or sad ending. 😐,fear,fear,0.9893101453781128,True,correct
i’m so proud of you!! good job dude!! :),joy,joy,0.9913532137870789,True,correct
I'd say the key difference is probably vegemite consumption...,joy,neutral,0.7968832850456238,False,joy → neutral
I miss the confetti cakes :(,sadness,sadness,0.9900373220443726,True,correct
"Its an mlm in disguise, branded to appeal to the college demographic. I got the fuck out",anger,anger,0.9728224277496338,True,correct
LOVE THIS!!,joy,love,0.9897133111953735,False,joy → love
You can go on the offical league forum and look for people.,joy,neutral,0.9168005585670471,False,joy → neutral
You misspelled Eastern Russia,neutral,neutral,0.5082756280899048,True,correct
Looks like a bookshelf to me,neutral,neutral,0.7684245705604553,True,correct
And I can't call the capitol switchboard to express my concern about this because the government is shut down. Awesome.,joy,joy,0.9009001851081848,True,correct
Only good ones.,neutral,joy,0.8147274851799011,False,neutral → joy
Wellllll...it's a look.,joy,neutral,0.5404369831085205,False,joy → neutral
"Nah, girl, you did great. I'm also shocked by guys who want to hook up without a condom.",joy,joy,0.5005404949188232,True,correct
I have more faith in [NAME] than anyone on the court to make a 3. Strange world,joy,joy,0.8197920322418213,True,correct
Shes 43 with 4 kids. That's so far past the wall it's not funny.,neutral,anger,0.7785953879356384,False,neutral → anger
"Ah yes, the romantic concept of a meal in bed.",joy,love,0.8835108876228333,False,joy → love
Im not 😀 Glad you realize your mistake and why I was confused 😉,fear,fear,0.9658269882202148,True,correct
That sounds like a good system.,joy,joy,0.9777726531028748,True,correct
It's a loooong story with some awkward weirdness haha,joy,joy,0.7974380254745483,True,correct
Big OUCHIE!,neutral,surprise,0.576697051525116,False,neutral → surprise
Your Mom was ruled by [NAME] dynasty that happened to be Macedonian for the next three centuries.,neutral,neutral,0.8505421280860901,True,correct
High IQ post. I imagine this is exactly what’s going to happen.,neutral,joy,0.6869990825653076,False,neutral → joy
> [NAME] That is going to get sooo confusing if he does join our division.,fear,fear,0.9880053400993347,True,correct
I'm sorry to hear this. I hope you can find something to make you feel happy in the new year.,joy,sadness,0.6061179637908936,False,joy → sadness
Awesome guys! Thank you for the ideas. It interesting to see what people will do depending on whether they play killer or survivor lol,joy,joy,0.977946937084198,True,correct
That is interesting. Can you site some sources or anything on this matter ? I am genuinely intrigued .,surprise,surprise,0.9489509463310242,True,correct
Really? I had no idea the bioavailability was the same,surprise,fear,0.9236602187156677,False,surprise → fear
Awe man thank you ♥️♥️,joy,joy,0.9885911345481873,True,correct
So is she worth switching from Skye,neutral,surprise,0.5889919400215149,False,neutral → surprise
This is so cringey it hurts. I feel so bad for whoever sent this because they are so stupid.,sadness,sadness,0.896109402179718,True,correct
I understand your point. But I’d still rather get some stuff stolen than lose a member of the family.,anger,joy,0.8674572110176086,False,anger → joy
"My hunch is, this is not the first or last wedding this bar has seen",neutral,neutral,0.8369240760803223,True,correct
Thank you! [NAME] seems to realize how toxic this fanbase can be also.. Now lets hope you all keep your composure whether we win or lose week 1.,neutral,joy,0.9487237930297852,False,neutral → joy
"You'd think, but people are given a lot of leeway. Hell, in the South, public schools are allowed to spank children.",neutral,anger,0.5064031481742859,False,neutral → anger
What kind of insider only has 250 followers?,surprise,surprise,0.8523738980293274,True,correct
"Annoying isn’t it! Thanks, I guess I’ll have to stop responding too!",anger,anger,0.5054150223731995,True,correct
"Glad you’re doing better internet stranger, and I hope you continue to know peace and happiness. Be well.",joy,joy,0.9879706501960754,True,correct
Apparently my state 😔,neutral,neutral,0.8595977425575256,True,correct
"You're right, thanks for pointing that out, I've edited it now. Carry on.",joy,joy,0.9876054525375366,True,correct
Oh for sure. Sometimes I wonder if they are actually harming there cause with the over the top hypocrisy the newcomers seem to see it quite quickly.,surprise,surprise,0.9672203063964844,True,correct
"Just don't cross the Tigers, hmmmm?",neutral,neutral,0.3558206260204315,True,correct
"Fantastic pub, went there last year as part of the liquid history pub tours.",joy,joy,0.9890299439430237,True,correct
32nd? It felt like 99th or something...,fear,fear,0.47153475880622864,True,correct
You get her off 3 times and she doesn't finish you? That seems very selfish.,neutral,anger,0.7891424298286438,False,neutral → anger
Here in America too. Those counter protesting fascist get thrown in jail and pepper sprayed like animals. It makes no sense that this happens.,anger,anger,0.9245720505714417,True,correct
Sweaty little incel virgin,neutral,neutral,0.7857671976089478,True,correct
"Gotcha. I was married a few years before that, but you might have known my sister. She dated a guy in your branch named [NAME]",neutral,neutral,0.7324855923652649,True,correct
Food must be good then. It looks good. Besides the wood plank lol,joy,joy,0.9725165963172913,True,correct
TAMAR ESPECIALLY!!!,neutral,neutral,0.6735579371452332,True,correct
It would be a little less irritating if the 10 cents you pay if you want some paper bags didn't go to the government as a tax.,anger,anger,0.880306601524353,True,correct
"I'm a little sad that there's not actually a video called Dance of the Hillary, virus or not.",sadness,sadness,0.9912109375,True,correct
Loathing Big Pharma has nothing to do with being anti-vax.,anger,neutral,0.4897032082080841,False,anger → neutral
Okay this is really promising stuff. I'm definitely excited for this.,joy,joy,0.9922226071357727,True,correct
Yard goats was awesome. Almost a major league feel to it when it’s a packed day,joy,joy,0.9818025231361389,True,correct
He doesn't realize she's banging the ukulele guy.,neutral,neutral,0.6279839873313904,True,correct
[NAME] dumb friends wanted him with the little baddie. and now he's gonna end up back in jail. Oh [NAME] I love [NAME].,love,love,0.8825843930244446,True,correct
So people will support him in this fake news quick reaction political environment,neutral,neutral,0.5070478916168213,True,correct
"> You don't own them so that they will give you eggs, you saved them and now coincidentally they give you eggs. This!",neutral,neutral,0.8169853687286377,True,correct
"Does that idiot not realize he's roasting himself by calling [NAME] a bad lawyer? You worked with him for a decade, moron.",anger,anger,0.9618947505950928,True,correct
Put the dip in your butthole. Better buzz and no risk of losing your jaw,neutral,neutral,0.6171783208847046,True,correct
Thanks for sharing. Lies like this make it harder for the real ones to share and get justice,joy,joy,0.8611701130867004,True,correct
"This seems like a good as time as any to ask, what's some hype super robot stuff to check out? I've only ever seen Gurren.",surprise,surprise,0.8896413445472717,True,correct
Do what your username is. They aren't comparable is the slightest.,neutral,neutral,0.5306077599525452,True,correct
He's messing with my emotions and my fantasy hockey pool....,anger,anger,0.7967345714569092,True,correct
Didn’t know he had his initials on his thigh pads too,joy,surprise,0.46666932106018066,False,joy → surprise
You beat me to it,anger,anger,0.37509995698928833,True,correct
I hope for Irelands sake you're right.,joy,joy,0.9846851825714111,True,correct
Can't you tell that [NAME] is a serious threat to apprehend. All that alleged lying makes him a serious threat to others.,anger,neutral,0.4950504004955292,False,anger → neutral
"That’s an interesting take. Thank you for giving me some perspective, never saw it like that.",surprise,joy,0.9843711256980896,False,surprise → joy
I feel extremely bad for people in this thread who are in any way shape or form relying on the federal government to improve their situation.,sadness,sadness,0.9894140958786011,True,correct
"Okay, diet is important that's true. Do you take any medication? Do you have a psychiatrist or doctor who you see for your mental health?",joy,surprise,0.6989202499389648,False,joy → surprise
every time it gets a little wet and windy,neutral,neutral,0.8264496922492981,True,correct
Lol I lol'd *I too am down with the kids. But not like that because that would be illegal*,joy,joy,0.964208722114563,True,correct
Kind of uncool dude,neutral,anger,0.605469822883606,False,neutral → anger
Your kind honestly need to fuck off out of Ireland. Nobody wants your dumb fucking antisemitism here,anger,anger,0.973289966583252,True,correct
Alllllllllmooooooooost got ittttttttt.,neutral,neutral,0.5520310401916504,True,correct
"By all means, go for it. We'll all be much happier when you're not dragging us down anymore.",joy,joy,0.8391640186309814,True,correct
She’s cute in both pics but whats up with the triangle chin on the left,joy,joy,0.8774558901786804,True,correct
you are about to be beamed up,neutral,neutral,0.8946980834007263,True,correct
"Me too, I just stood there clapping the whole time.",joy,joy,0.6741189360618591,True,correct
"I had a friend send me a 3+ hour paranoid conspiracy documentary, zeitgeist I think it was called... Wasted 10 minutes before I noped the fuck out..",anger,anger,0.9419167637825012,True,correct
Ah!! Was not expecting to read that this morning on my commute 😭 lol Just so beautiful!,joy,joy,0.9822711944580078,True,correct
Is it possible you've been banned from them? I dont know how I feel about having the special privilege to view that sub lol.,joy,fear,0.7979121804237366,False,joy → fear
"In Catholicism, old is good. Truth does not change with the times. Malichi 3:6 ""...for I am the [NAME], I change not"".",joy,neutral,0.495320200920105,False,joy → neutral
Crime in the park is the only kind of crime that matters for the sake of this discussion. Your generality does not apply here.,anger,anger,0.5036450624465942,True,correct
Wife left me and I am just broken. relapsed tonight from 7 years clean and just not seeing a point anymore,sadness,sadness,0.9865952730178833,True,correct
"its not about claiming its yours, its just about where it is from",neutral,neutral,0.717481791973114,True,correct
Rich is also a name,neutral,neutral,0.8953679203987122,True,correct
I really pity those unfree Cuban babies. It’s just sad.,sadness,sadness,0.9932109713554382,True,correct
Even worse.,anger,anger,0.9520690441131592,True,correct
"Damn, we need healthy PGs.",anger,joy,0.6658692359924316,False,anger → joy
Ik I’m crying rn,sadness,sadness,0.9785914421081543,True,correct
Completely valid point but [NAME] is better than anyone [NAME] had to work with.,joy,joy,0.9302383065223694,True,correct
FWIW this was also posted yesterday,joy,neutral,0.8311646580696106,False,joy → neutral
[NAME] had them a few months ago. Friend bought some for her sick dog.,joy,neutral,0.858439028263092,False,joy → neutral
oh c'mon - i wanna see you defend old testament slavery some more!!!,joy,joy,0.7945680618286133,True,correct
"Everyone's probs already said it, but lats and chest, legs are big quad energy. Keep up the good work",joy,joy,0.9601972699165344,True,correct
Of all 3 trilogies the Prequels pander the most to children. Even with its monotonous political banter.,neutral,neutral,0.46514272689819336,True,correct
Don't get insulted by it,joy,anger,0.5412642955780029,False,joy → anger
I agree! I loved him as [NAME] and I wish the writing had been better. He's amazing.,joy,joy,0.9808887839317322,True,correct
Is there any way to somebody can please translate the notes into doc form or something? I am having trouble viewing them :(,sadness,fear,0.5713173747062683,False,sadness → fear
"How do we know you're not a Mossad agent? I mean, not right now but, what if you joined in the future? /s",neutral,surprise,0.5816593766212463,False,neutral → surprise
Big and smooth as a marble.,neutral,neutral,0.803027331829071,True,correct
RantGrumps in a damn nutshell,neutral,anger,0.7889576554298401,False,neutral → anger
[NAME] might actually be able to pick her up and carry her without huffing and puffing now? 😳😓,neutral,surprise,0.5974762439727783,False,neutral → surprise
"It's my dream to one day have a completely black wardrobe. For now, I'm stuck with the clothes my mom picks out for me.",joy,joy,0.5448670983314514,True,correct
"Look I'm not saying that I agree with them, theres no need to be an asshole",anger,anger,0.9727208018302917,True,correct
Maybe you just enjoy the process of digging? Does it have to be somebody you’re attracted to or have you tried stalking a random person?,neutral,surprise,0.7103932499885559,False,neutral → surprise
"Gotta love these kids! When they do or say the cutest things like that, it really makes u melt....... Enjoy OP!!!",joy,love,0.7572387456893921,False,joy → love
Looking forward to seeing these people have their characters die in sudden and extravagant ways.,neutral,joy,0.538843035697937,False,neutral → joy
"INTP or not, that’s the universal language of interest, at least in my book.",neutral,neutral,0.6304923892021179,True,correct
"This... This is where my journey ends. I was not able to make it to the end, good luck future redditors!",sadness,sadness,0.8353001475334167,True,correct
People say 'confidence is attractive' which is definitely true. That doesn't mean that being arrogant or pretending to be confident is attractive.,joy,joy,0.6555418968200684,True,correct
"Please ask questions about moving to Denver in the Q&A sticky, thanks! Short answer: no",joy,joy,0.8418163061141968,True,correct
"I've heard how hard it is to get into nursing programs, congratulations!",joy,joy,0.9712518453598022,True,correct
If I had that I’d stop working and travel full time. I do not understand the avarice of the wealthy. It makes no fucking sense.,sadness,anger,0.9645378589630127,False,sadness → anger
I'd trust someone who is bound by regulation over [NAME] from Essex who blames immigrants cos he was fired for sleeping on the job,neutral,joy,0.5286315083503723,False,neutral → joy
I'm more interested in why there are goldfish in the picture...,joy,surprise,0.9311058521270752,False,joy → surprise
Man I know youre joking but they swept us and still got the better pick. Pretty lame.,anger,joy,0.3457609713077545,False,anger → joy
I don't think this happened at all tbh,anger,anger,0.9262877106666565,True,correct
I truly hope so,joy,joy,0.977891206741333,True,correct
"Very good advise, I did not realize this. I guess there is more risk in a lease than what I initially thought.",joy,joy,0.9744588732719421,True,correct
You think people want to marry me. Joke's on you homes.,joy,joy,0.5914404988288879,True,correct
Don’t you just hate when they deforest the Sahara desert?,neutral,anger,0.6582431793212891,False,neutral → anger
Wait a second what? The asshat found the story? Can someone teach me how to use the way back machine so i can read this?,fear,surprise,0.8241289258003235,False,fear → surprise
Tiny long whiny mewl. Hangry doesn’t happen for another 6 hours.,neutral,neutral,0.5672475099563599,True,correct
Why is [NAME] smile at the beginning the best part of this whole thing?!,surprise,surprise,0.673198401927948,True,correct
I fully agree. What works for one doesn't worth for another. Good luck.,joy,joy,0.9724711179733276,True,correct
I never even knew there were bullies in school unit I was out of school and read about bullies in school.,joy,joy,0.2976607382297516,True,correct
"Ohh, whoops. I still don’t agree but I see my mistake",anger,anger,0.5523287057876587,True,correct
"He’s such a little bitch, impossible to like",anger,anger,0.9776793122291565,True,correct
Don't see a W tonight. We need a miracle.,joy,sadness,0.48713579773902893,False,joy → sadness
The sea was angry that day my friends...,anger,anger,0.9426615834236145,True,correct
What a beauty,joy,joy,0.9801617860794067,True,correct
The other person was [NAME] on Hell's Kitchen. Shot herself in 2007.,neutral,neutral,0.6034058928489685,True,correct
"> the adventure starts in the year 776 Fuck, wait, really?",surprise,surprise,0.7937519550323486,True,correct
Incredibly frustrating.,anger,anger,0.971622884273529,True,correct
I too am a vaginal flap surrounded by useless flesh. Let us fly into the sunset and get raped.,neutral,anger,0.5699254870414734,False,neutral → anger
Enjoying Mummers. I'm from Philly. I kind of terrified as they just used Skyrim music....,joy,fear,0.6390471458435059,False,joy → fear
That's good eatin' mate.,joy,joy,0.9451765418052673,True,correct
Yeah imagine if he had been as efficient as the beginning of the season. We would have at least 2 more.,sadness,neutral,0.5424913763999939,False,sadness → neutral
"Bide your time, keep your eyes open, and build the reputation and relationship needed. The opportunity will come.",joy,joy,0.7356778979301453,True,correct
"Me, joining in everyone in the room saying it when she appears....",neutral,neutral,0.8966943621635437,True,correct
"Dammit, you know I proof read this and I thought it changed correctly but I guess it didn't.",fear,anger,0.5055838823318481,False,fear → anger
No it isn't. Not much than your OP. You just have nothing outside of your feelings.,neutral,anger,0.8929768800735474,False,neutral → anger
Sure dude. Although I’d say my rate at dispensing profound wisdom is lesser than the rate at which I can talk utter BS haha,joy,joy,0.8302286863327026,True,correct
I heard of people doing that in the dorms freshman year and hadn't thought of it since. People said it worked.,joy,neutral,0.6301256418228149,False,joy → neutral
I like it,love,love,0.9871625304222107,True,correct
Can't believe me and my family were gonna leave five minutes early to beat the traffic. Honestly the best game I've ever seen live,surprise,joy,0.7747246623039246,False,surprise → joy
"Now we just need to kill [NAME] if [NAME] wasn't saved to really even the odds with her, similarly to [NAME] with [NAME].",joy,neutral,0.8405932784080505,False,joy → neutral
I was forced into college and I wasted my gpa :(,sadness,sadness,0.989059567451477,True,correct
"4 5 everybody in the car, so come on let's ride!",neutral,neutral,0.761574387550354,True,correct
Ok. Good idea!,joy,joy,0.9859617352485657,True,correct
Hahaha so I’m no longer going to worry about it then lol,joy,joy,0.983630359172821,True,correct
Sorry I forgot you guys beat Pitt. Congrats on your 2 win season.,joy,sadness,0.48659032583236694,False,joy → sadness
"Sheet cake did *nothing* to you, man",neutral,anger,0.4972926676273346,False,neutral → anger
If this happens in my dream then I will get up and do this.,joy,joy,0.7506327033042908,True,correct
And now I'm hungry. Thanks.,joy,joy,0.9897454380989075,True,correct
I don't think playing with her hair would work. Thats just creepy.,anger,anger,0.9153332114219666,True,correct
"as a kpop stan and a army, i am very disappointed",sadness,sadness,0.9908851981163025,True,correct
"Yeah, and I don’t know why, it was totally out of character for me...",neutral,fear,0.9437512159347534,False,neutral → fear
what a psycho,anger,anger,0.7766903638839722,True,correct
This will be me a year from now. Not fair at all.,anger,anger,0.8854696154594421,True,correct
"I know, right?! I was literally in tears Saturday night 😪 It's only 3 years old!!",surprise,surprise,0.7896971106529236,True,correct
"They are children, they have no souls.",joy,sadness,0.6045835018157959,False,joy → sadness
I would love a game with either of these two!!! 2nd choice being Caracalla!,love,love,0.9898757338523865,True,correct
"That’s what I’m thinking too, so I may just go with the referral after all. Thanks again for the help!",joy,joy,0.9905341863632202,True,correct
The essay is optional.,neutral,neutral,0.7723752856254578,True,correct
My mom works for Nasa and apparently no. They gave them pamphlets with numbers for credit agencies and tips on getting loans lol. Its kinda awful.,joy,anger,0.6230944395065308,False,joy → anger
Waiting for both of these things is torture,neutral,anger,0.3736702799797058,False,neutral → anger
Easy just include [NAME] to continue to torment [NAME],neutral,neutral,0.5630038976669312,True,correct
Thanks. I was diagnosed with BP 1 after the hospitalization as well.,joy,joy,0.985848069190979,True,correct
Well that makes sense.,joy,joy,0.8030916452407837,True,correct
Daddy issues [NAME],neutral,neutral,0.9314272403717041,True,correct
So glad I discovered that subreddit a couple months ago. So good...,joy,joy,0.9905217885971069,True,correct
"Had to watch ""Elmo in Grouchland"" one time too many when my kids were little...musical Elmo / Oscar overdose...",neutral,neutral,0.7058308720588684,True,correct
